n,mac,max_leaf,pdeg,fp32_level,two_body_chunk,pair_chunk,backend,gpu,t,wall_s,far_ms,nsearch_ms,self2b_ms,nbody_ms,overall_near_ms,total_gpu_ms,near_pairs,peak_alloc_mb,peak_total_mb
1047968,0.8,1024,7,0,4000000,2000000,widebvh,NVIDIA GeForce RTX 4060 Laptop GPU,0.0,21.0202,16959.053,20.322,1251.638,2778.577,4053.42,21019.844,21166894.0,2579.99,
1047968,0.8,1024,7,0,4000000,2000000,widebvh,NVIDIA GeForce RTX 4060 Laptop GPU,0.01,21.5359,17410.959,23.483,1269.124,2817.462,4112.94,21531.096,21469806.0,2579.99,
1047968,0.8,1024,7,0,4000000,2000000,widebvh,NVIDIA GeForce RTX 4060 Laptop GPU,0.02,21.9332,17742.752,23.523,1290.634,2861.397,4178.439,21928.387,21835288.0,2579.99,
1047968,0.8,1024,7,0,4000000,2000000,widebvh,NVIDIA GeForce RTX 4060 Laptop GPU,0.03,21.9534,17725.199,23.551,1303.458,2886.302,4216.196,21948.592,22042136.0,2579.99,
1047968,0.8,1024,7,0,4000000,2000000,widebvh,NVIDIA GeForce RTX 4060 Laptop GPU,0.04,21.9074,17671.875,23.557,1304.802,2892.242,4223.486,21902.557,22085570.0,2579.99,
1047968,0.8,1024,7,0,4000000,2000000,widebvh,NVIDIA GeForce RTX 4060 Laptop GPU,0.05,21.7117,17646.637,23.527,1293.419,2733.21,4053.04,21706.863,21883826.0,2579.99,
1047968,0.8,1024,7,0,4000000,2000000,widebvh,NVIDIA GeForce RTX 4060 Laptop GPU,0.06,21.7532,17765.807,23.454,1109.025,2840.048,3975.408,21748.402,21663048.0,2579.99,
1047968,0.8,1024,7,0,4000000,2000000,widebvh,NVIDIA GeForce RTX 4060 Laptop GPU,0.07,21.4882,17367.25,23.412,1268.625,2814.055,4108.964,21483.41,21463420.0,2579.99,
1047968,0.8,1024,7,0,4000000,2000000,widebvh,NVIDIA GeForce RTX 4060 Laptop GPU,0.08,21.5455,17463.809,23.399,1255.704,2787.735,4069.71,21540.707,21241744.0,2579.99,
1047968,0.8,1024,7,0,4000000,2000000,widebvh,NVIDIA GeForce RTX 4060 Laptop GPU,0.09,21.7259,17671.285,23.401,1246.909,2769.431,4042.595,21721.072,21088898.0,2579.99,
1047968,0.8,1024,7,0,4000000,2000000,widebvh,NVIDIA GeForce RTX 4060 Laptop GPU,0.1,21.7145,17666.449,23.429,1244.421,2768.916,4039.629,21714.152,21056964.0,2579.99,
1047968,0.8,1024,7,0,4000000,2000000,widebvh,NVIDIA GeForce RTX 4060 Laptop GPU,0.11,21.8254,17762.873,23.365,1247.072,2777.251,4050.558,21820.621,21098588.0,2579.99,
1047968,0.8,1024,7,0,4000000,2000000,widebvh,NVIDIA GeForce RTX 4060 Laptop GPU,0.12,21.8134,17749.301,23.398,1251.098,2778.764,4053.941,21808.576,21163784.0,2579.99,
1047968,0.8,1024,7,0,4000000,2000000,widebvh,NVIDIA GeForce RTX 4060 Laptop GPU,0.13,21.8596,17918.111,23.385,1254.305,2655.271,3935.823,21858.965,21214344.0,2579.99,
1047968,0.8,1024,7,0,4000000,2000000,widebvh,NVIDIA GeForce RTX 4060 Laptop GPU,0.14,22.0301,17956.9,23.267,1248.453,2786.72,4061.306,22025.389,21223826.0,2579.99,
1047968,0.8,1024,7,0,4000000,2000000,widebvh,NVIDIA GeForce RTX 4060 Laptop GPU,0.15,21.9551,17873.84,23.358,1255.315,2787.705,4069.272,21950.303,21201458.0,2579.99,
1047968,0.8,1024,7,0,4000000,2000000,widebvh,NVIDIA GeForce RTX 4060 Laptop GPU,0.16,22.1756,18107.295,23.326,1251.111,2779.026,4056.319,22170.805,21147024.0,2579.99,
1047968,0.8,1024,7,0,4000000,2000000,widebvh,NVIDIA GeForce RTX 4060 Laptop GPU,0.17,22.1484,18099.842,23.343,1245.846,2764.533,4036.587,22143.619,21049556.0,2579.99,
1047968,0.8,1024,7,0,4000000,2000000,widebvh,NVIDIA GeForce RTX 4060 Laptop GPU,0.18,22.2193,18199.189,23.242,1237.692,2744.283,4008.07,22214.445,20911454.0,2579.99,
1047968,0.8,1024,7,0,4000000,2000000,widebvh,NVIDIA GeForce RTX 4060 Laptop GPU,0.19,21.2439,17393.795,16.531,1140.019,2678.622,3838.089,21239.137,20747946.0,2579.99,
1047968,0.8,1024,7,0,4000000,2000000,widebvh,NVIDIA GeForce RTX 4060 Laptop GPU,0.2,23.0057,19180.916,24.031,1088.373,2701.67,3816.951,23005.328,20568016.0,2579.99,
1047968,0.8,1024,7,0,4000000,2000000,widebvh,NVIDIA GeForce RTX 4060 Laptop GPU,0.21,22.0015,18072.197,20.916,1207.215,2686.374,3917.35,21996.73,20385252.0,2579.99,
1047968,0.8,1024,7,0,4000000,2000000,widebvh,NVIDIA GeForce RTX 4060 Laptop GPU,0.22,22.1864,18293.002,20.892,1197.473,2660.14,3881.345,22181.529,20206874.0,2579.99,
1047968,0.8,1024,7,0,4000000,2000000,widebvh,NVIDIA GeForce RTX 4060 Laptop GPU,0.23,21.9522,18093.301,20.844,1185.792,2637.427,3846.905,21947.391,20036090.0,2579.99,
1047968,0.8,1024,7,0,4000000,2000000,widebvh,NVIDIA GeForce RTX 4060 Laptop GPU,0.24,21.9511,18123.428,20.905,1176.194,2615.669,3815.603,21946.219,19874720.0,2579.99,
1047968,0.8,1024,7,0,4000000,2000000,widebvh,NVIDIA GeForce RTX 4060 Laptop GPU,0.25,21.9258,18127.492,20.853,1167.532,2595.037,3786.257,21920.945,19727550.0,2579.99,
1047968,0.8,1024,7,0,4000000,2000000,widebvh,NVIDIA GeForce RTX 4060 Laptop GPU,0.26,22.0716,18298.08,20.834,1159.301,2578.534,3761.502,22066.771,19596556.0,2579.99,
1047968,0.8,1024,7,0,4000000,2000000,widebvh,NVIDIA GeForce RTX 4060 Laptop GPU,0.27,22.2012,18450.865,20.724,1153.655,2561.121,3738.316,22196.373,19489908.0,2579.99,
1047968,0.8,1024,7,0,4000000,2000000,widebvh,NVIDIA GeForce RTX 4060 Laptop GPU,0.28,22.3378,18600.625,20.741,1149.365,2552.191,3725.118,22332.938,19411276.0,2579.99,
1047968,0.8,1024,7,0,4000000,2000000,widebvh,NVIDIA GeForce RTX 4060 Laptop GPU,0.29,22.1944,18599.166,20.719,1145.643,2414.063,3583.24,22189.6,19373298.0,2579.99,
1047968,0.8,1024,7,0,4000000,2000000,widebvh,NVIDIA GeForce RTX 4060 Laptop GPU,0.3,22.3542,18628.668,20.698,1146.757,2547.296,3717.472,22353.508,19378798.0,2579.99,
1047968,0.8,1024,7,0,4000000,2000000,widebvh,NVIDIA GeForce RTX 4060 Laptop GPU,0.31,22.3227,18588.492,20.694,1149.396,2548.763,3721.571,22317.25,19414114.0,2579.99,
1047968,0.8,1024,7,0,4000000,2000000,widebvh,NVIDIA GeForce RTX 4060 Laptop GPU,0.32,22.3137,18571.441,20.693,1150.823,2555.401,3729.637,22308.27,19461530.0,2579.99,
1047968,0.8,1024,7,0,4000000,2000000,widebvh,NVIDIA GeForce RTX 4060 Laptop GPU,0.33,22.456,18700.734,20.675,1154.472,2564.85,3742.721,22450.646,19515158.0,2579.99,
1047968,0.8,1024,7,0,4000000,2000000,widebvh,NVIDIA GeForce RTX 4060 Laptop GPU,0.34,22.5359,18771.861,20.694,1158.486,2569.551,3751.463,22530.518,19572124.0,2579.99,
1047968,0.8,1024,7,0,4000000,2000000,widebvh,NVIDIA GeForce RTX 4060 Laptop GPU,0.35,22.3398,18713.029,20.713,1071.756,2519.026,3614.229,22334.449,19631852.0,2579.99,
1047968,0.8,1024,7,0,4000000,2000000,widebvh,NVIDIA GeForce RTX 4060 Laptop GPU,0.36,22.5181,18736.912,20.713,1163.602,2581.658,3768.722,22512.816,19690286.0,2579.99,
1047968,0.8,1024,7,0,4000000,2000000,widebvh,NVIDIA GeForce RTX 4060 Laptop GPU,0.37,22.198,18404.43,20.72,1168.016,2589.583,3781.074,22192.689,19753258.0,2579.99,
1047968,0.8,1024,7,0,4000000,2000000,widebvh,NVIDIA GeForce RTX 4060 Laptop GPU,0.38,22.0982,18287.873,20.721,1172.12,2602.233,3797.833,22092.895,19821532.0,2579.99,
1047968,0.8,1024,7,0,4000000,2000000,widebvh,NVIDIA GeForce RTX 4060 Laptop GPU,0.39,22.1356,18315.662,20.722,1176.108,2607.927,3807.509,22130.355,19885968.0,2579.99,
1047968,0.8,1024,7,0,4000000,2000000,widebvh,NVIDIA GeForce RTX 4060 Laptop GPU,0.4,22.1941,18489.52,20.728,1179.649,2491.982,3695.135,22193.283,19943132.0,2579.99,
1047968,0.8,1024,7,0,4000000,2000000,widebvh,NVIDIA GeForce RTX 4060 Laptop GPU,0.41,22.2957,18624.213,20.718,1015.733,2619.91,3659.129,22290.514,19996780.0,2579.99,
1047968,0.8,1024,7,0,4000000,2000000,widebvh,NVIDIA GeForce RTX 4060 Laptop GPU,0.42,22.3932,18545.994,20.742,1185.588,2625.685,3834.795,22387.975,20047432.0,2579.99,
1047968,0.8,1024,7,0,4000000,2000000,widebvh,NVIDIA GeForce RTX 4060 Laptop GPU,0.43,22.2415,18663.73,10.249,1074.436,2482.017,3567.417,22236.33,20089516.0,2579.99,
1047968,0.8,1024,7,0,4000000,2000000,widebvh,NVIDIA GeForce RTX 4060 Laptop GPU,0.44,19.1504,17037.959,7.772,604.274,1491.336,2104.089,19145.211,20126120.0,2579.99,
1047968,0.8,1024,7,0,4000000,2000000,widebvh,NVIDIA GeForce RTX 4060 Laptop GPU,0.45,11.1438,9032.307,7.775,603.617,1497.834,2109.922,11143.228,20161524.0,2579.99,
1047968,0.8,1024,7,0,4000000,2000000,widebvh,NVIDIA GeForce RTX 4060 Laptop GPU,0.46,11.0546,8947.944,7.687,606.217,1490.426,2105.023,11053.991,20189114.0,2579.99,
1047968,0.8,1024,7,0,4000000,2000000,widebvh,NVIDIA GeForce RTX 4060 Laptop GPU,0.47,11.0175,8901.652,7.749,606.854,1498.444,2113.748,11016.901,20207536.0,2579.99,
1047968,0.8,1024,7,0,4000000,2000000,widebvh,NVIDIA GeForce RTX 4060 Laptop GPU,0.48,11.0369,8923.08,7.798,606.116,1497.657,2112.269,11036.306,20218340.0,2579.99,
1047968,0.8,1024,7,0,4000000,2000000,widebvh,NVIDIA GeForce RTX 4060 Laptop GPU,0.49,11.0247,8909.541,7.742,607.253,1497.983,2113.674,11024.153,20220790.0,2579.99,
1047968,0.8,1024,7,0,4000000,2000000,widebvh,NVIDIA GeForce RTX 4060 Laptop GPU,0.5,11.1023,8992.548,7.771,606.488,1493.262,2108.23,11101.904,20222564.0,2579.99,
1047968,0.8,1024,7,0,4000000,2000000,widebvh,NVIDIA GeForce RTX 4060 Laptop GPU,0.51,10.9492,8841.108,7.789,605.613,1492.48,2106.578,10948.664,20219850.0,2579.99,
1047968,0.8,1024,7,0,4000000,2000000,widebvh,NVIDIA GeForce RTX 4060 Laptop GPU,0.52,10.897,8786.944,7.782,606.033,1494.074,2108.588,10896.499,20214220.0,2579.99,
1047968,0.8,1024,7,0,4000000,2000000,widebvh,NVIDIA GeForce RTX 4060 Laptop GPU,0.53,10.8732,8765.7,7.767,605.437,1492.116,2106.019,10872.687,20200930.0,2579.99,
1047968,0.8,1024,7,0,4000000,2000000,widebvh,NVIDIA GeForce RTX 4060 Laptop GPU,0.54,10.98,8873.129,7.889,604.623,1492.156,2105.369,10979.457,20183976.0,2579.99,
1047968,0.8,1024,7,0,4000000,2000000,widebvh,NVIDIA GeForce RTX 4060 Laptop GPU,0.55,11.155,9051.877,7.87,605.058,1487.957,2101.573,11154.436,20165314.0,2579.99,
1047968,0.8,1024,7,0,4000000,2000000,widebvh,NVIDIA GeForce RTX 4060 Laptop GPU,0.56,11.1728,9071.777,7.903,603.457,1487.556,2099.603,11172.277,20143238.0,2579.99,
1047968,0.8,1024,7,0,4000000,2000000,widebvh,NVIDIA GeForce RTX 4060 Laptop GPU,0.57,11.164,9064.906,7.92,602.734,1484.526,2095.871,11163.51,20118878.0,2579.99,
1047968,0.8,1024,7,0,4000000,2000000,widebvh,NVIDIA GeForce RTX 4060 Laptop GPU,0.58,11.1713,9076.327,7.958,602.905,1481.833,2093.393,11170.727,20090208.0,2579.99,
1047968,0.8,1024,7,0,4000000,2000000,widebvh,NVIDIA GeForce RTX 4060 Laptop GPU,0.59,11.1659,9071.316,7.967,599.956,1484.407,2093.028,11165.343,20065758.0,2579.99,
1047968,0.8,1024,7,0,4000000,2000000,widebvh,NVIDIA GeForce RTX 4060 Laptop GPU,0.6,11.1659,9077.29,8.061,600.106,1478.211,2087.07,11165.46,20045372.0,2579.99,
1047968,0.8,1024,7,0,4000000,2000000,widebvh,NVIDIA GeForce RTX 4060 Laptop GPU,0.61,11.1446,9061.35,8.034,599.48,1473.556,2081.755,11144.068,20024102.0,2579.99,
1047968,0.8,1024,7,0,4000000,2000000,widebvh,NVIDIA GeForce RTX 4060 Laptop GPU,0.62,11.0958,9007.455,8.076,598.853,1479.215,2086.84,11095.252,19999398.0,2579.99,
1047968,0.8,1024,7,0,4000000,2000000,widebvh,NVIDIA GeForce RTX 4060 Laptop GPU,0.63,11.1032,9025.546,8.083,597.257,1470.114,2076.144,11102.654,19969136.0,2579.99,
1047968,0.8,1024,7,0,4000000,2000000,widebvh,NVIDIA GeForce RTX 4060 Laptop GPU,0.64,11.1602,9081.963,8.203,596.996,1470.804,2076.695,11159.625,19941838.0,2579.99,
1047968,0.8,1024,7,0,4000000,2000000,widebvh,NVIDIA GeForce RTX 4060 Laptop GPU,0.65,11.2356,9162.029,8.147,596.172,1467.043,2072.056,11235.038,19914028.0,2579.99,
1047968,0.8,1024,7,0,4000000,2000000,widebvh,NVIDIA GeForce RTX 4060 Laptop GPU,0.66,11.2628,9185.81,8.143,594.367,1472.352,2075.543,11262.3,19886056.0,2579.99,
1047968,0.8,1024,7,0,4000000,2000000,widebvh,NVIDIA GeForce RTX 4060 Laptop GPU,0.67,11.2983,9232.12,8.166,594.484,1461.411,2064.753,11297.828,19862584.0,2579.99,
1047968,0.8,1024,7,0,4000000,2000000,widebvh,NVIDIA GeForce RTX 4060 Laptop GPU,0.68,11.2732,9209.288,8.184,591.748,1461.806,2062.428,11272.647,19833116.0,2579.99,
1047968,0.8,1024,7,0,4000000,2000000,widebvh,NVIDIA GeForce RTX 4060 Laptop GPU,0.69,11.2284,9163.907,8.189,591.335,1462.274,2062.481,11227.831,19793966.0,2579.99,
1047968,0.8,1024,7,0,4000000,2000000,widebvh,NVIDIA GeForce RTX 4060 Laptop GPU,0.7,11.3108,9253.291,8.593,590.796,1455.94,2056.047,11310.404,19751394.0,2579.99,
1047968,0.8,1024,7,0,4000000,2000000,widebvh,NVIDIA GeForce RTX 4060 Laptop GPU,0.71,11.3012,9248.018,8.257,589.39,1453.359,2051.71,11300.673,19713050.0,2579.99,
1047968,0.8,1024,7,0,4000000,2000000,widebvh,NVIDIA GeForce RTX 4060 Laptop GPU,0.72,11.3274,9277.084,8.3,588.327,1451.577,2048.892,11326.91,19684212.0,2579.99,
1047968,0.8,1024,7,0,4000000,2000000,widebvh,NVIDIA GeForce RTX 4060 Laptop GPU,0.73,11.4135,9367.926,8.349,588.334,1446.752,2044.139,11413.006,19665988.0,2579.99,
1047968,0.8,1024,7,0,4000000,2000000,widebvh,NVIDIA GeForce RTX 4060 Laptop GPU,0.74,11.4575,9408.769,8.314,588.023,1450.223,2047.26,11456.978,19655830.0,2579.99,
1047968,0.8,1024,7,0,4000000,2000000,widebvh,NVIDIA GeForce RTX 4060 Laptop GPU,0.75,11.3981,9350.408,8.335,587.956,1449.191,2046.17,11397.541,19655888.0,2579.99,
1047968,0.8,1024,7,0,4000000,2000000,widebvh,NVIDIA GeForce RTX 4060 Laptop GPU,0.76,11.4886,9438.123,8.384,587.777,1452.176,2049.052,11488.135,19665394.0,2579.99,
1047968,0.8,1024,7,0,4000000,2000000,widebvh,NVIDIA GeForce RTX 4060 Laptop GPU,0.77,11.4445,9394.489,8.394,588.933,1450.478,2048.507,11443.965,19676646.0,2579.99,
1047968,0.8,1024,7,0,4000000,2000000,widebvh,NVIDIA GeForce RTX 4060 Laptop GPU,0.78,11.3823,9331.233,8.381,588.778,1451.821,2049.677,11381.826,19689614.0,2579.99,
1047968,0.8,1024,7,0,4000000,2000000,widebvh,NVIDIA GeForce RTX 4060 Laptop GPU,0.79,11.4518,9398.867,8.471,588.979,1453.336,2051.5,11451.334,19701628.0,2579.99,
1047968,0.8,1024,7,0,4000000,2000000,widebvh,NVIDIA GeForce RTX 4060 Laptop GPU,0.8,11.5096,9456.998,8.638,588.882,1452.994,2051.209,11509.27,19710412.0,2579.99,
1047968,0.8,1024,7,0,4000000,2000000,widebvh,NVIDIA GeForce RTX 4060 Laptop GPU,0.81,11.5047,9455.797,8.428,589.249,1449.132,2047.506,11504.242,19718016.0,2579.99,
1047968,0.8,1024,7,0,4000000,2000000,widebvh,NVIDIA GeForce RTX 4060 Laptop GPU,0.82,11.4717,9418.254,8.458,588.967,1453.868,2052.001,11471.206,19720652.0,2579.99,
1047968,0.8,1024,7,0,4000000,2000000,widebvh,NVIDIA GeForce RTX 4060 Laptop GPU,0.83,11.4891,9436.815,8.498,590.489,1451.109,2050.799,11488.576,19719746.0,2579.99,
1047968,0.8,1024,7,0,4000000,2000000,widebvh,NVIDIA GeForce RTX 4060 Laptop GPU,0.84,11.4344,9383.234,8.557,590.073,1450.362,2049.7,11433.914,19715362.0,2579.99,
1047968,0.8,1024,7,0,4000000,2000000,widebvh,NVIDIA GeForce RTX 4060 Laptop GPU,0.85,11.4307,9371.029,8.582,590.25,1458.624,2058.162,11430.218,19712260.0,2579.99,
1047968,0.8,1024,7,0,4000000,2000000,widebvh,NVIDIA GeForce RTX 4060 Laptop GPU,0.86,11.5057,9443.989,8.502,590.957,1460.089,2060.242,11505.231,19708216.0,2579.99,
1047968,0.8,1024,7,0,4000000,2000000,widebvh,NVIDIA GeForce RTX 4060 Laptop GPU,0.87,11.7326,9673.444,8.618,589.677,1458.599,2057.603,11732.044,19702866.0,2579.99,
1047968,0.8,1024,7,0,4000000,2000000,widebvh,NVIDIA GeForce RTX 4060 Laptop GPU,0.88,11.1853,9125.984,8.608,584.781,1463.77,2057.865,11184.788,19695012.0,2579.99,
1047968,0.8,1024,7,0,4000000,2000000,widebvh,NVIDIA GeForce RTX 4060 Laptop GPU,0.89,11.2088,9145.455,8.583,589.483,1463.113,2061.876,11208.311,19691184.0,2579.99,
1047968,0.8,1024,7,0,4000000,2000000,widebvh,NVIDIA GeForce RTX 4060 Laptop GPU,0.9,11.2636,9202.808,8.641,589.903,1460.061,2059.304,11263.179,19687192.0,2579.99,
1047968,0.8,1024,7,0,4000000,2000000,widebvh,NVIDIA GeForce RTX 4060 Laptop GPU,0.91,11.299,9239.223,8.629,589.44,1459.495,2058.259,11298.478,19682944.0,2579.99,
1047968,0.8,1024,7,0,4000000,2000000,widebvh,NVIDIA GeForce RTX 4060 Laptop GPU,0.92,11.2976,9240.46,8.608,589.269,1457.16,2055.729,11297.152,19677278.0,2579.99,
1047968,0.8,1024,7,0,4000000,2000000,widebvh,NVIDIA GeForce RTX 4060 Laptop GPU,0.93,11.2353,9174.531,8.646,590.12,1459.811,2059.268,11234.807,19669690.0,2579.99,
1047968,0.8,1024,7,0,4000000,2000000,widebvh,NVIDIA GeForce RTX 4060 Laptop GPU,0.94,11.3105,9251.49,8.647,585.535,1462.257,2057.178,11309.932,19664074.0,2579.99,
1047968,0.8,1024,7,0,4000000,2000000,widebvh,NVIDIA GeForce RTX 4060 Laptop GPU,0.95,11.3538,9296.964,8.696,585.738,1460.16,2055.309,11353.284,19658624.0,2579.99,
1047968,0.8,1024,7,0,4000000,2000000,widebvh,NVIDIA GeForce RTX 4060 Laptop GPU,0.96,11.4193,9362.271,8.689,589.422,1456.698,2055.519,11418.778,19655236.0,2579.99,
1047968,0.8,1024,7,0,4000000,2000000,widebvh,NVIDIA GeForce RTX 4060 Laptop GPU,0.97,11.3986,9346.022,8.824,587.609,1453.933,2051.095,11398.138,19652356.0,2579.99,
1047968,0.8,1024,7,0,4000000,2000000,widebvh,NVIDIA GeForce RTX 4060 Laptop GPU,0.98,11.2794,9226.288,8.719,586.871,1455.337,2051.645,11278.916,19651554.0,2579.99,
1047968,0.8,1024,7,0,4000000,2000000,widebvh,NVIDIA GeForce RTX 4060 Laptop GPU,0.99,11.3733,9315.794,8.698,584.07,1462.435,2055.922,11372.775,19649688.0,2579.99,
