exp,op,phi,mean,std,n,metric
fig4,M_mom_v2_kinf_rc8_pc8c_diag,0.025,1.8608,0.30787,10,prmse_lin
fig4,M_mom_v2_kinf_rc8_pc8c_diag,0.05,2.8373,0.34218,10,prmse_lin
fig4,M_mom_v2_kinf_rc8_pc8c_diag,0.075,3.8508,0.74842,10,prmse_lin
fig4,M_mom_v2_kinf_rc8_pc8c_diag,0.1,4.4352,1.051,10,prmse_lin
fig4,M_mom_v2_kinf_rc8_pc8c_diag,0.125,5.8588,1.3603,10,prmse_lin
fig4,M_mom_v2_kinf_rc8_pc8c_diag,0.15,6.3679,1.7135,10,prmse_lin
fig4,M_mom_v2_kinf_rc8_pc8c_diag,0.175,9.1648,2.7849,10,prmse_lin
fig4,M_mom_v2_kinf_rc8_pc8c_diag,0.2,8.1911,2.7748,10,prmse_lin
fig4,M_mom_v2_kinf_rc8_pc8c_fts_diag,0.025,0.73817,0.15695,10,prmse_lin
fig4,M_mom_v2_kinf_rc8_pc8c_fts_diag,0.05,0.83089,0.064285,10,prmse_lin
fig4,M_mom_v2_kinf_rc8_pc8c_fts_diag,0.075,1.2806,0.25096,10,prmse_lin
fig4,M_mom_v2_kinf_rc8_pc8c_fts_diag,0.1,1.5495,0.26714,10,prmse_lin
fig4,M_mom_v2_kinf_rc8_pc8c_fts_diag,0.125,2.2883,0.59526,10,prmse_lin
fig4,M_mom_v2_kinf_rc8_pc8c_fts_diag,0.15,2.4873,0.56617,10,prmse_lin
fig4,M_mom_v2_kinf_rc8_pc8c_fts_diag,0.175,3.3369,0.83524,10,prmse_lin
fig4,M_mom_v2_kinf_rc8_pc8c_fts_diag,0.2,3.4933,1.222,10,prmse_lin
fig4,M_rpy,0.025,4.7693,0.78967,10,prmse_lin
fig4,M_rpy,0.05,6.9866,0.63052,10,prmse_lin
fig4,M_rpy,0.075,10.441,2.129,10,prmse_lin
fig4,M_rpy,0.1,12.594,2.2663,10,prmse_lin
fig4,M_rpy,0.125,17.482,3.7606,10,prmse_lin
fig4,M_rpy,0.15,19.062,4.8305,10,prmse_lin
fig4,M_rpy,0.175,25.924,6.5147,10,prmse_lin
fig4,M_rpy,0.2,24.503,7.915,10,prmse_lin
fig4,SD,0.025,1.4934,0.32596,10,prmse_lin
fig4,SD,0.05,3.5207,0.63505,10,prmse_lin
fig4,SD,0.075,6.5487,1.6589,10,prmse_lin
fig4,SD,0.1,9.3954,0.81803,10,prmse_lin
fig4,SD,0.125,11.135,1.695,10,prmse_lin
fig4,SD,0.15,14.747,3.0092,10,prmse_lin
fig4,SD,0.175,16.336,3.6812,10,prmse_lin
fig4,SD,0.2,19.883,3.9099,10,prmse_lin
fig4,SD_Minf,0.025,1.4408,0.28405,10,prmse_lin
fig4,SD_Minf,0.05,1.6064,0.12772,10,prmse_lin
fig4,SD_Minf,0.075,2.1915,0.58495,10,prmse_lin
fig4,SD_Minf,0.1,2.5852,0.40664,10,prmse_lin
fig4,SD_Minf,0.125,3.6267,0.95286,10,prmse_lin
fig4,SD_Minf,0.15,3.9009,0.96991,10,prmse_lin
fig4,SD_Minf,0.175,5.2419,1.1929,10,prmse_lin
fig4,SD_Minf,0.2,5.4878,1.8979,10,prmse_lin
fig4g,M_mom_v2_kinf_rc8_pc8c_diag,0.025,0.65784,0.046409,10,prmse_lin
fig4g,M_mom_v2_kinf_rc8_pc8c_diag,0.05,1.0834,0.072737,10,prmse_lin
fig4g,M_mom_v2_kinf_rc8_pc8c_diag,0.075,1.5029,0.088334,10,prmse_lin
fig4g,M_mom_v2_kinf_rc8_pc8c_diag,0.1,1.7253,0.061224,10,prmse_lin
fig4g,M_mom_v2_kinf_rc8_pc8c_diag,0.125,2.1147,0.079948,10,prmse_lin
fig4g,M_mom_v2_kinf_rc8_pc8c_diag,0.15,2.4273,0.13431,10,prmse_lin
fig4g,M_mom_v2_kinf_rc8_pc8c_diag,0.175,2.7395,0.12097,10,prmse_lin
fig4g,M_mom_v2_kinf_rc8_pc8c_diag,0.2,3.1909,0.15435,10,prmse_lin
fig4g,M_mom_v2_kinf_rc8_pc8c_fts_diag,0.025,0.10279,0.016662,10,prmse_lin
fig4g,M_mom_v2_kinf_rc8_pc8c_fts_diag,0.05,0.16802,0.021826,10,prmse_lin
fig4g,M_mom_v2_kinf_rc8_pc8c_fts_diag,0.075,0.2432,0.013658,10,prmse_lin
fig4g,M_mom_v2_kinf_rc8_pc8c_fts_diag,0.1,0.30727,0.025262,10,prmse_lin
fig4g,M_mom_v2_kinf_rc8_pc8c_fts_diag,0.125,0.36565,0.016343,10,prmse_lin
fig4g,M_mom_v2_kinf_rc8_pc8c_fts_diag,0.15,0.44988,0.02499,10,prmse_lin
fig4g,M_mom_v2_kinf_rc8_pc8c_fts_diag,0.175,0.51283,0.018507,10,prmse_lin
fig4g,M_mom_v2_kinf_rc8_pc8c_fts_diag,0.2,0.57292,0.043093,10,prmse_lin
fig4g,M_rpy,0.025,1.127,0.072325,10,prmse_lin
fig4g,M_rpy,0.05,2.0734,0.085193,10,prmse_lin
fig4g,M_rpy,0.075,3.2129,0.11738,10,prmse_lin
fig4g,M_rpy,0.1,4.0163,0.15805,10,prmse_lin
fig4g,M_rpy,0.125,5.0784,0.14691,10,prmse_lin
fig4g,M_rpy,0.15,5.9651,0.14514,10,prmse_lin
fig4g,M_rpy,0.175,6.8526,0.19664,10,prmse_lin
fig4g,M_rpy,0.2,7.7353,0.25853,10,prmse_lin
fig4g,SD,0.025,2.158,0.22326,10,prmse_lin
fig4g,SD,0.05,4.8815,0.34785,10,prmse_lin
fig4g,SD,0.075,8.8105,0.25762,10,prmse_lin
fig4g,SD,0.1,11.872,0.48945,10,prmse_lin
fig4g,SD,0.125,15.254,0.3934,10,prmse_lin
fig4g,SD,0.15,18.913,0.37563,10,prmse_lin
fig4g,SD,0.175,22.127,0.46622,10,prmse_lin
fig4g,SD,0.2,25.178,0.42832,10,prmse_lin
fig4g,SD_Minf,0.025,0.075859,0.0090076,10,prmse_lin
fig4g,SD_Minf,0.05,0.13269,0.020987,10,prmse_lin
fig4g,SD_Minf,0.075,0.21389,0.016079,10,prmse_lin
fig4g,SD_Minf,0.1,0.27268,0.024412,10,prmse_lin
fig4g,SD_Minf,0.125,0.36777,0.022183,10,prmse_lin
fig4g,SD_Minf,0.15,0.50126,0.033368,10,prmse_lin
fig4g,SD_Minf,0.175,0.6198,0.04669,10,prmse_lin
fig4g,SD_Minf,0.2,0.76873,0.054092,10,prmse_lin
fig4,M_mom_v2_kinf_rc8_pc8c_fts_diag,0.025,0.88941,0.14488,10,prmse_fluct
fig4,M_mom_v2_kinf_rc8_pc8c_fts_diag,0.05,1.2077,0.21258,10,prmse_fluct
fig4,M_mom_v2_kinf_rc8_pc8c_fts_diag,0.075,1.9311,0.39395,10,prmse_fluct
fig4,M_mom_v2_kinf_rc8_pc8c_fts_diag,0.1,2.545,0.22733,10,prmse_fluct
fig4,M_mom_v2_kinf_rc8_pc8c_fts_diag,0.125,3.3325,0.34328,10,prmse_fluct
fig4,M_mom_v2_kinf_rc8_pc8c_fts_diag,0.15,4.0464,0.39758,10,prmse_fluct
fig4,M_mom_v2_kinf_rc8_pc8c_fts_diag,0.175,4.9337,0.43069,10,prmse_fluct
fig4,M_mom_v2_kinf_rc8_pc8c_fts_diag,0.2,6.0847,0.74634,10,prmse_fluct
fig4,SD,0.025,0.87418,0.17056,10,prmse_fluct
fig4,SD,0.05,1.4571,0.25753,10,prmse_fluct
fig4,SD,0.075,3.0483,0.63437,10,prmse_fluct
fig4,SD,0.1,3.7599,0.69726,10,prmse_fluct
fig4,SD,0.125,4.5746,0.97741,10,prmse_fluct
fig4,SD,0.15,6.5379,0.94066,10,prmse_fluct
fig4,SD,0.175,6.9312,1.3268,10,prmse_fluct
fig4,SD,0.2,8.5863,1.9573,10,prmse_fluct
fig4,SD_Minf,0.025,1.8078,0.27929,10,prmse_fluct
fig4,SD_Minf,0.05,2.3316,0.28974,10,prmse_fluct
fig4,SD_Minf,0.075,3.2632,0.47274,10,prmse_fluct
fig4,SD_Minf,0.1,4.2829,0.33396,10,prmse_fluct
fig4,SD_Minf,0.125,5.3478,0.59067,10,prmse_fluct
fig4,SD_Minf,0.15,6.3468,0.57383,10,prmse_fluct
fig4,SD_Minf,0.175,7.8859,0.56066,10,prmse_fluct
fig4,SD_Minf,0.2,9.6124,1.0775,10,prmse_fluct
fig4g,M_mom_v2_kinf_rc8_pc8c_diag,0.025,3.9292,0.21917,10,prmse_fluct
fig4g,M_mom_v2_kinf_rc8_pc8c_diag,0.05,7.0581,0.39958,10,prmse_fluct
fig4g,M_mom_v2_kinf_rc8_pc8c_diag,0.075,10.422,0.58041,10,prmse_fluct
fig4g,M_mom_v2_kinf_rc8_pc8c_diag,0.1,13.128,0.59133,10,prmse_fluct
fig4g,M_mom_v2_kinf_rc8_pc8c_diag,0.125,16.292,0.90122,10,prmse_fluct
fig4g,M_mom_v2_kinf_rc8_pc8c_diag,0.15,20.199,1.2818,10,prmse_fluct
fig4g,M_mom_v2_kinf_rc8_pc8c_diag,0.175,23.59,1.3022,10,prmse_fluct
fig4g,M_mom_v2_kinf_rc8_pc8c_diag,0.2,29.279,1.5612,10,prmse_fluct
fig4g,M_mom_v2_kinf_rc8_pc8c_fts_diag,0.025,0.72374,0.11227,10,prmse_fluct
fig4g,M_mom_v2_kinf_rc8_pc8c_fts_diag,0.05,1.2307,0.1637,10,prmse_fluct
fig4g,M_mom_v2_kinf_rc8_pc8c_fts_diag,0.075,1.8345,0.1086,10,prmse_fluct
fig4g,M_mom_v2_kinf_rc8_pc8c_fts_diag,0.1,2.4622,0.20029,10,prmse_fluct
fig4g,M_mom_v2_kinf_rc8_pc8c_fts_diag,0.125,2.9581,0.16321,10,prmse_fluct
fig4g,M_mom_v2_kinf_rc8_pc8c_fts_diag,0.15,3.9131,0.29026,10,prmse_fluct
fig4g,M_mom_v2_kinf_rc8_pc8c_fts_diag,0.175,4.5577,0.28401,10,prmse_fluct
fig4g,M_mom_v2_kinf_rc8_pc8c_fts_diag,0.2,5.4974,0.43329,10,prmse_fluct
fig4g,M_rpy,0.025,5.3625,0.28871,10,prmse_fluct
fig4g,M_rpy,0.05,10.116,0.39611,10,prmse_fluct
fig4g,M_rpy,0.075,16.144,0.61836,10,prmse_fluct
fig4g,M_rpy,0.1,21.217,0.61831,10,prmse_fluct
fig4g,M_rpy,0.125,27.558,0.56929,10,prmse_fluct
fig4g,M_rpy,0.15,34.174,1.2029,10,prmse_fluct
fig4g,M_rpy,0.175,40.475,1.5267,10,prmse_fluct
fig4g,M_rpy,0.2,48.426,1.6919,10,prmse_fluct
fig4g,SD,0.025,3.6405,0.36178,10,prmse_fluct
fig4g,SD,0.05,7.0681,0.65814,10,prmse_fluct
fig4g,SD,0.075,12.394,0.54931,10,prmse_fluct
fig4g,SD,0.1,16.216,1.0722,10,prmse_fluct
fig4g,SD,0.125,20.812,1.0708,10,prmse_fluct
fig4g,SD,0.15,25.205,0.65586,10,prmse_fluct
fig4g,SD,0.175,29.525,0.8078,10,prmse_fluct
fig4g,SD,0.2,33.191,0.78467,10,prmse_fluct
fig4g,SD_Minf,0.025,0.48157,0.056162,10,prmse_fluct
fig4g,SD_Minf,0.05,0.85942,0.1507,10,prmse_fluct
fig4g,SD_Minf,0.075,1.3785,0.11836,10,prmse_fluct
fig4g,SD_Minf,0.1,1.8336,0.17047,10,prmse_fluct
fig4g,SD_Minf,0.125,2.445,0.1555,10,prmse_fluct
fig4g,SD_Minf,0.15,3.465,0.26587,10,prmse_fluct
fig4g,SD_Minf,0.175,4.3567,0.38624,10,prmse_fluct
fig4g,SD_Minf,0.2,5.6547,0.38246,10,prmse_fluct
fig4,M_mom_v2_kinf_rc8_pc8c_diag,0.025,1.0352,0.1103,10,prmse_ang
fig4,M_mom_v2_kinf_rc8_pc8c_diag,0.05,1.693,0.16079,10,prmse_ang
fig4,M_mom_v2_kinf_rc8_pc8c_diag,0.075,2.6682,0.17189,10,prmse_ang
fig4,M_mom_v2_kinf_rc8_pc8c_diag,0.1,3.2217,0.19857,10,prmse_ang
fig4,M_mom_v2_kinf_rc8_pc8c_diag,0.125,3.7529,0.24341,10,prmse_ang
fig4,M_mom_v2_kinf_rc8_pc8c_diag,0.15,4.4851,0.24882,10,prmse_ang
fig4,M_mom_v2_kinf_rc8_pc8c_diag,0.175,5.2365,0.39652,10,prmse_ang
fig4,M_mom_v2_kinf_rc8_pc8c_diag,0.2,5.7368,0.20462,10,prmse_ang
fig4,M_mom_v2_kinf_rc8_pc8c_fts_diag,0.025,0.36187,0.076835,10,prmse_ang
fig4,M_mom_v2_kinf_rc8_pc8c_fts_diag,0.05,0.66945,0.12903,10,prmse_ang
fig4,M_mom_v2_kinf_rc8_pc8c_fts_diag,0.075,1.1866,0.071599,10,prmse_ang
fig4,M_mom_v2_kinf_rc8_pc8c_fts_diag,0.1,1.6087,0.12522,10,prmse_ang
fig4,M_mom_v2_kinf_rc8_pc8c_fts_diag,0.125,2.0564,0.16768,10,prmse_ang
fig4,M_mom_v2_kinf_rc8_pc8c_fts_diag,0.15,2.7228,0.17467,10,prmse_ang
fig4,M_mom_v2_kinf_rc8_pc8c_fts_diag,0.175,3.2341,0.17459,10,prmse_ang
fig4,M_mom_v2_kinf_rc8_pc8c_fts_diag,0.2,3.8217,0.20052,10,prmse_ang
fig4,M_rpy,0.025,3.1866,0.39976,10,prmse_ang
fig4,M_rpy,0.05,5.0588,0.45698,10,prmse_ang
fig4,M_rpy,0.075,7.9781,0.39026,10,prmse_ang
fig4,M_rpy,0.1,10.044,0.68609,10,prmse_ang
fig4,M_rpy,0.125,12.544,0.58121,10,prmse_ang
fig4,M_rpy,0.15,15.678,0.42092,10,prmse_ang
fig4,M_rpy,0.175,18.965,1.2368,10,prmse_ang
fig4,M_rpy,0.2,21.708,0.56783,10,prmse_ang
fig4,SD,0.025,0.25715,0.032002,10,prmse_ang
fig4,SD,0.05,0.49453,0.077941,10,prmse_ang
fig4,SD,0.075,0.992,0.1185,10,prmse_ang
fig4,SD,0.1,1.3033,0.17158,10,prmse_ang
fig4,SD,0.125,1.6382,0.31339,10,prmse_ang
fig4,SD,0.15,2.3426,0.29964,10,prmse_ang
fig4,SD,0.175,2.6258,0.40222,10,prmse_ang
fig4,SD,0.2,3.2489,0.63441,10,prmse_ang
fig4,SD_Minf,0.025,1.5442,0.27272,10,prmse_ang
fig4,SD_Minf,0.05,2.2144,0.27265,10,prmse_ang
fig4,SD_Minf,0.075,3.1097,0.18906,10,prmse_ang
fig4,SD_Minf,0.1,3.7039,0.3063,10,prmse_ang
fig4,SD_Minf,0.125,4.5628,0.3821,10,prmse_ang
fig4,SD_Minf,0.15,5.562,0.20949,10,prmse_ang
fig4,SD_Minf,0.175,6.7611,0.42806,10,prmse_ang
fig4,SD_Minf,0.2,8.0027,0.33174,10,prmse_ang
fig4g,M_mom_v2_kinf_rc8_pc8c_diag,0.025,6.6117,0.59858,10,prmse_ang
fig4g,M_mom_v2_kinf_rc8_pc8c_diag,0.05,9.433,0.67056,10,prmse_ang
fig4g,M_mom_v2_kinf_rc8_pc8c_diag,0.075,12.382,0.46847,10,prmse_ang
fig4g,M_mom_v2_kinf_rc8_pc8c_diag,0.1,14.381,0.77402,10,prmse_ang
fig4g,M_mom_v2_kinf_rc8_pc8c_diag,0.125,16.618,0.94398,10,prmse_ang
fig4g,M_mom_v2_kinf_rc8_pc8c_diag,0.15,19.479,0.89023,10,prmse_ang
fig4g,M_mom_v2_kinf_rc8_pc8c_diag,0.175,21.295,1.0153,10,prmse_ang
fig4g,M_mom_v2_kinf_rc8_pc8c_diag,0.2,25.059,1.4503,10,prmse_ang
fig4g,M_mom_v2_kinf_rc8_pc8c_fts_diag,0.025,1.2254,0.16274,10,prmse_ang
fig4g,M_mom_v2_kinf_rc8_pc8c_fts_diag,0.05,2.0679,0.22119,10,prmse_ang
fig4g,M_mom_v2_kinf_rc8_pc8c_fts_diag,0.075,3.0657,0.14876,10,prmse_ang
fig4g,M_mom_v2_kinf_rc8_pc8c_fts_diag,0.1,3.7682,0.22918,10,prmse_ang
fig4g,M_mom_v2_kinf_rc8_pc8c_fts_diag,0.125,4.7252,0.14682,10,prmse_ang
fig4g,M_mom_v2_kinf_rc8_pc8c_fts_diag,0.15,5.7574,0.33544,10,prmse_ang
fig4g,M_mom_v2_kinf_rc8_pc8c_fts_diag,0.175,6.8244,0.32973,10,prmse_ang
fig4g,M_mom_v2_kinf_rc8_pc8c_fts_diag,0.2,8.1688,0.19942,10,prmse_ang
fig4g,M_rpy,0.025,8.4511,0.80657,10,prmse_ang
fig4g,M_rpy,0.05,12.693,0.8563,10,prmse_ang
fig4g,M_rpy,0.075,17.691,0.70982,10,prmse_ang
fig4g,M_rpy,0.1,22.206,0.9056,10,prmse_ang
fig4g,M_rpy,0.125,26.912,0.79819,10,prmse_ang
fig4g,M_rpy,0.15,33.083,1.2472,10,prmse_ang
fig4g,M_rpy,0.175,38.084,1.5169,10,prmse_ang
fig4g,M_rpy,0.2,45.668,1.8474,10,prmse_ang
fig4g,SD,0.025,2.9058,0.30463,10,prmse_ang
fig4g,SD,0.05,6.0261,0.53228,10,prmse_ang
fig4g,SD,0.075,10.744,0.44547,10,prmse_ang
fig4g,SD,0.1,14.251,0.80006,10,prmse_ang
fig4g,SD,0.125,18.449,0.83262,10,prmse_ang
fig4g,SD,0.15,22.432,0.49618,10,prmse_ang
fig4g,SD,0.175,26.329,0.63375,10,prmse_ang
fig4g,SD,0.2,29.745,0.66095,10,prmse_ang
fig4g,SD_Minf,0.025,1.0889,0.19208,10,prmse_ang
fig4g,SD_Minf,0.05,1.2536,0.22478,10,prmse_ang
fig4g,SD_Minf,0.075,1.6685,0.084834,10,prmse_ang
fig4g,SD_Minf,0.1,1.9384,0.1469,10,prmse_ang
fig4g,SD_Minf,0.125,2.4532,0.13191,10,prmse_ang
fig4g,SD_Minf,0.15,3.3029,0.17665,10,prmse_ang
fig4g,SD_Minf,0.175,4.0581,0.32698,10,prmse_ang
fig4g,SD_Minf,0.2,4.9612,0.35288,10,prmse_ang
fig4,M_mom_v2_kinf_rc8_pc8c_fts_diag,0.025,5.7721,3.1749,10,max_rel_lin
fig4,M_mom_v2_kinf_rc8_pc8c_fts_diag,0.05,8.1824,4.7133,10,max_rel_lin
fig4,M_mom_v2_kinf_rc8_pc8c_fts_diag,0.075,10.648,7.7554,10,max_rel_lin
fig4,M_mom_v2_kinf_rc8_pc8c_fts_diag,0.1,10.513,5.2723,10,max_rel_lin
fig4,M_mom_v2_kinf_rc8_pc8c_fts_diag,0.125,19.918,11.927,10,max_rel_lin
fig4,M_mom_v2_kinf_rc8_pc8c_fts_diag,0.15,24.355,20.77,10,max_rel_lin
fig4,M_mom_v2_kinf_rc8_pc8c_fts_diag,0.175,25.52,15.379,10,max_rel_lin
fig4,M_mom_v2_kinf_rc8_pc8c_fts_diag,0.2,23.832,23.97,10,max_rel_lin
fig4,SD,0.025,11.764,5.9645,10,max_rel_lin
fig4,SD,0.05,21.803,6.813,10,max_rel_lin
fig4,SD,0.075,48.341,42.39,10,max_rel_lin
fig4,SD,0.1,45.153,12.293,10,max_rel_lin
fig4,SD,0.125,61.174,27.455,10,max_rel_lin
fig4,SD,0.15,78.189,52.109,10,max_rel_lin
fig4,SD,0.175,78.559,48.45,10,max_rel_lin
fig4,SD,0.2,81.629,56.104,10,max_rel_lin
fig4,SD_Minf,0.025,15.551,12.217,10,max_rel_lin
fig4,SD_Minf,0.05,15.579,10.922,10,max_rel_lin
fig4,SD_Minf,0.075,17.174,11.819,10,max_rel_lin
fig4,SD_Minf,0.1,15.616,3.1586,10,max_rel_lin
fig4,SD_Minf,0.125,26.92,18.833,10,max_rel_lin
fig4,SD_Minf,0.15,25.621,17.138,10,max_rel_lin
fig4,SD_Minf,0.175,35.056,20.828,10,max_rel_lin
fig4,SD_Minf,0.2,49.19,80.497,10,max_rel_lin
fig4g,M_mom_v2_kinf_rc8_pc8c_diag,0.025,1.5038,0.33095,10,max_rel_lin
fig4g,M_mom_v2_kinf_rc8_pc8c_diag,0.05,2.0316,0.24566,10,max_rel_lin
fig4g,M_mom_v2_kinf_rc8_pc8c_diag,0.075,2.7637,0.32979,10,max_rel_lin
fig4g,M_mom_v2_kinf_rc8_pc8c_diag,0.1,3.0718,0.24577,10,max_rel_lin
fig4g,M_mom_v2_kinf_rc8_pc8c_diag,0.125,3.662,0.23248,10,max_rel_lin
fig4g,M_mom_v2_kinf_rc8_pc8c_diag,0.15,4.2204,0.33616,10,max_rel_lin
fig4g,M_mom_v2_kinf_rc8_pc8c_diag,0.175,5.1666,0.26869,10,max_rel_lin
fig4g,M_mom_v2_kinf_rc8_pc8c_diag,0.2,6.6056,0.5267,10,max_rel_lin
fig4g,M_mom_v2_kinf_rc8_pc8c_fts_diag,0.025,0.54501,0.27651,10,max_rel_lin
fig4g,M_mom_v2_kinf_rc8_pc8c_fts_diag,0.05,0.59172,0.15175,10,max_rel_lin
fig4g,M_mom_v2_kinf_rc8_pc8c_fts_diag,0.075,0.77122,0.090578,10,max_rel_lin
fig4g,M_mom_v2_kinf_rc8_pc8c_fts_diag,0.1,0.96907,0.23376,10,max_rel_lin
fig4g,M_mom_v2_kinf_rc8_pc8c_fts_diag,0.125,1.0474,0.1368,10,max_rel_lin
fig4g,M_mom_v2_kinf_rc8_pc8c_fts_diag,0.15,1.1409,0.13706,10,max_rel_lin
fig4g,M_mom_v2_kinf_rc8_pc8c_fts_diag,0.175,1.372,0.25985,10,max_rel_lin
fig4g,M_mom_v2_kinf_rc8_pc8c_fts_diag,0.2,1.5244,0.32097,10,max_rel_lin
fig4g,M_rpy,0.025,2.6028,0.25153,10,max_rel_lin
fig4g,M_rpy,0.05,3.8749,0.26934,10,max_rel_lin
fig4g,M_rpy,0.075,5.8639,0.33392,10,max_rel_lin
fig4g,M_rpy,0.1,7.084,0.45699,10,max_rel_lin
fig4g,M_rpy,0.125,8.8097,0.46908,10,max_rel_lin
fig4g,M_rpy,0.15,10.236,0.28606,10,max_rel_lin
fig4g,M_rpy,0.175,11.93,0.67488,10,max_rel_lin
fig4g,M_rpy,0.2,13.47,0.75641,10,max_rel_lin
fig4g,SD,0.025,2.8876,0.26466,10,max_rel_lin
fig4g,SD,0.05,5.7905,0.41327,10,max_rel_lin
fig4g,SD,0.075,10.006,0.29863,10,max_rel_lin
fig4g,SD,0.1,13.175,0.65965,10,max_rel_lin
fig4g,SD,0.125,16.578,0.52466,10,max_rel_lin
fig4g,SD,0.15,20.31,0.42979,10,max_rel_lin
fig4g,SD,0.175,23.697,0.49565,10,max_rel_lin
fig4g,SD,0.2,26.717,0.46994,10,max_rel_lin
fig4g,SD_Minf,0.025,0.36484,0.070598,10,max_rel_lin
fig4g,SD_Minf,0.05,0.50156,0.10595,10,max_rel_lin
fig4g,SD_Minf,0.075,0.67574,0.081961,10,max_rel_lin
fig4g,SD_Minf,0.1,0.83429,0.17099,10,max_rel_lin
fig4g,SD_Minf,0.125,0.86471,0.0748,10,max_rel_lin
fig4g,SD_Minf,0.15,1.0543,0.091352,10,max_rel_lin
fig4g,SD_Minf,0.175,1.3082,0.072496,10,max_rel_lin
fig4g,SD_Minf,0.2,1.482,0.09817,10,max_rel_lin
fig4,M_mom_v2_kinf_rc8_pc8c_fts_diag,0.025,0.40682,0.22796,10,err_mean_pct
fig4,M_mom_v2_kinf_rc8_pc8c_fts_diag,0.05,0.14747,0.053993,10,err_mean_pct
fig4,M_mom_v2_kinf_rc8_pc8c_fts_diag,0.075,0.31727,0.25899,10,err_mean_pct
fig4,M_mom_v2_kinf_rc8_pc8c_fts_diag,0.1,0.26865,0.10701,10,err_mean_pct
fig4,M_mom_v2_kinf_rc8_pc8c_fts_diag,0.125,0.56511,0.2058,10,err_mean_pct
fig4,M_mom_v2_kinf_rc8_pc8c_fts_diag,0.15,0.69044,0.64395,10,err_mean_pct
fig4,M_mom_v2_kinf_rc8_pc8c_fts_diag,0.175,1.2959,0.99241,10,err_mean_pct
fig4,M_mom_v2_kinf_rc8_pc8c_fts_diag,0.2,0.72274,0.4969,10,err_mean_pct
fig4,SD,0.025,2.3216,0.42489,10,err_mean_pct
fig4,SD,0.05,4.7838,0.44353,10,err_mean_pct
fig4,SD,0.075,8.9051,0.76067,10,err_mean_pct
fig4,SD,0.1,11.634,0.4692,10,err_mean_pct
fig4,SD,0.125,14.952,0.81514,10,err_mean_pct
fig4,SD,0.15,19.217,0.9261,10,err_mean_pct
fig4,SD,0.175,22.456,1.0739,10,err_mean_pct
fig4,SD,0.2,24.577,0.63189,10,err_mean_pct
fig4,SD_Minf,0.025,0.3889,0.20551,10,err_mean_pct
fig4,SD_Minf,0.05,0.11874,0.071327,10,err_mean_pct
fig4,SD_Minf,0.075,0.23707,0.13317,10,err_mean_pct
fig4,SD_Minf,0.1,0.25088,0.076063,10,err_mean_pct
fig4,SD_Minf,0.125,0.43857,0.19351,10,err_mean_pct
fig4,SD_Minf,0.15,0.75626,0.81065,10,err_mean_pct
fig4,SD_Minf,0.175,1.1899,1.1337,10,err_mean_pct
fig4,SD_Minf,0.2,0.77735,0.42577,10,err_mean_pct
fig4g,M_mom_v2_kinf_rc8_pc8c_diag,0.025,0.35859,0.026548,10,err_mean_pct
fig4g,M_mom_v2_kinf_rc8_pc8c_diag,0.05,0.51907,0.047124,10,err_mean_pct
fig4g,M_mom_v2_kinf_rc8_pc8c_diag,0.075,0.62571,0.060661,10,err_mean_pct
fig4g,M_mom_v2_kinf_rc8_pc8c_diag,0.1,0.63525,0.055915,10,err_mean_pct
fig4g,M_mom_v2_kinf_rc8_pc8c_diag,0.125,0.78297,0.076785,10,err_mean_pct
fig4g,M_mom_v2_kinf_rc8_pc8c_diag,0.15,0.8389,0.098854,10,err_mean_pct
fig4g,M_mom_v2_kinf_rc8_pc8c_diag,0.175,0.91085,0.081509,10,err_mean_pct
fig4g,M_mom_v2_kinf_rc8_pc8c_diag,0.2,1.111,0.10689,10,err_mean_pct
fig4g,M_mom_v2_kinf_rc8_pc8c_fts_diag,0.025,0.010992,0.0054094,10,err_mean_pct
fig4g,M_mom_v2_kinf_rc8_pc8c_fts_diag,0.05,0.023687,0.0090735,10,err_mean_pct
fig4g,M_mom_v2_kinf_rc8_pc8c_fts_diag,0.075,0.031537,0.012426,10,err_mean_pct
fig4g,M_mom_v2_kinf_rc8_pc8c_fts_diag,0.1,0.052052,0.033657,10,err_mean_pct
fig4g,M_mom_v2_kinf_rc8_pc8c_fts_diag,0.125,0.073653,0.028301,10,err_mean_pct
fig4g,M_mom_v2_kinf_rc8_pc8c_fts_diag,0.15,0.077595,0.039362,10,err_mean_pct
fig4g,M_mom_v2_kinf_rc8_pc8c_fts_diag,0.175,0.1089,0.041085,10,err_mean_pct
fig4g,M_mom_v2_kinf_rc8_pc8c_fts_diag,0.2,0.1078,0.024225,10,err_mean_pct
fig4g,M_rpy,0.025,0.84363,0.045307,10,err_mean_pct
fig4g,M_rpy,0.05,1.5735,0.05341,10,err_mean_pct
fig4g,M_rpy,0.075,2.4337,0.069801,10,err_mean_pct
fig4g,M_rpy,0.1,3.0859,0.10466,10,err_mean_pct
fig4g,M_rpy,0.125,3.8614,0.083297,10,err_mean_pct
fig4g,M_rpy,0.15,4.5786,0.11352,10,err_mean_pct
fig4g,M_rpy,0.175,5.2531,0.14682,10,err_mean_pct
fig4g,M_rpy,0.2,5.9726,0.17781,10,err_mean_pct
fig4g,SD,0.025,2.1171,0.21913,10,err_mean_pct
fig4g,SD,0.05,4.8309,0.34321,10,err_mean_pct
fig4g,SD,0.075,8.7338,0.25441,10,err_mean_pct
fig4g,SD,0.1,11.792,0.47791,10,err_mean_pct
fig4g,SD,0.125,15.155,0.37575,10,err_mean_pct
fig4g,SD,0.15,18.818,0.37515,10,err_mean_pct
fig4g,SD,0.175,22.021,0.46567,10,err_mean_pct
fig4g,SD,0.2,25.079,0.42435,10,err_mean_pct
fig4g,SD_Minf,0.025,0.034029,0.0032171,10,err_mean_pct
fig4g,SD_Minf,0.05,0.064832,0.0086158,10,err_mean_pct
fig4g,SD_Minf,0.075,0.11487,0.0073133,10,err_mean_pct
fig4g,SD_Minf,0.1,0.15622,0.013665,10,err_mean_pct
fig4g,SD_Minf,0.125,0.22076,0.012252,10,err_mean_pct
fig4g,SD_Minf,0.15,0.31562,0.021641,10,err_mean_pct
fig4g,SD_Minf,0.175,0.39764,0.030023,10,err_mean_pct
fig4g,SD_Minf,0.2,0.50904,0.036308,10,err_mean_pct
fig4,M_mom_v2_kinf_rc8_pc8c_diag,0.025,1.7024,0.24431,10,rel_rmse
fig4,M_mom_v2_kinf_rc8_pc8c_diag,0.05,2.6659,0.29214,10,rel_rmse
fig4,M_mom_v2_kinf_rc8_pc8c_diag,0.075,3.6674,0.59174,10,rel_rmse
fig4,M_mom_v2_kinf_rc8_pc8c_diag,0.1,4.2751,0.94037,10,rel_rmse
fig4,M_mom_v2_kinf_rc8_pc8c_diag,0.125,5.4971,1.0905,10,rel_rmse
fig4,M_mom_v2_kinf_rc8_pc8c_diag,0.15,6.0858,1.4092,10,rel_rmse
fig4,M_mom_v2_kinf_rc8_pc8c_diag,0.175,8.5745,2.333,10,rel_rmse
fig4,M_mom_v2_kinf_rc8_pc8c_diag,0.2,7.7457,2.2089,10,rel_rmse
fig4,M_mom_v2_kinf_rc8_pc8c_fts_diag,0.025,0.66917,0.1292,10,rel_rmse
fig4,M_mom_v2_kinf_rc8_pc8c_fts_diag,0.05,0.80204,0.055075,10,rel_rmse
fig4,M_mom_v2_kinf_rc8_pc8c_fts_diag,0.075,1.2569,0.19829,10,rel_rmse
fig4,M_mom_v2_kinf_rc8_pc8c_fts_diag,0.1,1.5529,0.24309,10,rel_rmse
fig4,M_mom_v2_kinf_rc8_pc8c_fts_diag,0.125,2.2219,0.49984,10,rel_rmse
fig4,M_mom_v2_kinf_rc8_pc8c_fts_diag,0.15,2.4987,0.486,10,rel_rmse
fig4,M_mom_v2_kinf_rc8_pc8c_fts_diag,0.175,3.2898,0.70142,10,rel_rmse
fig4,M_mom_v2_kinf_rc8_pc8c_fts_diag,0.2,3.4765,1.043,10,rel_rmse
fig4,M_rpy,0.025,4.4392,0.61701,10,rel_rmse
fig4,M_rpy,0.05,6.6678,0.5019,10,rel_rmse
fig4,M_rpy,0.075,10.026,1.697,10,rel_rmse
fig4,M_rpy,0.1,12.233,2.0214,10,rel_rmse
fig4,M_rpy,0.125,16.562,3.039,10,rel_rmse
fig4,M_rpy,0.15,18.46,3.9771,10,rel_rmse
fig4,M_rpy,0.175,24.708,5.4218,10,rel_rmse
fig4,M_rpy,0.2,23.685,6.4492,10,rel_rmse
fig4,SD,0.025,1.3281,0.32596,10,rel_rmse
fig4,SD,0.05,3.2105,0.64926,10,rel_rmse
fig4,SD,0.075,6.0936,1.6633,10,rel_rmse
fig4,SD,0.1,8.7326,0.904,10,rel_rmse
fig4,SD,0.125,10.188,1.9499,10,rel_rmse
fig4,SD,0.15,13.779,3.0808,10,rel_rmse
fig4,SD,0.175,15.06,3.752,10,rel_rmse
fig4,SD,0.2,18.578,4.3117,10,rel_rmse
fig4,SD_Minf,0.025,1.4568,0.2546,10,rel_rmse
fig4,SD_Minf,0.05,1.7211,0.12793,10,rel_rmse
fig4,SD_Minf,0.075,2.3308,0.5031,10,rel_rmse
fig4,SD_Minf,0.1,2.763,0.40431,10,rel_rmse
fig4,SD_Minf,0.125,3.7613,0.87112,10,rel_rmse
fig4,SD_Minf,0.15,4.1302,0.86508,10,rel_rmse
fig4,SD_Minf,0.175,5.4726,1.082,10,rel_rmse
fig4,SD_Minf,0.2,5.7891,1.6933,10,rel_rmse
fig4g,M_mom_v2_kinf_rc8_pc8c_diag,0.025,0.67031,0.045226,10,rel_rmse
fig4g,M_mom_v2_kinf_rc8_pc8c_diag,0.05,1.1058,0.072487,10,rel_rmse
fig4g,M_mom_v2_kinf_rc8_pc8c_diag,0.075,1.5385,0.087304,10,rel_rmse
fig4g,M_mom_v2_kinf_rc8_pc8c_diag,0.1,1.7716,0.061089,10,rel_rmse
fig4g,M_mom_v2_kinf_rc8_pc8c_diag,0.125,2.1694,0.082136,10,rel_rmse
fig4g,M_mom_v2_kinf_rc8_pc8c_diag,0.15,2.4955,0.13399,10,rel_rmse
fig4g,M_mom_v2_kinf_rc8_pc8c_diag,0.175,2.8143,0.12327,10,rel_rmse
fig4g,M_mom_v2_kinf_rc8_pc8c_diag,0.2,3.2789,0.15444,10,rel_rmse
fig4g,M_mom_v2_kinf_rc8_pc8c_fts_diag,0.025,0.10559,0.016307,10,rel_rmse
fig4g,M_mom_v2_kinf_rc8_pc8c_fts_diag,0.05,0.17502,0.02165,10,rel_rmse
fig4g,M_mom_v2_kinf_rc8_pc8c_fts_diag,0.075,0.25661,0.013847,10,rel_rmse
fig4g,M_mom_v2_kinf_rc8_pc8c_fts_diag,0.1,0.32501,0.02552,10,rel_rmse
fig4g,M_mom_v2_kinf_rc8_pc8c_fts_diag,0.125,0.39104,0.01491,10,rel_rmse
fig4g,M_mom_v2_kinf_rc8_pc8c_fts_diag,0.15,0.48167,0.025542,10,rel_rmse
fig4g,M_mom_v2_kinf_rc8_pc8c_fts_diag,0.175,0.55338,0.020264,10,rel_rmse
fig4g,M_mom_v2_kinf_rc8_pc8c_fts_diag,0.2,0.62422,0.040355,10,rel_rmse
fig4g,M_rpy,0.025,1.1388,0.072006,10,rel_rmse
fig4g,M_rpy,0.05,2.0944,0.08607,10,rel_rmse
fig4g,M_rpy,0.075,3.2465,0.11672,10,rel_rmse
fig4g,M_rpy,0.1,4.0631,0.15848,10,rel_rmse
fig4g,M_rpy,0.125,5.1375,0.14688,10,rel_rmse
fig4g,M_rpy,0.15,6.0442,0.14609,10,rel_rmse
fig4g,M_rpy,0.175,6.9474,0.19963,10,rel_rmse
fig4g,M_rpy,0.2,7.855,0.25834,10,rel_rmse
fig4g,SD,0.025,2.1583,0.2233,10,rel_rmse
fig4g,SD,0.05,4.8822,0.34794,10,rel_rmse
fig4g,SD,0.075,8.812,0.25775,10,rel_rmse
fig4g,SD,0.1,11.874,0.48974,10,rel_rmse
fig4g,SD,0.125,15.257,0.3939,10,rel_rmse
fig4g,SD,0.15,18.917,0.37571,10,rel_rmse
fig4g,SD,0.175,22.132,0.4663,10,rel_rmse
fig4g,SD,0.2,25.182,0.42852,10,rel_rmse
fig4g,SD_Minf,0.025,0.078844,0.0088362,10,rel_rmse
fig4g,SD_Minf,0.05,0.13593,0.021507,10,rel_rmse
fig4g,SD_Minf,0.075,0.21844,0.015995,10,rel_rmse
fig4g,SD_Minf,0.1,0.27799,0.024568,10,rel_rmse
fig4g,SD_Minf,0.125,0.37462,0.02235,10,rel_rmse
fig4g,SD_Minf,0.15,0.51071,0.033594,10,rel_rmse
fig4g,SD_Minf,0.175,0.6318,0.047534,10,rel_rmse
fig4g,SD_Minf,0.2,0.78299,0.054776,10,rel_rmse
fig4,M_mom_v2_kinf_rc8_pc8c_diag,0.025,6.1728,1.7236,10,max_rel_rmse
fig4,M_mom_v2_kinf_rc8_pc8c_diag,0.05,8.9271,2.1412,10,max_rel_rmse
fig4,M_mom_v2_kinf_rc8_pc8c_diag,0.075,11.454,3.318,10,max_rel_rmse
fig4,M_mom_v2_kinf_rc8_pc8c_diag,0.1,13.531,3.6186,10,max_rel_rmse
fig4,M_mom_v2_kinf_rc8_pc8c_diag,0.125,17.458,6.2948,10,max_rel_rmse
fig4,M_mom_v2_kinf_rc8_pc8c_diag,0.15,19.24,5.974,10,max_rel_rmse
fig4,M_mom_v2_kinf_rc8_pc8c_diag,0.175,23.321,5.9417,10,max_rel_rmse
fig4,M_mom_v2_kinf_rc8_pc8c_diag,0.2,22.383,8.4731,10,max_rel_rmse
fig4,M_mom_v2_kinf_rc8_pc8c_fts_diag,0.025,3.2032,1.0875,10,max_rel_rmse
fig4,M_mom_v2_kinf_rc8_pc8c_fts_diag,0.05,3.8024,0.83565,10,max_rel_rmse
fig4,M_mom_v2_kinf_rc8_pc8c_fts_diag,0.075,4.731,1.2501,10,max_rel_rmse
fig4,M_mom_v2_kinf_rc8_pc8c_fts_diag,0.1,5.9596,1.4211,10,max_rel_rmse
fig4,M_mom_v2_kinf_rc8_pc8c_fts_diag,0.125,8.0682,2.6874,10,max_rel_rmse
fig4,M_mom_v2_kinf_rc8_pc8c_fts_diag,0.15,9.2264,2.6707,10,max_rel_rmse
fig4,M_mom_v2_kinf_rc8_pc8c_fts_diag,0.175,12.135,3.4961,10,max_rel_rmse
fig4,M_mom_v2_kinf_rc8_pc8c_fts_diag,0.2,11.691,4.4902,10,max_rel_rmse
fig4,M_rpy,0.025,20.06,7.8065,10,max_rel_rmse
fig4,M_rpy,0.05,24.794,8.748,10,max_rel_rmse
fig4,M_rpy,0.075,29.45,7.9655,10,max_rel_rmse
fig4,M_rpy,0.1,37.997,6.4302,10,max_rel_rmse
fig4,M_rpy,0.125,46.804,13.121,10,max_rel_rmse
fig4,M_rpy,0.15,51.133,13.407,10,max_rel_rmse
fig4,M_rpy,0.175,61.973,14.395,10,max_rel_rmse
fig4,M_rpy,0.2,68.534,30.778,10,max_rel_rmse
fig4,SD,0.025,3.4877,0.86577,10,max_rel_rmse
fig4,SD,0.05,7.8284,1.201,10,max_rel_rmse
fig4,SD,0.075,13.781,3.2711,10,max_rel_rmse
fig4,SD,0.1,21.485,4.9514,10,max_rel_rmse
fig4,SD,0.125,22.204,2.6116,10,max_rel_rmse
fig4,SD,0.15,30.485,6.5719,10,max_rel_rmse
fig4,SD,0.175,33.166,8.4288,10,max_rel_rmse
fig4,SD,0.2,35.252,6.4664,10,max_rel_rmse
fig4,SD_Minf,0.025,9.5563,3.3325,10,max_rel_rmse
fig4,SD_Minf,0.05,10.049,4.0675,10,max_rel_rmse
fig4,SD_Minf,0.075,10.154,3.7364,10,max_rel_rmse
fig4,SD_Minf,0.1,11.361,2.1354,10,max_rel_rmse
fig4,SD_Minf,0.125,13.306,4.1431,10,max_rel_rmse
fig4,SD_Minf,0.15,16.045,7.8127,10,max_rel_rmse
fig4,SD_Minf,0.175,16.804,3.8747,10,max_rel_rmse
fig4,SD_Minf,0.2,17.684,8.2375,10,max_rel_rmse
fig4g,M_mom_v2_kinf_rc8_pc8c_diag,0.025,1.5139,0.32664,10,max_rel_rmse
fig4g,M_mom_v2_kinf_rc8_pc8c_diag,0.05,2.04,0.25133,10,max_rel_rmse
fig4g,M_mom_v2_kinf_rc8_pc8c_diag,0.075,2.7749,0.33169,10,max_rel_rmse
fig4g,M_mom_v2_kinf_rc8_pc8c_diag,0.1,3.0972,0.23467,10,max_rel_rmse
fig4g,M_mom_v2_kinf_rc8_pc8c_diag,0.125,3.6742,0.23258,10,max_rel_rmse
fig4g,M_mom_v2_kinf_rc8_pc8c_diag,0.15,4.2331,0.3452,10,max_rel_rmse
fig4g,M_mom_v2_kinf_rc8_pc8c_diag,0.175,5.1743,0.27219,10,max_rel_rmse
fig4g,M_mom_v2_kinf_rc8_pc8c_diag,0.2,6.6095,0.52673,10,max_rel_rmse
fig4g,M_mom_v2_kinf_rc8_pc8c_fts_diag,0.025,0.54807,0.27589,10,max_rel_rmse
fig4g,M_mom_v2_kinf_rc8_pc8c_fts_diag,0.05,0.59432,0.15171,10,max_rel_rmse
fig4g,M_mom_v2_kinf_rc8_pc8c_fts_diag,0.075,0.77694,0.089205,10,max_rel_rmse
fig4g,M_mom_v2_kinf_rc8_pc8c_fts_diag,0.1,0.97565,0.23468,10,max_rel_rmse
fig4g,M_mom_v2_kinf_rc8_pc8c_fts_diag,0.125,1.0543,0.14338,10,max_rel_rmse
fig4g,M_mom_v2_kinf_rc8_pc8c_fts_diag,0.15,1.1571,0.13084,10,max_rel_rmse
fig4g,M_mom_v2_kinf_rc8_pc8c_fts_diag,0.175,1.3966,0.24952,10,max_rel_rmse
fig4g,M_mom_v2_kinf_rc8_pc8c_fts_diag,0.2,1.5415,0.31547,10,max_rel_rmse
fig4g,M_rpy,0.025,2.6254,0.25015,10,max_rel_rmse
fig4g,M_rpy,0.05,3.8909,0.27855,10,max_rel_rmse
fig4g,M_rpy,0.075,5.8748,0.33359,10,max_rel_rmse
fig4g,M_rpy,0.1,7.0933,0.45468,10,max_rel_rmse
fig4g,M_rpy,0.125,8.8184,0.46375,10,max_rel_rmse
fig4g,M_rpy,0.15,10.242,0.28814,10,max_rel_rmse
fig4g,M_rpy,0.175,11.938,0.67622,10,max_rel_rmse
fig4g,M_rpy,0.2,13.477,0.7517,10,max_rel_rmse
fig4g,SD,0.025,2.888,0.2647,10,max_rel_rmse
fig4g,SD,0.05,5.7911,0.41352,10,max_rel_rmse
fig4g,SD,0.075,10.007,0.29864,10,max_rel_rmse
fig4g,SD,0.1,13.176,0.65955,10,max_rel_rmse
fig4g,SD,0.125,16.579,0.52472,10,max_rel_rmse
fig4g,SD,0.15,20.31,0.42959,10,max_rel_rmse
fig4g,SD,0.175,23.698,0.4959,10,max_rel_rmse
fig4g,SD,0.2,26.717,0.47007,10,max_rel_rmse
fig4g,SD_Minf,0.025,0.37245,0.071709,10,max_rel_rmse
fig4g,SD_Minf,0.05,0.50619,0.10659,10,max_rel_rmse
fig4g,SD_Minf,0.075,0.67863,0.081632,10,max_rel_rmse
fig4g,SD_Minf,0.1,0.83665,0.17198,10,max_rel_rmse
fig4g,SD_Minf,0.125,0.87103,0.075134,10,max_rel_rmse
fig4g,SD_Minf,0.15,1.0572,0.090714,10,max_rel_rmse
fig4g,SD_Minf,0.175,1.3158,0.078418,10,max_rel_rmse
fig4g,SD_Minf,0.2,1.494,0.091986,10,max_rel_rmse
