op,N,phi,mean,std,n,expected,metric
HIGNN_2b,20,0.025,2.2351,0.33165,10,10,prmse_lin
HIGNN_2b,20,0.05,3.255,0.48277,10,10,prmse_lin
HIGNN_2b,20,0.1,5.3297,0.67505,10,10,prmse_lin
HIGNN_2b,20,0.15,7.3707,0.62356,10,10,prmse_lin
HIGNN_2b,30,0.025,1.913,0.19412,10,10,prmse_lin
HIGNN_2b,30,0.05,3.0002,0.482,10,10,prmse_lin
HIGNN_2b,30,0.1,5.055,0.66757,10,10,prmse_lin
HIGNN_2b,30,0.15,6.7837,0.41028,10,10,prmse_lin
HIGNN_2b,40,0.025,1.8385,0.17792,10,10,prmse_lin
HIGNN_2b,40,0.05,2.7705,0.26387,10,10,prmse_lin
HIGNN_2b,40,0.1,4.6176,0.38552,10,10,prmse_lin
HIGNN_2b,40,0.15,7.0332,0.42209,10,10,prmse_lin
HIGNN_2b,50,0.025,1.6327,0.17519,10,10,prmse_lin
HIGNN_2b,50,0.05,2.7016,0.34646,10,10,prmse_lin
HIGNN_2b,50,0.1,4.9207,0.36939,10,10,prmse_lin
HIGNN_2b,50,0.15,6.687,0.28495,10,10,prmse_lin
HIGNN_2b,60,0.025,1.5373,0.25338,10,10,prmse_lin
HIGNN_2b,60,0.05,2.6694,0.16853,10,10,prmse_lin
HIGNN_2b,60,0.1,4.8181,0.33638,10,10,prmse_lin
HIGNN_2b,60,0.15,6.7212,0.42968,10,10,prmse_lin
HIGNN_2b,70,0.025,1.5223,0.16494,10,10,prmse_lin
HIGNN_2b,70,0.05,2.6399,0.23959,10,10,prmse_lin
HIGNN_2b,70,0.1,4.6651,0.2738,10,10,prmse_lin
HIGNN_2b,70,0.15,6.5269,0.27207,10,10,prmse_lin
HIGNN_2b,80,0.025,1.4482,0.18815,10,10,prmse_lin
HIGNN_2b,80,0.05,2.4966,0.17497,10,10,prmse_lin
HIGNN_2b,80,0.1,4.6141,0.27909,10,10,prmse_lin
HIGNN_2b,80,0.15,6.6218,0.37017,10,10,prmse_lin
HIGNN_2b,90,0.025,1.3878,0.12656,10,10,prmse_lin
HIGNN_2b,90,0.05,2.685,0.12675,10,10,prmse_lin
HIGNN_2b,90,0.1,4.6371,0.24847,10,10,prmse_lin
HIGNN_2b,90,0.15,6.5071,0.38934,10,10,prmse_lin
HIGNN_2b,100,0.025,1.3805,0.16639,10,10,prmse_lin
HIGNN_2b,100,0.05,2.3376,0.12247,10,10,prmse_lin
HIGNN_2b,100,0.1,4.4705,0.20719,10,10,prmse_lin
HIGNN_2b,100,0.15,6.3924,0.2912,10,10,prmse_lin
HIGNN_2b,120,0.025,1.3458,0.13546,10,10,prmse_lin
HIGNN_2b,120,0.05,2.4832,0.1532,10,10,prmse_lin
HIGNN_2b,120,0.1,4.552,0.22861,10,10,prmse_lin
HIGNN_2b,120,0.15,6.4104,0.2014,10,10,prmse_lin
HIGNN_2b,140,0.025,1.2853,0.10546,10,10,prmse_lin
HIGNN_2b,140,0.05,2.3341,0.14842,10,10,prmse_lin
HIGNN_2b,140,0.1,4.4381,0.14848,10,10,prmse_lin
HIGNN_2b,140,0.15,6.4245,0.25326,10,10,prmse_lin
HIGNN_2b,160,0.025,1.2346,0.12702,10,10,prmse_lin
HIGNN_2b,160,0.05,2.2365,0.13897,10,10,prmse_lin
HIGNN_2b,160,0.1,4.3657,0.1812,10,10,prmse_lin
HIGNN_2b,160,0.15,6.2593,0.23443,10,10,prmse_lin
HIGNN_2b,180,0.025,1.2404,0.061134,10,10,prmse_lin
HIGNN_2b,180,0.05,2.1654,0.098963,10,10,prmse_lin
HIGNN_2b,180,0.1,4.2393,0.12141,10,10,prmse_lin
HIGNN_2b,180,0.15,6.1867,0.16745,10,10,prmse_lin
HIGNN_2b,200,0.025,1.2268,0.078997,10,10,prmse_lin
HIGNN_2b,200,0.05,2.2045,0.087984,10,10,prmse_lin
HIGNN_2b,200,0.1,4.2201,0.16298,10,10,prmse_lin
HIGNN_2b,200,0.15,6.2411,0.14599,10,10,prmse_lin
HIGNN_2b,300,0.025,1.1311,0.0578,10,10,prmse_lin
HIGNN_2b,300,0.05,2.113,0.069055,10,10,prmse_lin
HIGNN_2b,300,0.1,4.026,0.14325,10,10,prmse_lin
HIGNN_2b,300,0.15,6.0251,0.10005,10,10,prmse_lin
HIGNN_2b,500,0.025,1.0304,0.033636,10,10,prmse_lin
HIGNN_2b,500,0.05,1.9789,0.05412,10,10,prmse_lin
HIGNN_2b,500,0.1,3.9886,0.12309,10,10,prmse_lin
HIGNN_2b,500,0.15,5.7353,0.078734,10,10,prmse_lin
HIGNN_2b,1000,0.025,0.96886,0.010205,5,5,prmse_lin
HIGNN_2b,1000,0.05,1.8739,0.031358,5,5,prmse_lin
HIGNN_2b,1000,0.1,3.7932,0.05077,5,5,prmse_lin
HIGNN_2b,1000,0.15,5.6475,0.11619,5,5,prmse_lin
HIGNN_2b,1500,0.025,0.92997,0.017233,5,5,prmse_lin
HIGNN_2b,1500,0.05,1.8183,0.0087628,5,5,prmse_lin
HIGNN_2b,1500,0.1,3.667,0.05115,5,5,prmse_lin
HIGNN_2b,1500,0.15,5.5625,0.033039,5,5,prmse_lin
HIGNN_2b,2000,0.025,0.9189,0.019176,3,3,prmse_lin
HIGNN_2b,2000,0.05,1.831,0.025698,3,3,prmse_lin
HIGNN_2b,2000,0.1,3.6094,0.051909,3,3,prmse_lin
HIGNN_2b,2000,0.15,5.506,0.022697,3,3,prmse_lin
HIGNN_2b,2500,0.025,0.92119,0.0052038,3,3,prmse_lin
HIGNN_2b,2500,0.05,1.785,0.016243,3,3,prmse_lin
HIGNN_2b,2500,0.1,3.5781,0.0085096,3,3,prmse_lin
HIGNN_2b,2500,0.15,5.4159,0.064884,3,3,prmse_lin
HIGNN_2b,3000,0.025,0.89092,0.0036481,3,3,prmse_lin
HIGNN_2b,3000,0.05,1.7609,0.037144,3,3,prmse_lin
HIGNN_2b,3000,0.1,3.5746,0.05516,3,3,prmse_lin
HIGNN_2b,3000,0.15,5.3758,0.022417,3,3,prmse_lin
HIGNN_2b,5000,0.025,0.88282,0.0064993,3,3,prmse_lin
HIGNN_2b,5000,0.05,1.7533,0.015089,3,3,prmse_lin
HIGNN_2b,5000,0.1,3.501,0.018767,3,3,prmse_lin
HIGNN_2b,5000,0.15,5.3325,0.0065123,3,3,prmse_lin
HIGNN_2b,7500,0.025,0.86748,0.011941,3,3,prmse_lin
HIGNN_2b,7500,0.05,1.7113,0.017401,3,3,prmse_lin
HIGNN_2b,7500,0.1,3.4922,0.023804,3,3,prmse_lin
HIGNN_2b,7500,0.15,5.2732,0.004645,3,3,prmse_lin
HIGNN_2b,10000,0.025,0.84759,0.0050941,3,3,prmse_lin
HIGNN_2b,10000,0.05,1.7121,0.0030322,3,3,prmse_lin
HIGNN_2b,10000,0.1,3.4433,0.0033676,3,3,prmse_lin
HIGNN_2b,10000,0.15,5.2678,0.01849,3,3,prmse_lin
HIGNN_2b,20000,0.1,3.4174,0.003365,2,2,prmse_lin
HIGNN_2b,30000,0.1,3.3974,0.004175,2,2,prmse_lin
HIGNN_full,20,0.025,1.2107,0.11971,10,10,prmse_lin
HIGNN_full,20,0.05,1.7178,0.43826,10,10,prmse_lin
HIGNN_full,20,0.1,1.9173,0.23511,10,10,prmse_lin
HIGNN_full,20,0.15,2.1415,0.26155,10,10,prmse_lin
HIGNN_full,30,0.025,1.1365,0.18928,10,10,prmse_lin
HIGNN_full,30,0.05,1.7815,0.1643,10,10,prmse_lin
HIGNN_full,30,0.1,2.7093,0.33981,10,10,prmse_lin
HIGNN_full,30,0.15,3.043,0.22054,10,10,prmse_lin
HIGNN_full,40,0.025,1.2259,0.17091,10,10,prmse_lin
HIGNN_full,40,0.05,1.9347,0.1876,10,10,prmse_lin
HIGNN_full,40,0.1,3.0448,0.24601,10,10,prmse_lin
HIGNN_full,40,0.15,3.8862,0.30049,10,10,prmse_lin
HIGNN_full,50,0.025,1.1004,0.12038,10,10,prmse_lin
HIGNN_full,50,0.05,1.9357,0.24432,10,10,prmse_lin
HIGNN_full,50,0.1,3.4774,0.32711,10,10,prmse_lin
HIGNN_full,50,0.15,4.1486,0.28309,10,10,prmse_lin
HIGNN_full,60,0.025,1.1057,0.2034,10,10,prmse_lin
HIGNN_full,60,0.05,1.9479,0.079791,10,10,prmse_lin
HIGNN_full,60,0.1,3.4463,0.22937,10,10,prmse_lin
HIGNN_full,60,0.15,4.5627,0.28991,10,10,prmse_lin
HIGNN_full,70,0.025,1.1014,0.11049,10,10,prmse_lin
HIGNN_full,70,0.05,1.9767,0.21067,10,10,prmse_lin
HIGNN_full,70,0.1,3.5321,0.26368,10,10,prmse_lin
HIGNN_full,70,0.15,4.6139,0.15709,10,10,prmse_lin
HIGNN_full,80,0.025,1.0434,0.079448,10,10,prmse_lin
HIGNN_full,80,0.05,1.9415,0.15536,10,10,prmse_lin
HIGNN_full,80,0.1,3.5882,0.22531,10,10,prmse_lin
HIGNN_full,80,0.15,4.8719,0.25563,10,10,prmse_lin
HIGNN_full,90,0.025,1.0148,0.077643,10,10,prmse_lin
HIGNN_full,90,0.05,2.1395,0.13554,10,10,prmse_lin
HIGNN_full,90,0.1,3.6983,0.17451,10,10,prmse_lin
HIGNN_full,90,0.15,4.9363,0.30395,10,10,prmse_lin
HIGNN_full,100,0.025,1.0723,0.15982,10,10,prmse_lin
HIGNN_full,100,0.05,1.9107,0.13104,10,10,prmse_lin
HIGNN_full,100,0.1,3.609,0.222,10,10,prmse_lin
HIGNN_full,100,0.15,4.9826,0.20748,10,10,prmse_lin
HIGNN_full,120,0.025,1.0412,0.088479,10,10,prmse_lin
HIGNN_full,120,0.05,2.0725,0.15762,10,10,prmse_lin
HIGNN_full,120,0.1,3.7876,0.21053,10,10,prmse_lin
HIGNN_full,120,0.15,5.2251,0.13785,10,10,prmse_lin
HIGNN_full,140,0.025,1.0431,0.088284,10,10,prmse_lin
HIGNN_full,140,0.05,1.989,0.12213,10,10,prmse_lin
HIGNN_full,140,0.1,3.8168,0.16256,10,10,prmse_lin
HIGNN_full,140,0.15,5.3251,0.20572,10,10,prmse_lin
HIGNN_full,160,0.025,1.0125,0.098652,10,10,prmse_lin
HIGNN_full,160,0.05,1.9212,0.12492,10,10,prmse_lin
HIGNN_full,160,0.1,3.7735,0.18068,10,10,prmse_lin
HIGNN_full,160,0.15,5.3266,0.21101,10,10,prmse_lin
HIGNN_full,180,0.025,1.0391,0.036327,10,10,prmse_lin
HIGNN_full,180,0.05,1.8733,0.10101,10,10,prmse_lin
HIGNN_full,180,0.1,3.748,0.11018,10,10,prmse_lin
HIGNN_full,180,0.15,5.3625,0.14682,10,10,prmse_lin
HIGNN_full,200,0.025,1.0134,0.071196,10,10,prmse_lin
HIGNN_full,200,0.05,1.9308,0.084564,10,10,prmse_lin
HIGNN_full,200,0.1,3.7402,0.1399,10,10,prmse_lin
HIGNN_full,200,0.15,5.4682,0.15245,10,10,prmse_lin
HIGNN_full,300,0.025,0.98197,0.054432,10,10,prmse_lin
HIGNN_full,300,0.05,1.9111,0.064488,10,10,prmse_lin
HIGNN_full,300,0.1,3.6892,0.1303,10,10,prmse_lin
HIGNN_full,300,0.15,5.4659,0.10322,10,10,prmse_lin
HIGNN_full,500,0.025,0.92541,0.026314,10,10,prmse_lin
HIGNN_full,500,0.05,1.8417,0.054987,10,10,prmse_lin
HIGNN_full,500,0.1,3.7512,0.12277,10,10,prmse_lin
HIGNN_full,500,0.15,5.394,0.0784,10,10,prmse_lin
HIGNN_full,1000,0.025,0.90806,0.013348,5,5,prmse_lin
HIGNN_full,1000,0.05,1.7842,0.031303,5,5,prmse_lin
HIGNN_full,1000,0.1,3.659,0.049624,5,5,prmse_lin
HIGNN_full,1000,0.15,5.4445,0.11395,5,5,prmse_lin
HIGNN_full,1500,0.025,0.88562,0.016097,5,5,prmse_lin
HIGNN_full,1500,0.05,1.7532,0.0083278,5,5,prmse_lin
HIGNN_full,1500,0.1,3.5647,0.048446,5,5,prmse_lin
HIGNN_full,1500,0.15,5.4128,0.033279,5,5,prmse_lin
HIGNN_full,2000,0.025,0.88306,0.021377,3,3,prmse_lin
HIGNN_full,2000,0.05,1.7785,0.024543,3,3,prmse_lin
HIGNN_full,2000,0.1,3.5295,0.05364,3,3,prmse_lin
HIGNN_full,2000,0.15,5.3871,0.023689,3,3,prmse_lin
HIGNN_full,2500,0.025,0.89074,0.0051674,3,3,prmse_lin
HIGNN_full,2500,0.05,1.7415,0.014692,3,3,prmse_lin
HIGNN_full,2500,0.1,3.5081,0.0088177,3,3,prmse_lin
HIGNN_full,2500,0.15,5.3163,0.061643,3,3,prmse_lin
HIGNN_full,3000,0.025,0.86423,0.0025962,3,3,prmse_lin
HIGNN_full,3000,0.05,1.7221,0.037686,3,3,prmse_lin
HIGNN_full,3000,0.1,3.5141,0.054657,3,3,prmse_lin
HIGNN_full,3000,0.15,5.2887,0.02261,3,3,prmse_lin
HIGNN_full,5000,0.025,0.86331,0.0061524,3,3,prmse_lin
HIGNN_full,5000,0.05,1.7259,0.014251,3,3,prmse_lin
HIGNN_full,5000,0.1,3.4587,0.018944,3,3,prmse_lin
HIGNN_full,5000,0.15,5.2724,0.0060789,3,3,prmse_lin
HIGNN_full,7500,0.025,0.85278,0.012154,3,3,prmse_lin
HIGNN_full,7500,0.05,1.6903,0.016918,3,3,prmse_lin
HIGNN_full,7500,0.1,3.4604,0.023468,3,3,prmse_lin
HIGNN_full,7500,0.15,5.228,0.0043314,3,3,prmse_lin
HIGNN_full,10000,0.025,0.83604,0.0051221,3,3,prmse_lin
HIGNN_full,10000,0.05,1.695,0.0028428,3,3,prmse_lin
HIGNN_full,10000,0.1,3.4169,0.0031523,3,3,prmse_lin
HIGNN_full,10000,0.15,5.2305,0.018525,3,3,prmse_lin
HIGNN_full,20000,0.1,3.4009,0.00341,2,2,prmse_lin
HIGNN_full,30000,0.1,3.385,0.00424,2,2,prmse_lin
M_2b,20,0.025,1.0713,0.13076,10,10,prmse_lin
M_2b,20,0.05,1.856,0.34615,10,10,prmse_lin
M_2b,20,0.1,3.0257,0.35792,10,10,prmse_lin
M_2b,20,0.15,4.3898,0.41885,10,10,prmse_lin
M_2b,30,0.025,1.0361,0.17317,10,10,prmse_lin
M_2b,30,0.05,1.7513,0.29278,10,10,prmse_lin
M_2b,30,0.1,3.2641,0.50675,10,10,prmse_lin
M_2b,30,0.15,4.472,0.34676,10,10,prmse_lin
M_2b,40,0.025,1.0873,0.11283,10,10,prmse_lin
M_2b,40,0.05,1.8177,0.19466,10,10,prmse_lin
M_2b,40,0.1,3.2267,0.32127,10,10,prmse_lin
M_2b,40,0.15,4.9805,0.40168,10,10,prmse_lin
M_2b,50,0.025,0.98672,0.10587,10,10,prmse_lin
M_2b,50,0.05,1.8471,0.22939,10,10,prmse_lin
M_2b,50,0.1,3.5643,0.30615,10,10,prmse_lin
M_2b,50,0.15,4.9168,0.25942,10,10,prmse_lin
M_2b,60,0.025,0.99968,0.18126,10,10,prmse_lin
M_2b,60,0.05,1.8296,0.11735,10,10,prmse_lin
M_2b,60,0.1,3.5236,0.30604,10,10,prmse_lin
M_2b,60,0.15,5.1263,0.40223,10,10,prmse_lin
M_2b,70,0.025,0.98969,0.10846,10,10,prmse_lin
M_2b,70,0.05,1.8647,0.19159,10,10,prmse_lin
M_2b,70,0.1,3.533,0.22831,10,10,prmse_lin
M_2b,70,0.15,5.0455,0.22523,10,10,prmse_lin
M_2b,80,0.025,0.96736,0.10413,10,10,prmse_lin
M_2b,80,0.05,1.8346,0.16491,10,10,prmse_lin
M_2b,80,0.1,3.5633,0.24715,10,10,prmse_lin
M_2b,80,0.15,5.2158,0.30324,10,10,prmse_lin
M_2b,90,0.025,0.93742,0.088203,10,10,prmse_lin
M_2b,90,0.05,2.0142,0.12822,10,10,prmse_lin
M_2b,90,0.1,3.6561,0.18344,10,10,prmse_lin
M_2b,90,0.15,5.1927,0.33715,10,10,prmse_lin
M_2b,100,0.025,0.97657,0.1484,10,10,prmse_lin
M_2b,100,0.05,1.7583,0.11144,10,10,prmse_lin
M_2b,100,0.1,3.5565,0.18858,10,10,prmse_lin
M_2b,100,0.15,5.1831,0.25318,10,10,prmse_lin
M_2b,120,0.025,0.95317,0.090802,10,10,prmse_lin
M_2b,120,0.05,1.9486,0.14645,10,10,prmse_lin
M_2b,120,0.1,3.7051,0.20547,10,10,prmse_lin
M_2b,120,0.15,5.3101,0.176,10,10,prmse_lin
M_2b,140,0.025,0.96965,0.080939,10,10,prmse_lin
M_2b,140,0.05,1.8623,0.1109,10,10,prmse_lin
M_2b,140,0.1,3.683,0.15226,10,10,prmse_lin
M_2b,140,0.15,5.3972,0.22052,10,10,prmse_lin
M_2b,160,0.025,0.95022,0.095577,10,10,prmse_lin
M_2b,160,0.05,1.7987,0.11919,10,10,prmse_lin
M_2b,160,0.1,3.6713,0.16436,10,10,prmse_lin
M_2b,160,0.15,5.3334,0.21481,10,10,prmse_lin
M_2b,180,0.025,0.97199,0.04303,10,10,prmse_lin
M_2b,180,0.05,1.7661,0.092234,10,10,prmse_lin
M_2b,180,0.1,3.6029,0.10134,10,10,prmse_lin
M_2b,180,0.15,5.3247,0.16051,10,10,prmse_lin
M_2b,200,0.025,0.95379,0.065891,10,10,prmse_lin
M_2b,200,0.05,1.823,0.082422,10,10,prmse_lin
M_2b,200,0.1,3.6064,0.14776,10,10,prmse_lin
M_2b,200,0.15,5.4129,0.14197,10,10,prmse_lin
M_2b,300,0.025,0.94037,0.055042,10,10,prmse_lin
M_2b,300,0.05,1.8251,0.063379,10,10,prmse_lin
M_2b,300,0.1,3.5625,0.12922,10,10,prmse_lin
M_2b,300,0.15,5.3805,0.10014,10,10,prmse_lin
M_3b,20,0.025,0.70275,0.13822,10,10,prmse_lin
M_3b,20,0.05,1.0895,0.19478,10,10,prmse_lin
M_3b,20,0.1,1.3789,0.24523,10,10,prmse_lin
M_3b,20,0.15,1.7304,0.10312,10,10,prmse_lin
M_3b,30,0.025,0.75979,0.094011,10,10,prmse_lin
M_3b,30,0.05,1.0538,0.10856,10,10,prmse_lin
M_3b,30,0.1,1.6575,0.27652,10,10,prmse_lin
M_3b,30,0.15,2.0235,0.22789,10,10,prmse_lin
M_3b,40,0.025,0.84375,0.07707,10,10,prmse_lin
M_3b,40,0.05,1.2676,0.11771,10,10,prmse_lin
M_3b,40,0.1,1.8455,0.19838,10,10,prmse_lin
M_3b,40,0.15,2.3579,0.17565,10,10,prmse_lin
M_3b,50,0.025,0.8034,0.10696,10,10,prmse_lin
M_3b,50,0.05,1.3304,0.19055,10,10,prmse_lin
M_3b,50,0.1,2.0118,0.15682,10,10,prmse_lin
M_3b,50,0.15,2.4414,0.18235,10,10,prmse_lin
M_3b,60,0.025,0.82666,0.11398,10,10,prmse_lin
M_3b,60,0.05,1.3353,0.073876,10,10,prmse_lin
M_3b,60,0.1,2.0597,0.15458,10,10,prmse_lin
M_3b,60,0.15,2.7207,0.22259,10,10,prmse_lin
M_3b,70,0.025,0.83301,0.07412,10,10,prmse_lin
M_3b,70,0.05,1.3544,0.12896,10,10,prmse_lin
M_3b,70,0.1,2.1172,0.15072,10,10,prmse_lin
M_3b,70,0.15,2.6692,0.13343,10,10,prmse_lin
M_3b,80,0.025,0.80955,0.05649,10,10,prmse_lin
M_3b,80,0.05,1.4154,0.1158,10,10,prmse_lin
M_3b,80,0.1,2.2463,0.14731,10,10,prmse_lin
M_3b,80,0.15,2.8716,0.1385,10,10,prmse_lin
M_3b,90,0.025,0.79662,0.062039,10,10,prmse_lin
M_3b,90,0.05,1.5439,0.11115,10,10,prmse_lin
M_3b,90,0.1,2.4021,0.094563,10,10,prmse_lin
M_3b,90,0.15,2.9774,0.14903,10,10,prmse_lin
M_3b,100,0.025,0.85218,0.12221,10,10,prmse_lin
M_3b,100,0.05,1.3718,0.071601,10,10,prmse_lin
M_3b,100,0.1,2.4117,0.11949,10,10,prmse_lin
M_3b,100,0.15,3.0381,0.15008,10,10,prmse_lin
M_3b,120,0.025,0.82657,0.07153,10,10,prmse_lin
M_3b,120,0.05,1.5716,0.11389,10,10,prmse_lin
M_3b,120,0.1,2.5618,0.081926,10,10,prmse_lin
M_3b,120,0.15,3.3468,0.11867,10,10,prmse_lin
M_3b,140,0.025,0.8701,0.066817,10,10,prmse_lin
M_3b,140,0.05,1.5498,0.070831,10,10,prmse_lin
M_3b,140,0.1,2.6924,0.14246,10,10,prmse_lin
M_3b,140,0.15,3.4734,0.11504,10,10,prmse_lin
M_3b,160,0.025,0.85638,0.074265,10,10,prmse_lin
M_3b,160,0.05,1.5321,0.092786,10,10,prmse_lin
M_3b,160,0.1,2.7372,0.097895,10,10,prmse_lin
M_3b,160,0.15,3.5555,0.12849,10,10,prmse_lin
M_3b,180,0.025,0.87891,0.039966,10,10,prmse_lin
M_3b,180,0.05,1.5152,0.087368,10,10,prmse_lin
M_3b,180,0.1,2.7584,0.091161,10,10,prmse_lin
M_3b,180,0.15,3.7067,0.097101,10,10,prmse_lin
M_3b,200,0.025,0.86244,0.05715,10,10,prmse_lin
M_3b,200,0.05,1.5701,0.074521,10,10,prmse_lin
M_3b,200,0.1,2.7764,0.090478,10,10,prmse_lin
M_3b,200,0.15,3.8094,0.1344,10,10,prmse_lin
M_3b,300,0.025,0.86894,0.047329,10,10,prmse_lin
M_3b,300,0.05,1.6301,0.059063,10,10,prmse_lin
M_3b,300,0.1,2.9395,0.10985,10,10,prmse_lin
M_3b,300,0.15,4.0979,0.089829,10,10,prmse_lin
M_nbody_b1,20,0.025,0.69015,0.12583,10,10,prmse_lin
M_nbody_b1,20,0.05,1.1015,0.20381,10,10,prmse_lin
M_nbody_b1,20,0.1,1.4834,0.23526,10,10,prmse_lin
M_nbody_b1,20,0.15,2.3112,0.33078,10,10,prmse_lin
M_nbody_b1,30,0.025,0.72727,0.079556,10,10,prmse_lin
M_nbody_b1,30,0.05,1.0722,0.18956,10,10,prmse_lin
M_nbody_b1,30,0.1,1.9635,0.35965,10,10,prmse_lin
M_nbody_b1,30,0.15,2.9053,0.31805,10,10,prmse_lin
M_nbody_b1,40,0.025,0.82213,0.080716,10,10,prmse_lin
M_nbody_b1,40,0.05,1.2202,0.13382,10,10,prmse_lin
M_nbody_b1,40,0.1,2.1684,0.24927,10,10,prmse_lin
M_nbody_b1,40,0.15,3.5128,0.30394,10,10,prmse_lin
M_nbody_b1,50,0.025,0.77974,0.09663,10,10,prmse_lin
M_nbody_b1,50,0.05,1.299,0.20456,10,10,prmse_lin
M_nbody_b1,50,0.1,2.5717,0.28567,10,10,prmse_lin
M_nbody_b1,50,0.15,3.7265,0.24615,10,10,prmse_lin
M_nbody_b1,60,0.025,0.80765,0.11515,10,10,prmse_lin
M_nbody_b1,60,0.05,1.3115,0.072819,10,10,prmse_lin
M_nbody_b1,60,0.1,2.5946,0.25912,10,10,prmse_lin
M_nbody_b1,60,0.15,4.0984,0.33042,10,10,prmse_lin
M_nbody_b1,70,0.025,0.81199,0.078121,10,10,prmse_lin
M_nbody_b1,70,0.05,1.3483,0.15178,10,10,prmse_lin
M_nbody_b1,70,0.1,2.6561,0.222,10,10,prmse_lin
M_nbody_b1,70,0.15,4.1086,0.20877,10,10,prmse_lin
M_nbody_b1,80,0.025,0.79284,0.065838,10,10,prmse_lin
M_nbody_b1,80,0.05,1.3776,0.12784,10,10,prmse_lin
M_nbody_b1,80,0.1,2.7668,0.23567,10,10,prmse_lin
M_nbody_b1,80,0.15,4.309,0.28839,10,10,prmse_lin
M_nbody_b1,90,0.025,0.78129,0.069562,10,10,prmse_lin
M_nbody_b1,90,0.05,1.5228,0.11285,10,10,prmse_lin
M_nbody_b1,90,0.1,2.9271,0.16546,10,10,prmse_lin
M_nbody_b1,90,0.15,4.3952,0.34718,10,10,prmse_lin
M_nbody_b1,100,0.025,0.83527,0.1185,10,10,prmse_lin
M_nbody_b1,100,0.05,1.3619,0.090203,10,10,prmse_lin
M_nbody_b1,100,0.1,2.8686,0.19105,10,10,prmse_lin
M_nbody_b1,100,0.15,4.4053,0.25169,10,10,prmse_lin
M_nbody_b1,120,0.025,0.81366,0.068143,10,10,prmse_lin
M_nbody_b1,120,0.05,1.5593,0.12125,10,10,prmse_lin
M_nbody_b1,120,0.1,3.0674,0.20251,10,10,prmse_lin
M_nbody_b1,120,0.15,4.6269,0.17365,10,10,prmse_lin
M_nbody_b1,140,0.025,0.85742,0.064662,10,10,prmse_lin
M_nbody_b1,140,0.05,1.5253,0.085604,10,10,prmse_lin
M_nbody_b1,140,0.1,3.1252,0.14883,10,10,prmse_lin
M_nbody_b1,140,0.15,4.7745,0.23109,10,10,prmse_lin
M_nbody_b1,160,0.025,0.84004,0.075303,10,10,prmse_lin
M_nbody_b1,160,0.05,1.5085,0.10117,10,10,prmse_lin
M_nbody_b1,160,0.1,3.1345,0.15807,10,10,prmse_lin
M_nbody_b1,160,0.15,4.7813,0.1993,10,10,prmse_lin
M_nbody_b1,180,0.025,0.86564,0.042402,10,10,prmse_lin
M_nbody_b1,180,0.05,1.4831,0.08817,10,10,prmse_lin
M_nbody_b1,180,0.1,3.1334,0.10243,10,10,prmse_lin
M_nbody_b1,180,0.15,4.7912,0.16309,10,10,prmse_lin
M_nbody_b1,200,0.025,0.84895,0.059973,10,10,prmse_lin
M_nbody_b1,200,0.05,1.5515,0.07668,10,10,prmse_lin
M_nbody_b1,200,0.1,3.1488,0.14391,10,10,prmse_lin
M_nbody_b1,200,0.15,4.9199,0.15902,10,10,prmse_lin
M_nbody_b1,300,0.025,0.85827,0.045366,10,10,prmse_lin
M_nbody_b1,300,0.05,1.6151,0.06015,10,10,prmse_lin
M_nbody_b1,300,0.1,3.2035,0.1301,10,10,prmse_lin
M_nbody_b1,300,0.15,4.9946,0.10192,10,10,prmse_lin
M_rpy,20,0.025,1.8264,0.17235,10,10,prmse_lin
M_rpy,20,0.05,2.8072,0.45924,10,10,prmse_lin
M_rpy,20,0.1,4.5988,0.51071,10,10,prmse_lin
M_rpy,20,0.15,6.3787,0.53193,10,10,prmse_lin
M_rpy,30,0.025,1.6043,0.21813,10,10,prmse_lin
M_rpy,30,0.05,2.595,0.42303,10,10,prmse_lin
M_rpy,30,0.1,4.5183,0.59145,10,10,prmse_lin
M_rpy,30,0.15,6.0513,0.38508,10,10,prmse_lin
M_rpy,40,0.025,1.5665,0.14305,10,10,prmse_lin
M_rpy,40,0.05,2.4581,0.23237,10,10,prmse_lin
M_rpy,40,0.1,4.2143,0.36728,10,10,prmse_lin
M_rpy,40,0.15,6.3933,0.42689,10,10,prmse_lin
M_rpy,50,0.025,1.3947,0.13544,10,10,prmse_lin
M_rpy,50,0.05,2.4095,0.29294,10,10,prmse_lin
M_rpy,50,0.1,4.5115,0.35126,10,10,prmse_lin
M_rpy,50,0.15,6.148,0.26558,10,10,prmse_lin
M_rpy,60,0.025,1.3428,0.23208,10,10,prmse_lin
M_rpy,60,0.05,2.3751,0.14755,10,10,prmse_lin
M_rpy,60,0.1,4.4051,0.337,10,10,prmse_lin
M_rpy,60,0.15,6.2371,0.41962,10,10,prmse_lin
M_rpy,70,0.025,1.3157,0.1439,10,10,prmse_lin
M_rpy,70,0.05,2.3747,0.21834,10,10,prmse_lin
M_rpy,70,0.1,4.3192,0.25464,10,10,prmse_lin
M_rpy,70,0.15,6.0722,0.25767,10,10,prmse_lin
M_rpy,80,0.025,1.2667,0.15613,10,10,prmse_lin
M_rpy,80,0.05,2.2719,0.17752,10,10,prmse_lin
M_rpy,80,0.1,4.2853,0.26981,10,10,prmse_lin
M_rpy,80,0.15,6.1812,0.34534,10,10,prmse_lin
M_rpy,90,0.025,1.2186,0.10574,10,10,prmse_lin
M_rpy,90,0.05,2.4542,0.13027,10,10,prmse_lin
M_rpy,90,0.1,4.3235,0.22129,10,10,prmse_lin
M_rpy,90,0.15,6.0953,0.36777,10,10,prmse_lin
M_rpy,100,0.025,1.2318,0.16177,10,10,prmse_lin
M_rpy,100,0.05,2.1389,0.12102,10,10,prmse_lin
M_rpy,100,0.1,4.1796,0.20278,10,10,prmse_lin
M_rpy,100,0.15,6.0135,0.27803,10,10,prmse_lin
M_rpy,120,0.025,1.1969,0.11411,10,10,prmse_lin
M_rpy,120,0.05,2.3011,0.14993,10,10,prmse_lin
M_rpy,120,0.1,4.2782,0.22726,10,10,prmse_lin
M_rpy,120,0.15,6.0576,0.1974,10,10,prmse_lin
M_rpy,140,0.025,1.1699,0.096198,10,10,prmse_lin
M_rpy,140,0.05,2.1708,0.13341,10,10,prmse_lin
M_rpy,140,0.1,4.1907,0.15215,10,10,prmse_lin
M_rpy,140,0.15,6.0914,0.23666,10,10,prmse_lin
M_rpy,160,0.025,1.1356,0.11489,10,10,prmse_lin
M_rpy,160,0.05,2.0841,0.13015,10,10,prmse_lin
M_rpy,160,0.1,4.1368,0.17648,10,10,prmse_lin
M_rpy,160,0.15,5.9607,0.22685,10,10,prmse_lin
M_rpy,180,0.025,1.1458,0.049853,10,10,prmse_lin
M_rpy,180,0.05,2.0274,0.094927,10,10,prmse_lin
M_rpy,180,0.1,4.027,0.11016,10,10,prmse_lin
M_rpy,180,0.15,5.9013,0.16698,10,10,prmse_lin
M_rpy,200,0.025,1.127,0.072325,10,10,prmse_lin
M_rpy,200,0.05,2.0734,0.085193,10,10,prmse_lin
M_rpy,200,0.075,3.2129,0.11738,10,10,prmse_lin
M_rpy,200,0.1,4.0163,0.15805,10,10,prmse_lin
M_rpy,200,0.125,5.0784,0.14691,10,10,prmse_lin
M_rpy,200,0.15,5.9651,0.14514,10,10,prmse_lin
M_rpy,200,0.175,6.8526,0.19664,10,10,prmse_lin
M_rpy,200,0.2,7.7353,0.25853,10,10,prmse_lin
M_rpy,300,0.025,1.0687,0.058547,10,10,prmse_lin
M_rpy,300,0.05,2.015,0.066277,10,10,prmse_lin
M_rpy,300,0.1,3.8692,0.13653,10,10,prmse_lin
M_rpy,300,0.15,5.8055,0.10014,10,10,prmse_lin
NeMO,20,0.025,0.42562,0.079812,10,10,prmse_lin
NeMO,20,0.05,0.67808,0.10217,10,10,prmse_lin
NeMO,20,0.1,0.66108,0.11725,10,10,prmse_lin
NeMO,20,0.15,0.87183,0.098089,10,10,prmse_lin
NeMO,30,0.025,0.43586,0.061313,10,10,prmse_lin
NeMO,30,0.05,0.66069,0.063017,10,10,prmse_lin
NeMO,30,0.1,0.86229,0.1016,10,10,prmse_lin
NeMO,30,0.15,0.84337,0.098967,10,10,prmse_lin
NeMO,40,0.025,0.47254,0.064197,10,10,prmse_lin
NeMO,40,0.05,0.67258,0.059978,10,10,prmse_lin
NeMO,40,0.1,1.0088,0.060298,10,10,prmse_lin
NeMO,40,0.15,1.0391,0.06653,10,10,prmse_lin
NeMO,50,0.025,0.50224,0.080994,10,10,prmse_lin
NeMO,50,0.05,0.74577,0.12972,10,10,prmse_lin
NeMO,50,0.1,1.0215,0.047148,10,10,prmse_lin
NeMO,50,0.15,1.2246,0.095554,10,10,prmse_lin
NeMO,60,0.025,0.49639,0.058832,10,10,prmse_lin
NeMO,60,0.05,0.74486,0.051729,10,10,prmse_lin
NeMO,60,0.1,1.0444,0.084579,10,10,prmse_lin
NeMO,60,0.15,1.3131,0.065157,10,10,prmse_lin
NeMO,70,0.025,0.55123,0.054269,10,10,prmse_lin
NeMO,70,0.05,0.72664,0.077487,10,10,prmse_lin
NeMO,70,0.1,1.0589,0.071015,10,10,prmse_lin
NeMO,70,0.15,1.2919,0.082847,10,10,prmse_lin
NeMO,80,0.025,0.51152,0.047036,10,10,prmse_lin
NeMO,80,0.05,0.80993,0.08885,10,10,prmse_lin
NeMO,80,0.1,1.1021,0.083721,10,10,prmse_lin
NeMO,80,0.15,1.3838,0.08468,10,10,prmse_lin
NeMO,90,0.025,0.56076,0.058376,10,10,prmse_lin
NeMO,90,0.05,0.88333,0.065059,10,10,prmse_lin
NeMO,90,0.1,1.1824,0.080435,10,10,prmse_lin
NeMO,90,0.15,1.4606,0.090121,10,10,prmse_lin
NeMO,100,0.025,0.56856,0.067869,10,10,prmse_lin
NeMO,100,0.05,0.78195,0.069126,10,10,prmse_lin
NeMO,100,0.1,1.2348,0.059053,10,10,prmse_lin
NeMO,100,0.15,1.4835,0.063741,10,10,prmse_lin
NeMO,120,0.025,0.57139,0.072011,10,10,prmse_lin
NeMO,120,0.05,0.96392,0.087205,10,10,prmse_lin
NeMO,120,0.1,1.3636,0.070838,10,10,prmse_lin
NeMO,120,0.15,1.8344,0.10509,10,10,prmse_lin
NeMO,140,0.025,0.63866,0.047701,10,10,prmse_lin
NeMO,140,0.05,0.97343,0.04546,10,10,prmse_lin
NeMO,140,0.1,1.5069,0.10827,10,10,prmse_lin
NeMO,140,0.15,1.9729,0.12505,10,10,prmse_lin
NeMO,160,0.025,0.63051,0.050571,10,10,prmse_lin
NeMO,160,0.05,1.032,0.064096,10,10,prmse_lin
NeMO,160,0.1,1.5967,0.074243,10,10,prmse_lin
NeMO,160,0.15,2.0763,0.095056,10,10,prmse_lin
NeMO,180,0.025,0.6517,0.035244,10,10,prmse_lin
NeMO,180,0.05,1.0281,0.069244,10,10,prmse_lin
NeMO,180,0.1,1.6689,0.11282,10,10,prmse_lin
NeMO,180,0.15,2.2729,0.068707,10,10,prmse_lin
NeMO,200,0.025,0.65784,0.04641,10,10,prmse_lin
NeMO,200,0.05,1.0834,0.072737,10,10,prmse_lin
NeMO,200,0.075,1.5029,0.088334,10,10,prmse_lin
NeMO,200,0.1,1.7253,0.061225,10,10,prmse_lin
NeMO,200,0.125,2.1147,0.079948,10,10,prmse_lin
NeMO,200,0.15,2.4273,0.13431,10,10,prmse_lin
NeMO,200,0.175,2.7395,0.12097,10,10,prmse_lin
NeMO,200,0.2,3.1909,0.15435,10,10,prmse_lin
NeMO,300,0.025,0.69917,0.037909,10,10,prmse_lin
NeMO,300,0.05,1.2314,0.052853,10,10,prmse_lin
NeMO,300,0.1,2.0543,0.10215,10,10,prmse_lin
NeMO,300,0.15,2.9057,0.070784,10,10,prmse_lin
NeMO,500,0.025,0.72772,0.020375,10,10,prmse_lin
NeMO,500,0.05,1.3277,0.038155,10,10,prmse_lin
NeMO,500,0.1,2.4529,0.073286,10,10,prmse_lin
NeMO,500,0.15,3.4104,0.045725,10,10,prmse_lin
NeMO,1000,0.025,0.7751,0.014919,5,5,prmse_lin
NeMO,1000,0.05,1.4539,0.029763,5,5,prmse_lin
NeMO,1000,0.1,2.8035,0.036719,5,5,prmse_lin
NeMO,1000,0.15,4.0785,0.1127,5,5,prmse_lin
NeMO,1500,0.025,0.77916,0.016209,5,5,prmse_lin
NeMO,1500,0.05,1.4974,0.011803,5,5,prmse_lin
NeMO,1500,0.1,2.9046,0.039252,5,5,prmse_lin
NeMO,1500,0.15,4.3387,0.03272,5,5,prmse_lin
NeMO,2000,0.025,0.79103,0.021436,3,3,prmse_lin
NeMO,2000,0.05,1.5635,0.021887,3,3,prmse_lin
NeMO,2000,0.1,2.9834,0.050036,3,3,prmse_lin
NeMO,2000,0.15,4.4825,0.028755,3,3,prmse_lin
NeMO,2500,0.025,0.80465,0.0049513,3,3,prmse_lin
NeMO,2500,0.05,1.5512,0.012278,3,3,prmse_lin
NeMO,2500,0.1,3.0317,0.013455,3,3,prmse_lin
NeMO,2500,0.15,4.5415,0.055798,3,3,prmse_lin
NeMO,3000,0.025,0.78874,0.0029251,3,3,prmse_lin
NeMO,3000,0.05,1.5501,0.034099,3,3,prmse_lin
NeMO,3000,0.1,3.0919,0.046446,3,3,prmse_lin
NeMO,3000,0.15,4.5991,0.019987,3,3,prmse_lin
NeMO,5000,0.025,0.80141,0.0062664,3,3,prmse_lin
NeMO,5000,0.05,1.5958,0.013022,3,3,prmse_lin
NeMO,5000,0.1,3.1484,0.018051,3,3,prmse_lin
NeMO,5000,0.15,4.769,0.004849,3,3,prmse_lin
NeMO,7500,0.025,0.80063,0.011995,3,3,prmse_lin
NeMO,7500,0.05,1.5843,0.016617,3,3,prmse_lin
NeMO,7500,0.1,3.2153,0.021806,3,3,prmse_lin
NeMO,7500,0.15,4.8358,0.0039517,3,3,prmse_lin
NeMO,10000,0.025,0.79125,0.0051255,3,3,prmse_lin
NeMO,10000,0.05,1.6036,0.0027073,3,3,prmse_lin
NeMO,10000,0.1,3.211,0.0034871,3,3,prmse_lin
NeMO,10000,0.15,4.901,0.018041,3,3,prmse_lin
NeMO,20000,0.1,3.2609,0.00278,2,2,prmse_lin
NeMO,30000,0.1,3.2736,0.004355,2,2,prmse_lin
NeMO + FTS,20,0.025,0.17474,0.084652,10,10,prmse_lin
NeMO + FTS,20,0.05,0.33115,0.11704,10,10,prmse_lin
NeMO + FTS,20,0.1,0.48271,0.095125,10,10,prmse_lin
NeMO + FTS,20,0.15,0.69402,0.098803,10,10,prmse_lin
NeMO + FTS,30,0.025,0.14262,0.029422,10,10,prmse_lin
NeMO + FTS,30,0.05,0.23951,0.054217,10,10,prmse_lin
NeMO + FTS,30,0.1,0.49974,0.094198,10,10,prmse_lin
NeMO + FTS,30,0.15,0.61333,0.094052,10,10,prmse_lin
NeMO + FTS,40,0.025,0.13949,0.043717,10,10,prmse_lin
NeMO + FTS,40,0.05,0.24471,0.053798,10,10,prmse_lin
NeMO + FTS,40,0.1,0.44822,0.054653,10,10,prmse_lin
NeMO + FTS,40,0.15,0.62432,0.064863,10,10,prmse_lin
NeMO + FTS,50,0.025,0.12481,0.042961,10,10,prmse_lin
NeMO + FTS,50,0.05,0.26565,0.066556,10,10,prmse_lin
NeMO + FTS,50,0.1,0.42817,0.056579,10,10,prmse_lin
NeMO + FTS,50,0.15,0.63032,0.070821,10,10,prmse_lin
NeMO + FTS,60,0.025,0.12287,0.036205,10,10,prmse_lin
NeMO + FTS,60,0.05,0.2226,0.030137,10,10,prmse_lin
NeMO + FTS,60,0.1,0.43379,0.053864,10,10,prmse_lin
NeMO + FTS,60,0.15,0.59292,0.075381,10,10,prmse_lin
NeMO + FTS,70,0.025,0.1351,0.028748,10,10,prmse_lin
NeMO + FTS,70,0.05,0.21253,0.046633,10,10,prmse_lin
NeMO + FTS,70,0.1,0.41155,0.037002,10,10,prmse_lin
NeMO + FTS,70,0.15,0.5779,0.060804,10,10,prmse_lin
NeMO + FTS,80,0.025,0.13189,0.032056,10,10,prmse_lin
NeMO + FTS,80,0.05,0.22084,0.034297,10,10,prmse_lin
NeMO + FTS,80,0.1,0.39123,0.030535,10,10,prmse_lin
NeMO + FTS,80,0.15,0.57664,0.059008,10,10,prmse_lin
NeMO + FTS,90,0.025,0.12614,0.035865,10,10,prmse_lin
NeMO + FTS,90,0.05,0.21855,0.029216,10,10,prmse_lin
NeMO + FTS,90,0.1,0.3722,0.044027,10,10,prmse_lin
NeMO + FTS,90,0.15,0.54842,0.028005,10,10,prmse_lin
NeMO + FTS,100,0.025,0.11361,0.02482,10,10,prmse_lin
NeMO + FTS,100,0.05,0.18065,0.022487,10,10,prmse_lin
NeMO + FTS,100,0.1,0.3651,0.028814,10,10,prmse_lin
NeMO + FTS,100,0.15,0.52471,0.029598,10,10,prmse_lin
NeMO + FTS,120,0.025,0.10747,0.028711,10,10,prmse_lin
NeMO + FTS,120,0.05,0.19997,0.03464,10,10,prmse_lin
NeMO + FTS,120,0.1,0.36272,0.020581,10,10,prmse_lin
NeMO + FTS,120,0.15,0.51283,0.046438,10,10,prmse_lin
NeMO + FTS,140,0.025,0.10111,0.016422,10,10,prmse_lin
NeMO + FTS,140,0.05,0.17675,0.019281,10,10,prmse_lin
NeMO + FTS,140,0.1,0.33883,0.022675,10,10,prmse_lin
NeMO + FTS,140,0.15,0.48773,0.028756,10,10,prmse_lin
NeMO + FTS,160,0.025,0.09013,0.015415,10,10,prmse_lin
NeMO + FTS,160,0.05,0.17222,0.023055,10,10,prmse_lin
NeMO + FTS,160,0.1,0.32634,0.018414,10,10,prmse_lin
NeMO + FTS,160,0.15,0.45227,0.037,10,10,prmse_lin
NeMO + FTS,180,0.025,0.094759,0.012258,10,10,prmse_lin
NeMO + FTS,180,0.05,0.16865,0.014038,10,10,prmse_lin
NeMO + FTS,180,0.1,0.31479,0.03855,10,10,prmse_lin
NeMO + FTS,180,0.15,0.45434,0.023448,10,10,prmse_lin
NeMO + FTS,200,0.025,0.10279,0.016662,10,10,prmse_lin
NeMO + FTS,200,0.05,0.16802,0.021826,10,10,prmse_lin
NeMO + FTS,200,0.075,0.2432,0.013658,10,10,prmse_lin
NeMO + FTS,200,0.1,0.30727,0.025262,10,10,prmse_lin
NeMO + FTS,200,0.125,0.36565,0.016343,10,10,prmse_lin
NeMO + FTS,200,0.15,0.44988,0.02499,10,10,prmse_lin
NeMO + FTS,200,0.175,0.51283,0.018507,10,10,prmse_lin
NeMO + FTS,200,0.2,0.57292,0.043093,10,10,prmse_lin
SD,200,0.025,2.158,0.22326,10,10,prmse_lin
SD,200,0.05,4.8815,0.34785,10,10,prmse_lin
SD,200,0.075,8.8105,0.25762,10,10,prmse_lin
SD,200,0.1,11.872,0.48945,10,10,prmse_lin
SD,200,0.125,15.254,0.3934,10,10,prmse_lin
SD,200,0.15,18.913,0.37563,10,10,prmse_lin
SD,200,0.175,22.127,0.46622,10,10,prmse_lin
SD,200,0.2,25.178,0.42832,10,10,prmse_lin
SD_Minf,200,0.025,0.075859,0.0090076,10,10,prmse_lin
SD_Minf,200,0.05,0.13269,0.020987,10,10,prmse_lin
SD_Minf,200,0.075,0.21389,0.016079,10,10,prmse_lin
SD_Minf,200,0.1,0.27268,0.024412,10,10,prmse_lin
SD_Minf,200,0.125,0.36777,0.022183,10,10,prmse_lin
SD_Minf,200,0.15,0.50126,0.033368,10,10,prmse_lin
SD_Minf,200,0.175,0.6198,0.04669,10,10,prmse_lin
SD_Minf,200,0.2,0.76873,0.054092,10,10,prmse_lin
HIGNN_2b,20,0.025,12.771,3.0304,10,10,prmse_fluct
HIGNN_2b,20,0.05,18.551,2.5734,10,10,prmse_fluct
HIGNN_2b,20,0.1,32.527,3.1927,10,10,prmse_fluct
HIGNN_2b,20,0.15,48.5,4.9016,10,10,prmse_fluct
HIGNN_2b,30,0.025,9.788,1.0936,10,10,prmse_fluct
HIGNN_2b,30,0.05,15.464,2.1727,10,10,prmse_fluct
HIGNN_2b,30,0.1,29.242,4.3558,10,10,prmse_fluct
HIGNN_2b,30,0.15,44.023,4.7109,10,10,prmse_fluct
HIGNN_2b,40,0.025,9.2895,1.0137,10,10,prmse_fluct
HIGNN_2b,40,0.05,14.552,1.5653,10,10,prmse_fluct
HIGNN_2b,40,0.1,26.53,2.4576,10,10,prmse_fluct
HIGNN_2b,40,0.15,44.553,3.4147,10,10,prmse_fluct
HIGNN_2b,50,0.025,8.6077,1.1597,10,10,prmse_fluct
HIGNN_2b,50,0.05,14.067,1.7038,10,10,prmse_fluct
HIGNN_2b,50,0.1,27.302,2.5672,10,10,prmse_fluct
HIGNN_2b,50,0.15,40.459,3.1303,10,10,prmse_fluct
HIGNN_2b,60,0.025,7.6134,0.88029,10,10,prmse_fluct
HIGNN_2b,60,0.05,13.405,1.0988,10,10,prmse_fluct
HIGNN_2b,60,0.1,26.282,2.1411,10,10,prmse_fluct
HIGNN_2b,60,0.15,41.028,3.6075,10,10,prmse_fluct
HIGNN_2b,70,0.025,7.7254,0.71428,10,10,prmse_fluct
HIGNN_2b,70,0.05,12.988,0.98107,10,10,prmse_fluct
HIGNN_2b,70,0.1,24.799,1.7031,10,10,prmse_fluct
HIGNN_2b,70,0.15,37.777,1.374,10,10,prmse_fluct
HIGNN_2b,80,0.025,7.3263,1.3281,10,10,prmse_fluct
HIGNN_2b,80,0.05,12.369,1.1367,10,10,prmse_fluct
HIGNN_2b,80,0.1,24.221,1.2629,10,10,prmse_fluct
HIGNN_2b,80,0.15,38.262,2.4369,10,10,prmse_fluct
HIGNN_2b,90,0.025,7.3405,1.0169,10,10,prmse_fluct
HIGNN_2b,90,0.05,13.039,0.85416,10,10,prmse_fluct
HIGNN_2b,90,0.1,24.006,1.1573,10,10,prmse_fluct
HIGNN_2b,90,0.15,38.142,2.3954,10,10,prmse_fluct
HIGNN_2b,100,0.025,6.8735,0.60076,10,10,prmse_fluct
HIGNN_2b,100,0.05,11.232,0.61468,10,10,prmse_fluct
HIGNN_2b,100,0.1,23.62,1.2604,10,10,prmse_fluct
HIGNN_2b,100,0.15,36.112,1.5808,10,10,prmse_fluct
HIGNN_2b,120,0.025,6.4731,0.83944,10,10,prmse_fluct
HIGNN_2b,120,0.05,11.848,0.55602,10,10,prmse_fluct
HIGNN_2b,120,0.1,23.791,1.0034,10,10,prmse_fluct
HIGNN_2b,120,0.15,37.156,1.631,10,10,prmse_fluct
HIGNN_2b,140,0.025,6.2688,0.45693,10,10,prmse_fluct
HIGNN_2b,140,0.05,11.076,0.4296,10,10,prmse_fluct
HIGNN_2b,140,0.1,23.222,1.139,10,10,prmse_fluct
HIGNN_2b,140,0.15,36.261,1.5666,10,10,prmse_fluct
HIGNN_2b,160,0.025,5.9803,0.44916,10,10,prmse_fluct
HIGNN_2b,160,0.05,11.066,0.648,10,10,prmse_fluct
HIGNN_2b,160,0.1,22.547,0.87709,10,10,prmse_fluct
HIGNN_2b,160,0.15,34.852,1.3562,10,10,prmse_fluct
HIGNN_2b,180,0.025,5.8115,0.36315,10,10,prmse_fluct
HIGNN_2b,180,0.05,10.34,0.35774,10,10,prmse_fluct
HIGNN_2b,180,0.1,21.654,0.85723,10,10,prmse_fluct
HIGNN_2b,180,0.15,34.701,1.0387,10,10,prmse_fluct
HIGNN_2b,200,0.025,5.798,0.33427,10,10,prmse_fluct
HIGNN_2b,200,0.05,10.513,0.39049,10,10,prmse_fluct
HIGNN_2b,200,0.1,21.711,0.61449,10,10,prmse_fluct
HIGNN_2b,200,0.15,34.774,1.1675,10,10,prmse_fluct
HIGNN_2b,300,0.025,5.2215,0.19539,10,10,prmse_fluct
HIGNN_2b,300,0.05,10.11,0.39166,10,10,prmse_fluct
HIGNN_2b,300,0.1,20.502,0.79728,10,10,prmse_fluct
HIGNN_2b,300,0.15,33.063,0.74746,10,10,prmse_fluct
HIGNN_2b,500,0.025,4.7227,0.18274,10,10,prmse_fluct
HIGNN_2b,500,0.05,9.2959,0.18646,10,10,prmse_fluct
HIGNN_2b,500,0.1,19.984,0.48573,10,10,prmse_fluct
HIGNN_2b,500,0.15,31.128,0.57697,10,10,prmse_fluct
HIGNN_2b,1000,0.025,4.3034,0.033347,5,5,prmse_fluct
HIGNN_2b,1000,0.05,8.6552,0.16889,5,5,prmse_fluct
HIGNN_2b,1000,0.1,18.815,0.23749,5,5,prmse_fluct
HIGNN_2b,1000,0.15,30.37,0.89643,5,5,prmse_fluct
HIGNN_2b,1500,0.025,4.1107,0.055509,5,5,prmse_fluct
HIGNN_2b,1500,0.05,8.4207,0.064641,5,5,prmse_fluct
HIGNN_2b,1500,0.1,18.123,0.14524,5,5,prmse_fluct
HIGNN_2b,1500,0.15,29.621,0.18246,5,5,prmse_fluct
HIGNN_2b,2000,0.025,4.0023,0.064608,3,3,prmse_fluct
HIGNN_2b,2000,0.05,8.3942,0.1044,3,3,prmse_fluct
HIGNN_2b,2000,0.1,17.735,0.17159,3,3,prmse_fluct
HIGNN_2b,2000,0.15,29.113,0.242,3,3,prmse_fluct
HIGNN_2b,2500,0.025,4.0342,0.023591,3,3,prmse_fluct
HIGNN_2b,2500,0.05,8.1563,0.041223,3,3,prmse_fluct
HIGNN_2b,2500,0.1,17.554,0.14545,3,3,prmse_fluct
HIGNN_2b,2500,0.15,28.719,0.23053,3,3,prmse_fluct
HIGNN_2b,3000,0.025,3.8942,0.018325,3,3,prmse_fluct
HIGNN_2b,3000,0.05,8.0433,0.1549,3,3,prmse_fluct
HIGNN_2b,3000,0.1,17.625,0.23641,3,3,prmse_fluct
HIGNN_2b,3000,0.15,28.494,0.077911,3,3,prmse_fluct
HIGNN_2b,5000,0.025,3.8902,0.042446,3,3,prmse_fluct
HIGNN_2b,5000,0.05,7.9504,0.06417,3,3,prmse_fluct
HIGNN_2b,5000,0.1,17.176,0.12937,3,3,prmse_fluct
HIGNN_2b,5000,0.15,27.994,0.12051,3,3,prmse_fluct
HIGNN_2b,7500,0.025,3.8036,0.042316,3,3,prmse_fluct
HIGNN_2b,7500,0.05,7.849,0.069842,3,3,prmse_fluct
HIGNN_2b,7500,0.1,17.024,0.10117,3,3,prmse_fluct
HIGNN_2b,7500,0.15,27.564,0.12449,3,3,prmse_fluct
HIGNN_2b,10000,0.025,3.7471,0.008335,3,3,prmse_fluct
HIGNN_2b,10000,0.05,7.8067,0.010164,3,3,prmse_fluct
HIGNN_2b,10000,0.1,16.789,0.065818,3,3,prmse_fluct
HIGNN_2b,10000,0.15,27.507,0.037688,3,3,prmse_fluct
HIGNN_2b,20000,0.1,16.615,0.0036,2,2,prmse_fluct
HIGNN_2b,30000,0.1,16.555,0.01975,2,2,prmse_fluct
HIGNN_full,20,0.025,6.4911,0.71377,10,10,prmse_fluct
HIGNN_full,20,0.05,10.691,2.7437,10,10,prmse_fluct
HIGNN_full,20,0.1,14.878,2.3536,10,10,prmse_fluct
HIGNN_full,20,0.15,20.8,2.7148,10,10,prmse_fluct
HIGNN_full,30,0.025,6.0481,0.70199,10,10,prmse_fluct
HIGNN_full,30,0.05,10.217,1.1451,10,10,prmse_fluct
HIGNN_full,30,0.1,18.626,2.727,10,10,prmse_fluct
HIGNN_full,30,0.15,25.795,3.2717,10,10,prmse_fluct
HIGNN_full,40,0.025,6.5082,0.76101,10,10,prmse_fluct
HIGNN_full,40,0.05,11.078,1.2705,10,10,prmse_fluct
HIGNN_full,40,0.1,20.385,1.8852,10,10,prmse_fluct
HIGNN_full,40,0.15,29.887,3.3938,10,10,prmse_fluct
HIGNN_full,50,0.025,6.0673,0.68254,10,10,prmse_fluct
HIGNN_full,50,0.05,10.931,1.4773,10,10,prmse_fluct
HIGNN_full,50,0.1,21.609,2.2816,10,10,prmse_fluct
HIGNN_full,50,0.15,29.55,2.7246,10,10,prmse_fluct
HIGNN_full,60,0.025,5.7253,0.8402,10,10,prmse_fluct
HIGNN_full,60,0.05,10.504,0.47816,10,10,prmse_fluct
HIGNN_full,60,0.1,20.932,1.7816,10,10,prmse_fluct
HIGNN_full,60,0.15,32.482,2.489,10,10,prmse_fluct
HIGNN_full,70,0.025,5.8038,0.43475,10,10,prmse_fluct
HIGNN_full,70,0.05,10.398,0.74835,10,10,prmse_fluct
HIGNN_full,70,0.1,20.91,1.3489,10,10,prmse_fluct
HIGNN_full,70,0.15,30.253,1.5479,10,10,prmse_fluct
HIGNN_full,80,0.025,5.5074,0.55964,10,10,prmse_fluct
HIGNN_full,80,0.05,10.459,0.8695,10,10,prmse_fluct
HIGNN_full,80,0.1,20.778,1.1274,10,10,prmse_fluct
HIGNN_full,80,0.15,31.622,1.9802,10,10,prmse_fluct
HIGNN_full,90,0.025,5.5508,0.40298,10,10,prmse_fluct
HIGNN_full,90,0.05,11.151,0.72727,10,10,prmse_fluct
HIGNN_full,90,0.1,21.022,0.92931,10,10,prmse_fluct
HIGNN_full,90,0.15,32.803,1.8872,10,10,prmse_fluct
HIGNN_full,100,0.025,5.5906,0.52347,10,10,prmse_fluct
HIGNN_full,100,0.05,9.7922,0.70181,10,10,prmse_fluct
HIGNN_full,100,0.1,20.991,1.1073,10,10,prmse_fluct
HIGNN_full,100,0.15,31.146,1.4133,10,10,prmse_fluct
HIGNN_full,120,0.025,5.2721,0.56398,10,10,prmse_fluct
HIGNN_full,120,0.05,10.615,0.55088,10,10,prmse_fluct
HIGNN_full,120,0.1,21.44,1.1078,10,10,prmse_fluct
HIGNN_full,120,0.15,33.795,1.7555,10,10,prmse_fluct
HIGNN_full,140,0.025,5.3387,0.33731,10,10,prmse_fluct
HIGNN_full,140,0.05,10.196,0.3248,10,10,prmse_fluct
HIGNN_full,140,0.1,21.614,1.2223,10,10,prmse_fluct
HIGNN_full,140,0.15,33.036,1.2197,10,10,prmse_fluct
HIGNN_full,160,0.025,5.1762,0.3754,10,10,prmse_fluct
HIGNN_full,160,0.05,10.276,0.5431,10,10,prmse_fluct
HIGNN_full,160,0.1,21.142,0.87055,10,10,prmse_fluct
HIGNN_full,160,0.15,32.394,1.2084,10,10,prmse_fluct
HIGNN_full,180,0.025,5.1258,0.16448,10,10,prmse_fluct
HIGNN_full,180,0.05,9.5859,0.36676,10,10,prmse_fluct
HIGNN_full,180,0.1,20.474,0.8065,10,10,prmse_fluct
HIGNN_full,180,0.15,32.769,0.95731,10,10,prmse_fluct
HIGNN_full,200,0.025,5.027,0.28339,10,10,prmse_fluct
HIGNN_full,200,0.05,9.8281,0.4405,10,10,prmse_fluct
HIGNN_full,200,0.1,20.687,0.56761,10,10,prmse_fluct
HIGNN_full,200,0.15,32.951,1.3065,10,10,prmse_fluct
HIGNN_full,300,0.025,4.714,0.19069,10,10,prmse_fluct
HIGNN_full,300,0.05,9.6598,0.35105,10,10,prmse_fluct
HIGNN_full,300,0.1,19.894,0.8261,10,10,prmse_fluct
HIGNN_full,300,0.15,31.921,0.77726,10,10,prmse_fluct
HIGNN_full,500,0.025,4.4271,0.14347,10,10,prmse_fluct
HIGNN_full,500,0.05,9.0542,0.18787,10,10,prmse_fluct
HIGNN_full,500,0.1,19.594,0.46203,10,10,prmse_fluct
HIGNN_full,500,0.15,30.72,0.58079,10,10,prmse_fluct
HIGNN_full,1000,0.025,4.1721,0.044248,5,5,prmse_fluct
HIGNN_full,1000,0.05,8.5195,0.14523,5,5,prmse_fluct
HIGNN_full,1000,0.1,18.668,0.18732,5,5,prmse_fluct
HIGNN_full,1000,0.15,30.164,0.90543,5,5,prmse_fluct
HIGNN_full,1500,0.025,4.0431,0.051678,5,5,prmse_fluct
HIGNN_full,1500,0.05,8.3355,0.062371,5,5,prmse_fluct
HIGNN_full,1500,0.1,18.04,0.14205,5,5,prmse_fluct
HIGNN_full,1500,0.15,29.513,0.18229,5,5,prmse_fluct
HIGNN_full,2000,0.025,3.9523,0.067449,3,3,prmse_fluct
HIGNN_full,2000,0.05,8.3367,0.086233,3,3,prmse_fluct
HIGNN_full,2000,0.1,17.692,0.16989,3,3,prmse_fluct
HIGNN_full,2000,0.15,29.05,0.23666,3,3,prmse_fluct
HIGNN_full,2500,0.025,3.9916,0.026409,3,3,prmse_fluct
HIGNN_full,2500,0.05,8.1236,0.042358,3,3,prmse_fluct
HIGNN_full,2500,0.1,17.511,0.15245,3,3,prmse_fluct
HIGNN_full,2500,0.15,28.707,0.19876,3,3,prmse_fluct
HIGNN_full,3000,0.025,3.8598,0.02622,3,3,prmse_fluct
HIGNN_full,3000,0.05,8.0155,0.15504,3,3,prmse_fluct
HIGNN_full,3000,0.1,17.602,0.23463,3,3,prmse_fluct
HIGNN_full,3000,0.15,28.473,0.084379,3,3,prmse_fluct
HIGNN_full,5000,0.025,3.8682,0.040038,3,3,prmse_fluct
HIGNN_full,5000,0.05,7.9321,0.059992,3,3,prmse_fluct
HIGNN_full,5000,0.1,17.162,0.12511,3,3,prmse_fluct
HIGNN_full,5000,0.15,27.984,0.11739,3,3,prmse_fluct
HIGNN_full,7500,0.025,3.7888,0.043494,3,3,prmse_fluct
HIGNN_full,7500,0.05,7.8387,0.065464,3,3,prmse_fluct
HIGNN_full,7500,0.1,17.015,0.097329,3,3,prmse_fluct
HIGNN_full,7500,0.15,27.557,0.12325,3,3,prmse_fluct
HIGNN_full,10000,0.025,3.7399,0.0075411,3,3,prmse_fluct
HIGNN_full,10000,0.05,7.8,0.009105,3,3,prmse_fluct
HIGNN_full,10000,0.1,16.781,0.066382,3,3,prmse_fluct
HIGNN_full,10000,0.15,27.504,0.036697,3,3,prmse_fluct
HIGNN_full,20000,0.1,16.612,0.00405,2,2,prmse_fluct
HIGNN_full,30000,0.1,16.552,0.02105,2,2,prmse_fluct
M_2b,20,0.025,6.7041,1.2229,10,10,prmse_fluct
M_2b,20,0.05,12.523,2.6023,10,10,prmse_fluct
M_2b,20,0.1,22.702,1.9249,10,10,prmse_fluct
M_2b,20,0.15,36.343,3.6934,10,10,prmse_fluct
M_2b,30,0.025,5.9028,0.81385,10,10,prmse_fluct
M_2b,30,0.05,10.678,1.3119,10,10,prmse_fluct
M_2b,30,0.1,23.092,3.4645,10,10,prmse_fluct
M_2b,30,0.15,36.394,4.2344,10,10,prmse_fluct
M_2b,40,0.025,6.1338,0.70601,10,10,prmse_fluct
M_2b,40,0.05,11.292,1.1011,10,10,prmse_fluct
M_2b,40,0.1,22.382,2.2137,10,10,prmse_fluct
M_2b,40,0.15,38.019,3.54,10,10,prmse_fluct
M_2b,50,0.025,5.7887,0.74623,10,10,prmse_fluct
M_2b,50,0.05,11.144,1.4352,10,10,prmse_fluct
M_2b,50,0.1,23.225,2.2885,10,10,prmse_fluct
M_2b,50,0.15,35.131,2.8431,10,10,prmse_fluct
M_2b,60,0.025,5.4882,0.69485,10,10,prmse_fluct
M_2b,60,0.05,10.487,0.65583,10,10,prmse_fluct
M_2b,60,0.1,22.306,1.8439,10,10,prmse_fluct
M_2b,60,0.15,36.443,3.3639,10,10,prmse_fluct
M_2b,70,0.025,5.5637,0.409,10,10,prmse_fluct
M_2b,70,0.05,10.403,0.73226,10,10,prmse_fluct
M_2b,70,0.1,21.619,1.4934,10,10,prmse_fluct
M_2b,70,0.15,33.697,1.2346,10,10,prmse_fluct
M_2b,80,0.025,5.393,0.75417,10,10,prmse_fluct
M_2b,80,0.05,10.42,0.99441,10,10,prmse_fluct
M_2b,80,0.1,21.468,1.2066,10,10,prmse_fluct
M_2b,80,0.15,34.294,2.2127,10,10,prmse_fluct
M_2b,90,0.025,5.4788,0.57643,10,10,prmse_fluct
M_2b,90,0.05,11.003,0.76201,10,10,prmse_fluct
M_2b,90,0.1,21.528,0.95288,10,10,prmse_fluct
M_2b,90,0.15,34.807,2.2359,10,10,prmse_fluct
M_2b,100,0.025,5.3724,0.46698,10,10,prmse_fluct
M_2b,100,0.05,9.4924,0.57829,10,10,prmse_fluct
M_2b,100,0.1,21.398,1.0677,10,10,prmse_fluct
M_2b,100,0.15,33.068,1.5384,10,10,prmse_fluct
M_2b,120,0.025,5.0091,0.55896,10,10,prmse_fluct
M_2b,120,0.05,10.363,0.52254,10,10,prmse_fluct
M_2b,120,0.1,21.588,0.99005,10,10,prmse_fluct
M_2b,120,0.15,34.531,1.5571,10,10,prmse_fluct
M_2b,140,0.025,5.167,0.33456,10,10,prmse_fluct
M_2b,140,0.05,9.8885,0.30354,10,10,prmse_fluct
M_2b,140,0.1,21.436,1.2186,10,10,prmse_fluct
M_2b,140,0.15,33.829,1.3305,10,10,prmse_fluct
M_2b,160,0.025,5.0346,0.34506,10,10,prmse_fluct
M_2b,160,0.05,9.9584,0.52415,10,10,prmse_fluct
M_2b,160,0.1,21.023,0.80103,10,10,prmse_fluct
M_2b,160,0.15,32.735,1.2622,10,10,prmse_fluct
M_2b,180,0.025,4.9407,0.23333,10,10,prmse_fluct
M_2b,180,0.05,9.351,0.35192,10,10,prmse_fluct
M_2b,180,0.1,20.211,0.82935,10,10,prmse_fluct
M_2b,180,0.15,32.847,1.0274,10,10,prmse_fluct
M_2b,200,0.025,4.8676,0.25076,10,10,prmse_fluct
M_2b,200,0.05,9.5677,0.39389,10,10,prmse_fluct
M_2b,200,0.1,20.363,0.59212,10,10,prmse_fluct
M_2b,200,0.15,32.964,1.2286,10,10,prmse_fluct
M_2b,300,0.025,4.6449,0.18131,10,10,prmse_fluct
M_2b,300,0.05,9.4516,0.36434,10,10,prmse_fluct
M_2b,300,0.1,19.566,0.77569,10,10,prmse_fluct
M_2b,300,0.15,31.737,0.75396,10,10,prmse_fluct
M_3b,20,0.025,4.8252,1.4805,10,10,prmse_fluct
M_3b,20,0.05,8.4101,2.0411,10,10,prmse_fluct
M_3b,20,0.1,13.076,2.2813,10,10,prmse_fluct
M_3b,20,0.15,18.278,1.7625,10,10,prmse_fluct
M_3b,30,0.025,4.6756,0.67626,10,10,prmse_fluct
M_3b,30,0.05,7.5688,1.1835,10,10,prmse_fluct
M_3b,30,0.1,14.965,2.6025,10,10,prmse_fluct
M_3b,30,0.15,21.837,3.6854,10,10,prmse_fluct
M_3b,40,0.025,5.0393,0.70448,10,10,prmse_fluct
M_3b,40,0.05,8.689,0.95626,10,10,prmse_fluct
M_3b,40,0.1,15.977,2.1761,10,10,prmse_fluct
M_3b,40,0.15,24.193,3.7647,10,10,prmse_fluct
M_3b,50,0.025,5.0193,0.89707,10,10,prmse_fluct
M_3b,50,0.05,8.813,1.7212,10,10,prmse_fluct
M_3b,50,0.1,16.114,1.9262,10,10,prmse_fluct
M_3b,50,0.15,23.061,2.568,10,10,prmse_fluct
M_3b,60,0.025,4.8137,0.5549,10,10,prmse_fluct
M_3b,60,0.05,8.435,0.56523,10,10,prmse_fluct
M_3b,60,0.1,15.965,1.7805,10,10,prmse_fluct
M_3b,60,0.15,25.16,2.1321,10,10,prmse_fluct
M_3b,70,0.025,4.948,0.37559,10,10,prmse_fluct
M_3b,70,0.05,8.305,0.72766,10,10,prmse_fluct
M_3b,70,0.1,15.612,1.1495,10,10,prmse_fluct
M_3b,70,0.15,22.926,1.952,10,10,prmse_fluct
M_3b,80,0.025,4.7668,0.3904,10,10,prmse_fluct
M_3b,80,0.05,8.7982,0.71212,10,10,prmse_fluct
M_3b,80,0.1,16.127,1.5474,10,10,prmse_fluct
M_3b,80,0.15,23.924,1.5902,10,10,prmse_fluct
M_3b,90,0.025,4.8584,0.44752,10,10,prmse_fluct
M_3b,90,0.05,9.1521,0.60629,10,10,prmse_fluct
M_3b,90,0.1,16.245,0.95532,10,10,prmse_fluct
M_3b,90,0.15,25.432,1.7934,10,10,prmse_fluct
M_3b,100,0.025,4.9068,0.38895,10,10,prmse_fluct
M_3b,100,0.05,8.0412,0.44694,10,10,prmse_fluct
M_3b,100,0.1,16.966,0.7581,10,10,prmse_fluct
M_3b,100,0.15,23.791,1.461,10,10,prmse_fluct
M_3b,120,0.025,4.546,0.46226,10,10,prmse_fluct
M_3b,120,0.05,8.98,0.53499,10,10,prmse_fluct
M_3b,120,0.1,17.101,0.96713,10,10,prmse_fluct
M_3b,120,0.15,26.52,1.7178,10,10,prmse_fluct
M_3b,140,0.025,4.828,0.27693,10,10,prmse_fluct
M_3b,140,0.05,8.8417,0.28217,10,10,prmse_fluct
M_3b,140,0.1,17.738,1.2148,10,10,prmse_fluct
M_3b,140,0.15,26.066,0.71854,10,10,prmse_fluct
M_3b,160,0.025,4.7015,0.26313,10,10,prmse_fluct
M_3b,160,0.05,9.152,0.4919,10,10,prmse_fluct
M_3b,160,0.1,17.646,0.68101,10,10,prmse_fluct
M_3b,160,0.15,25.677,1.3032,10,10,prmse_fluct
M_3b,180,0.025,4.6039,0.23503,10,10,prmse_fluct
M_3b,180,0.05,8.5862,0.41562,10,10,prmse_fluct
M_3b,180,0.1,17.198,0.99179,10,10,prmse_fluct
M_3b,180,0.15,26.723,0.98112,10,10,prmse_fluct
M_3b,200,0.025,4.5462,0.21032,10,10,prmse_fluct
M_3b,200,0.05,8.7663,0.37891,10,10,prmse_fluct
M_3b,200,0.1,17.563,0.59941,10,10,prmse_fluct
M_3b,200,0.15,26.894,1.3249,10,10,prmse_fluct
M_3b,300,0.025,4.4123,0.17816,10,10,prmse_fluct
M_3b,300,0.05,8.8773,0.36491,10,10,prmse_fluct
M_3b,300,0.1,17.659,0.78583,10,10,prmse_fluct
M_3b,300,0.15,27.279,0.73979,10,10,prmse_fluct
M_nbody_b1,20,0.025,4.6904,1.0301,10,10,prmse_fluct
M_nbody_b1,20,0.05,8.7455,2.0161,10,10,prmse_fluct
M_nbody_b1,20,0.1,13.602,2.1685,10,10,prmse_fluct
M_nbody_b1,20,0.15,21.873,3.1274,10,10,prmse_fluct
M_nbody_b1,30,0.025,4.6193,0.6901,10,10,prmse_fluct
M_nbody_b1,30,0.05,7.853,1.2883,10,10,prmse_fluct
M_nbody_b1,30,0.1,16.814,2.6017,10,10,prmse_fluct
M_nbody_b1,30,0.15,26.868,3.9037,10,10,prmse_fluct
M_nbody_b1,40,0.025,5.0238,0.64573,10,10,prmse_fluct
M_nbody_b1,40,0.05,8.6588,0.88524,10,10,prmse_fluct
M_nbody_b1,40,0.1,17.762,1.9175,10,10,prmse_fluct
M_nbody_b1,40,0.15,30.333,3.6731,10,10,prmse_fluct
M_nbody_b1,50,0.025,4.9763,0.88839,10,10,prmse_fluct
M_nbody_b1,50,0.05,8.9914,1.6169,10,10,prmse_fluct
M_nbody_b1,50,0.1,19.194,2.2021,10,10,prmse_fluct
M_nbody_b1,50,0.15,29.714,2.8196,10,10,prmse_fluct
M_nbody_b1,60,0.025,4.8241,0.55417,10,10,prmse_fluct
M_nbody_b1,60,0.05,8.5395,0.52591,10,10,prmse_fluct
M_nbody_b1,60,0.1,18.816,1.7876,10,10,prmse_fluct
M_nbody_b1,60,0.15,32.385,2.6687,10,10,prmse_fluct
M_nbody_b1,70,0.025,4.8814,0.42754,10,10,prmse_fluct
M_nbody_b1,70,0.05,8.485,0.67797,10,10,prmse_fluct
M_nbody_b1,70,0.1,18.425,1.381,10,10,prmse_fluct
M_nbody_b1,70,0.15,29.974,1.2686,10,10,prmse_fluct
M_nbody_b1,80,0.025,4.7679,0.45961,10,10,prmse_fluct
M_nbody_b1,80,0.05,8.8612,0.83441,10,10,prmse_fluct
M_nbody_b1,80,0.1,18.817,1.2808,10,10,prmse_fluct
M_nbody_b1,80,0.15,30.952,2.1223,10,10,prmse_fluct
M_nbody_b1,90,0.025,4.8554,0.48223,10,10,prmse_fluct
M_nbody_b1,90,0.05,9.2557,0.67938,10,10,prmse_fluct
M_nbody_b1,90,0.1,19.01,0.82538,10,10,prmse_fluct
M_nbody_b1,90,0.15,32.212,2.0363,10,10,prmse_fluct
M_nbody_b1,100,0.025,4.9041,0.38509,10,10,prmse_fluct
M_nbody_b1,100,0.05,8.1898,0.48162,10,10,prmse_fluct
M_nbody_b1,100,0.1,19.284,1.035,10,10,prmse_fluct
M_nbody_b1,100,0.15,30.443,1.7833,10,10,prmse_fluct
M_nbody_b1,120,0.025,4.5229,0.50449,10,10,prmse_fluct
M_nbody_b1,120,0.05,9.1179,0.51727,10,10,prmse_fluct
M_nbody_b1,120,0.1,19.663,1.0275,10,10,prmse_fluct
M_nbody_b1,120,0.15,32.524,1.4998,10,10,prmse_fluct
M_nbody_b1,140,0.025,4.8225,0.28656,10,10,prmse_fluct
M_nbody_b1,140,0.05,8.8636,0.27568,10,10,prmse_fluct
M_nbody_b1,140,0.1,19.928,1.1879,10,10,prmse_fluct
M_nbody_b1,140,0.15,32.06,1.3554,10,10,prmse_fluct
M_nbody_b1,160,0.025,4.6843,0.27956,10,10,prmse_fluct
M_nbody_b1,160,0.05,9.1433,0.49162,10,10,prmse_fluct
M_nbody_b1,160,0.1,19.531,0.72713,10,10,prmse_fluct
M_nbody_b1,160,0.15,31.312,1.2583,10,10,prmse_fluct
M_nbody_b1,180,0.025,4.5809,0.24537,10,10,prmse_fluct
M_nbody_b1,180,0.05,8.5479,0.37246,10,10,prmse_fluct
M_nbody_b1,180,0.1,19.035,0.82486,10,10,prmse_fluct
M_nbody_b1,180,0.15,31.51,1.0635,10,10,prmse_fluct
M_nbody_b1,200,0.025,4.5201,0.2253,10,10,prmse_fluct
M_nbody_b1,200,0.05,8.7878,0.39217,10,10,prmse_fluct
M_nbody_b1,200,0.1,19.265,0.65241,10,10,prmse_fluct
M_nbody_b1,200,0.15,31.782,1.3422,10,10,prmse_fluct
M_nbody_b1,300,0.025,4.3994,0.17688,10,10,prmse_fluct
M_nbody_b1,300,0.05,8.9109,0.36793,10,10,prmse_fluct
M_nbody_b1,300,0.1,18.822,0.80057,10,10,prmse_fluct
M_nbody_b1,300,0.15,30.957,0.73549,10,10,prmse_fluct
M_rpy,20,0.025,10.297,1.6936,10,10,prmse_fluct
M_rpy,20,0.05,16.178,2.7505,10,10,prmse_fluct
M_rpy,20,0.1,28.798,2.4154,10,10,prmse_fluct
M_rpy,20,0.15,44.146,4.2779,10,10,prmse_fluct
M_rpy,30,0.025,8.1537,0.91014,10,10,prmse_fluct
M_rpy,30,0.05,13.622,1.8447,10,10,prmse_fluct
M_rpy,30,0.1,27.178,3.949,10,10,prmse_fluct
M_rpy,30,0.15,41.643,4.4762,10,10,prmse_fluct
M_rpy,40,0.025,7.9546,0.79153,10,10,prmse_fluct
M_rpy,40,0.05,13.313,1.2798,10,10,prmse_fluct
M_rpy,40,0.1,25.286,2.3712,10,10,prmse_fluct
M_rpy,40,0.15,42.609,3.4728,10,10,prmse_fluct
M_rpy,50,0.025,7.3647,0.81585,10,10,prmse_fluct
M_rpy,50,0.05,12.918,1.4638,10,10,prmse_fluct
M_rpy,50,0.1,26.048,2.4665,10,10,prmse_fluct
M_rpy,50,0.15,38.929,2.9642,10,10,prmse_fluct
M_rpy,60,0.025,6.6659,0.83593,10,10,prmse_fluct
M_rpy,60,0.05,12.196,0.90472,10,10,prmse_fluct
M_rpy,60,0.1,24.936,2.0019,10,10,prmse_fluct
M_rpy,60,0.15,39.716,3.5328,10,10,prmse_fluct
M_rpy,70,0.025,6.7084,0.58169,10,10,prmse_fluct
M_rpy,70,0.05,11.973,0.84232,10,10,prmse_fluct
M_rpy,70,0.1,23.805,1.6244,10,10,prmse_fluct
M_rpy,70,0.15,36.621,1.275,10,10,prmse_fluct
M_rpy,80,0.025,6.4244,1.1091,10,10,prmse_fluct
M_rpy,80,0.05,11.608,1.1056,10,10,prmse_fluct
M_rpy,80,0.1,23.351,1.2484,10,10,prmse_fluct
M_rpy,80,0.15,37.067,2.3764,10,10,prmse_fluct
M_rpy,90,0.025,6.4683,0.80288,10,10,prmse_fluct
M_rpy,90,0.05,12.245,0.81365,10,10,prmse_fluct
M_rpy,90,0.1,23.24,1.0541,10,10,prmse_fluct
M_rpy,90,0.15,37.187,2.3519,10,10,prmse_fluct
M_rpy,100,0.025,6.1616,0.53236,10,10,prmse_fluct
M_rpy,100,0.05,10.532,0.61969,10,10,prmse_fluct
M_rpy,100,0.1,22.909,1.1778,10,10,prmse_fluct
M_rpy,100,0.15,35.243,1.5942,10,10,prmse_fluct
M_rpy,120,0.025,5.787,0.71317,10,10,prmse_fluct
M_rpy,120,0.05,11.261,0.5337,10,10,prmse_fluct
M_rpy,120,0.1,23.047,1.029,10,10,prmse_fluct
M_rpy,120,0.15,36.358,1.5925,10,10,prmse_fluct
M_rpy,140,0.025,5.7443,0.40446,10,10,prmse_fluct
M_rpy,140,0.05,10.586,0.37754,10,10,prmse_fluct
M_rpy,140,0.1,22.619,1.1911,10,10,prmse_fluct
M_rpy,140,0.15,35.516,1.4566,10,10,prmse_fluct
M_rpy,160,0.025,5.5614,0.41732,10,10,prmse_fluct
M_rpy,160,0.05,10.583,0.60195,10,10,prmse_fluct
M_rpy,160,0.1,22.023,0.85242,10,10,prmse_fluct
M_rpy,160,0.15,34.202,1.3173,10,10,prmse_fluct
M_rpy,180,0.025,5.4206,0.29285,10,10,prmse_fluct
M_rpy,180,0.05,9.911,0.34691,10,10,prmse_fluct
M_rpy,180,0.1,21.129,0.81296,10,10,prmse_fluct
M_rpy,180,0.15,34.11,1.0463,10,10,prmse_fluct
M_rpy,200,0.025,5.3625,0.28871,10,10,prmse_fluct
M_rpy,200,0.05,10.116,0.39611,10,10,prmse_fluct
M_rpy,200,0.075,16.144,0.61836,10,10,prmse_fluct
M_rpy,200,0.1,21.217,0.61831,10,10,prmse_fluct
M_rpy,200,0.125,27.558,0.56929,10,10,prmse_fluct
M_rpy,200,0.15,34.174,1.2029,10,10,prmse_fluct
M_rpy,200,0.175,40.475,1.5267,10,10,prmse_fluct
M_rpy,200,0.2,48.426,1.6919,10,10,prmse_fluct
M_rpy,300,0.025,4.9772,0.1963,10,10,prmse_fluct
M_rpy,300,0.05,9.8211,0.37562,10,10,prmse_fluct
M_rpy,300,0.1,20.126,0.78794,10,10,prmse_fluct
M_rpy,300,0.15,32.582,0.75296,10,10,prmse_fluct
NeMO,20,0.025,2.8926,1.0114,10,10,prmse_fluct
NeMO,20,0.05,4.5099,1.1021,10,10,prmse_fluct
NeMO,20,0.1,5.4934,0.84202,10,10,prmse_fluct
NeMO,20,0.15,8.4514,1.19,10,10,prmse_fluct
NeMO,30,0.025,2.9888,0.7807,10,10,prmse_fluct
NeMO,30,0.05,4.0693,0.81435,10,10,prmse_fluct
NeMO,30,0.1,6.3244,0.95561,10,10,prmse_fluct
NeMO,30,0.15,8.5102,1.3581,10,10,prmse_fluct
NeMO,40,0.025,3.3292,0.59393,10,10,prmse_fluct
NeMO,40,0.05,4.8384,0.75879,10,10,prmse_fluct
NeMO,40,0.1,6.9494,0.99853,10,10,prmse_fluct
NeMO,40,0.15,9.1259,0.99498,10,10,prmse_fluct
NeMO,50,0.025,3.7389,0.79644,10,10,prmse_fluct
NeMO,50,0.05,5.5026,1.5743,10,10,prmse_fluct
NeMO,50,0.1,7.3406,1.1743,10,10,prmse_fluct
NeMO,50,0.15,8.7885,1.2432,10,10,prmse_fluct
NeMO,60,0.025,3.5369,0.46684,10,10,prmse_fluct
NeMO,60,0.05,5.4755,0.42527,10,10,prmse_fluct
NeMO,60,0.1,8.0262,1.1537,10,10,prmse_fluct
NeMO,60,0.15,10.225,1.4635,10,10,prmse_fluct
NeMO,70,0.025,3.8699,0.34088,10,10,prmse_fluct
NeMO,70,0.05,5.3117,0.60374,10,10,prmse_fluct
NeMO,70,0.1,7.8402,1.0551,10,10,prmse_fluct
NeMO,70,0.15,9.5385,1.248,10,10,prmse_fluct
NeMO,80,0.025,3.6167,0.33406,10,10,prmse_fluct
NeMO,80,0.05,6.0898,0.67429,10,10,prmse_fluct
NeMO,80,0.1,8.7812,1.1967,10,10,prmse_fluct
NeMO,80,0.15,11.508,1.2449,10,10,prmse_fluct
NeMO,90,0.025,4.0749,0.57923,10,10,prmse_fluct
NeMO,90,0.05,6.3651,0.5391,10,10,prmse_fluct
NeMO,90,0.1,9.4689,0.83508,10,10,prmse_fluct
NeMO,90,0.15,13.057,1.3952,10,10,prmse_fluct
NeMO,100,0.025,3.9375,0.33588,10,10,prmse_fluct
NeMO,100,0.05,5.6751,0.50856,10,10,prmse_fluct
NeMO,100,0.1,10.301,0.70195,10,10,prmse_fluct
NeMO,100,0.15,13.031,0.86164,10,10,prmse_fluct
NeMO,120,0.025,3.6616,0.50961,10,10,prmse_fluct
NeMO,120,0.05,6.6581,0.59345,10,10,prmse_fluct
NeMO,120,0.1,11.094,1.0268,10,10,prmse_fluct
NeMO,120,0.15,17.015,1.5855,10,10,prmse_fluct
NeMO,140,0.025,4.1095,0.26223,10,10,prmse_fluct
NeMO,140,0.05,6.6792,0.32185,10,10,prmse_fluct
NeMO,140,0.1,12.102,0.99347,10,10,prmse_fluct
NeMO,140,0.15,17.499,0.88855,10,10,prmse_fluct
NeMO,160,0.025,4.0052,0.22856,10,10,prmse_fluct
NeMO,160,0.05,7.345,0.49951,10,10,prmse_fluct
NeMO,160,0.1,12.443,0.6013,10,10,prmse_fluct
NeMO,160,0.15,17.955,1.0526,10,10,prmse_fluct
NeMO,180,0.025,3.8914,0.22625,10,10,prmse_fluct
NeMO,180,0.05,6.8884,0.40802,10,10,prmse_fluct
NeMO,180,0.1,12.53,0.9516,10,10,prmse_fluct
NeMO,180,0.15,19.378,0.87086,10,10,prmse_fluct
NeMO,200,0.025,3.9292,0.21917,10,10,prmse_fluct
NeMO,200,0.05,7.0581,0.39959,10,10,prmse_fluct
NeMO,200,0.075,10.422,0.58041,10,10,prmse_fluct
NeMO,200,0.1,13.128,0.59132,10,10,prmse_fluct
NeMO,200,0.125,16.292,0.90122,10,10,prmse_fluct
NeMO,200,0.15,20.199,1.2818,10,10,prmse_fluct
NeMO,200,0.175,23.59,1.3022,10,10,prmse_fluct
NeMO,200,0.2,29.279,1.5612,10,10,prmse_fluct
NeMO,300,0.025,3.9656,0.20216,10,10,prmse_fluct
NeMO,300,0.05,7.6461,0.35847,10,10,prmse_fluct
NeMO,300,0.1,14.372,0.73842,10,10,prmse_fluct
NeMO,300,0.15,22.323,0.68458,10,10,prmse_fluct
NeMO,500,0.025,4.0037,0.12286,10,10,prmse_fluct
NeMO,500,0.05,7.719,0.20195,10,10,prmse_fluct
NeMO,500,0.1,15.525,0.40353,10,10,prmse_fluct
NeMO,500,0.15,24.067,0.44497,10,10,prmse_fluct
NeMO,1000,0.025,3.9457,0.038567,5,5,prmse_fluct
NeMO,1000,0.05,7.8211,0.13346,5,5,prmse_fluct
NeMO,1000,0.1,16.402,0.13053,5,5,prmse_fluct
NeMO,1000,0.15,26.146,0.85157,5,5,prmse_fluct
NeMO,1500,0.025,3.8919,0.057243,5,5,prmse_fluct
NeMO,1500,0.05,7.8815,0.072787,5,5,prmse_fluct
NeMO,1500,0.1,16.498,0.1275,5,5,prmse_fluct
NeMO,1500,0.15,26.698,0.1531,5,5,prmse_fluct
NeMO,2000,0.025,3.8316,0.063774,3,3,prmse_fluct
NeMO,2000,0.05,7.9766,0.071094,3,3,prmse_fluct
NeMO,2000,0.1,16.505,0.12586,3,3,prmse_fluct
NeMO,2000,0.15,26.846,0.24678,3,3,prmse_fluct
NeMO,2500,0.025,3.8811,0.026818,3,3,prmse_fluct
NeMO,2500,0.05,7.8282,0.046612,3,3,prmse_fluct
NeMO,2500,0.1,16.539,0.17492,3,3,prmse_fluct
NeMO,2500,0.15,26.994,0.13385,3,3,prmse_fluct
NeMO,3000,0.025,3.7796,0.025791,3,3,prmse_fluct
NeMO,3000,0.05,7.777,0.12835,3,3,prmse_fluct
NeMO,3000,0.1,16.817,0.19124,3,3,prmse_fluct
NeMO,3000,0.15,27.032,0.073404,3,3,prmse_fluct
NeMO,5000,0.025,3.7985,0.038889,3,3,prmse_fluct
NeMO,5000,0.05,7.762,0.052365,3,3,prmse_fluct
NeMO,5000,0.1,16.675,0.1198,3,3,prmse_fluct
NeMO,5000,0.15,27.07,0.12249,3,3,prmse_fluct
NeMO,7500,0.025,3.7294,0.042619,3,3,prmse_fluct
NeMO,7500,0.05,7.7228,0.060793,3,3,prmse_fluct
NeMO,7500,0.1,16.664,0.092849,3,3,prmse_fluct
NeMO,7500,0.15,26.934,0.13,3,3,prmse_fluct
NeMO,10000,0.025,3.6898,0.006852,3,3,prmse_fluct
NeMO,10000,0.05,7.6953,0.0072099,3,3,prmse_fluct
NeMO,10000,0.1,16.522,0.071791,3,3,prmse_fluct
NeMO,10000,0.15,27.032,0.041776,3,3,prmse_fluct
NeMO,20000,0.1,16.449,0.00815,2,2,prmse_fluct
NeMO,30000,0.1,16.427,0.02375,2,2,prmse_fluct
NeMO + FTS,20,0.025,1.2881,0.74213,10,10,prmse_fluct
NeMO + FTS,20,0.05,2.6052,0.83568,10,10,prmse_fluct
NeMO + FTS,20,0.1,4.0917,0.65995,10,10,prmse_fluct
NeMO + FTS,20,0.15,6.7471,1.1595,10,10,prmse_fluct
NeMO + FTS,30,0.025,0.99186,0.29197,10,10,prmse_fluct
NeMO + FTS,30,0.05,1.764,0.37782,10,10,prmse_fluct
NeMO + FTS,30,0.1,4.2405,0.82169,10,10,prmse_fluct
NeMO + FTS,30,0.15,6.3212,1.1596,10,10,prmse_fluct
NeMO + FTS,40,0.025,0.97281,0.32485,10,10,prmse_fluct
NeMO + FTS,40,0.05,1.93,0.45477,10,10,prmse_fluct
NeMO + FTS,40,0.1,3.8771,0.62651,10,10,prmse_fluct
NeMO + FTS,40,0.15,6.1719,0.65413,10,10,prmse_fluct
NeMO + FTS,50,0.025,0.92739,0.39189,10,10,prmse_fluct
NeMO + FTS,50,0.05,2.0626,0.66959,10,10,prmse_fluct
NeMO + FTS,50,0.1,3.5995,0.55551,10,10,prmse_fluct
NeMO + FTS,50,0.15,5.6613,0.44805,10,10,prmse_fluct
NeMO + FTS,60,0.025,0.86207,0.25559,10,10,prmse_fluct
NeMO + FTS,60,0.05,1.6243,0.23775,10,10,prmse_fluct
NeMO + FTS,60,0.1,3.6608,0.61988,10,10,prmse_fluct
NeMO + FTS,60,0.15,5.4894,0.69853,10,10,prmse_fluct
NeMO + FTS,70,0.025,0.98895,0.21792,10,10,prmse_fluct
NeMO + FTS,70,0.05,1.5516,0.36031,10,10,prmse_fluct
NeMO + FTS,70,0.1,3.2684,0.42314,10,10,prmse_fluct
NeMO + FTS,70,0.15,4.9572,0.67772,10,10,prmse_fluct
NeMO + FTS,80,0.025,0.95441,0.22894,10,10,prmse_fluct
NeMO + FTS,80,0.05,1.6636,0.31356,10,10,prmse_fluct
NeMO + FTS,80,0.1,3.1576,0.35223,10,10,prmse_fluct
NeMO + FTS,80,0.15,5.0509,0.54219,10,10,prmse_fluct
NeMO + FTS,90,0.025,0.96688,0.26872,10,10,prmse_fluct
NeMO + FTS,90,0.05,1.5832,0.22625,10,10,prmse_fluct
NeMO + FTS,90,0.1,2.9474,0.32841,10,10,prmse_fluct
NeMO + FTS,90,0.15,4.9641,0.39918,10,10,prmse_fluct
NeMO + FTS,100,0.025,0.83548,0.18364,10,10,prmse_fluct
NeMO + FTS,100,0.05,1.3024,0.16181,10,10,prmse_fluct
NeMO + FTS,100,0.1,2.9978,0.30085,10,10,prmse_fluct
NeMO + FTS,100,0.15,4.5097,0.32859,10,10,prmse_fluct
NeMO + FTS,120,0.025,0.74908,0.22056,10,10,prmse_fluct
NeMO + FTS,120,0.05,1.4382,0.2577,10,10,prmse_fluct
NeMO + FTS,120,0.1,2.8665,0.22117,10,10,prmse_fluct
NeMO + FTS,120,0.15,4.6636,0.55104,10,10,prmse_fluct
NeMO + FTS,140,0.025,0.73577,0.13958,10,10,prmse_fluct
NeMO + FTS,140,0.05,1.2841,0.1649,10,10,prmse_fluct
NeMO + FTS,140,0.1,2.7355,0.23876,10,10,prmse_fluct
NeMO + FTS,140,0.15,4.2608,0.26196,10,10,prmse_fluct
NeMO + FTS,160,0.025,0.65244,0.08436,10,10,prmse_fluct
NeMO + FTS,160,0.05,1.3446,0.23508,10,10,prmse_fluct
NeMO + FTS,160,0.1,2.5924,0.15473,10,10,prmse_fluct
NeMO + FTS,160,0.15,3.9016,0.33883,10,10,prmse_fluct
NeMO + FTS,180,0.025,0.66287,0.08814,10,10,prmse_fluct
NeMO + FTS,180,0.05,1.2511,0.12129,10,10,prmse_fluct
NeMO + FTS,180,0.1,2.4489,0.32745,10,10,prmse_fluct
NeMO + FTS,180,0.15,4.0129,0.25602,10,10,prmse_fluct
NeMO + FTS,200,0.025,0.72374,0.11227,10,10,prmse_fluct
NeMO + FTS,200,0.05,1.2307,0.1637,10,10,prmse_fluct
NeMO + FTS,200,0.075,1.8345,0.1086,10,10,prmse_fluct
NeMO + FTS,200,0.1,2.4622,0.20029,10,10,prmse_fluct
NeMO + FTS,200,0.125,2.9581,0.16321,10,10,prmse_fluct
NeMO + FTS,200,0.15,3.9131,0.29026,10,10,prmse_fluct
NeMO + FTS,200,0.175,4.5577,0.28401,10,10,prmse_fluct
NeMO + FTS,200,0.2,5.4974,0.43329,10,10,prmse_fluct
SD,200,0.025,3.6405,0.36178,10,10,prmse_fluct
SD,200,0.05,7.0681,0.65814,10,10,prmse_fluct
SD,200,0.075,12.394,0.54931,10,10,prmse_fluct
SD,200,0.1,16.216,1.0722,10,10,prmse_fluct
SD,200,0.125,20.812,1.0708,10,10,prmse_fluct
SD,200,0.15,25.205,0.65586,10,10,prmse_fluct
SD,200,0.175,29.525,0.8078,10,10,prmse_fluct
SD,200,0.2,33.191,0.78467,10,10,prmse_fluct
SD_Minf,200,0.025,0.48157,0.056162,10,10,prmse_fluct
SD_Minf,200,0.05,0.85942,0.1507,10,10,prmse_fluct
SD_Minf,200,0.075,1.3785,0.11836,10,10,prmse_fluct
SD_Minf,200,0.1,1.8336,0.17047,10,10,prmse_fluct
SD_Minf,200,0.125,2.445,0.1555,10,10,prmse_fluct
SD_Minf,200,0.15,3.465,0.26587,10,10,prmse_fluct
SD_Minf,200,0.175,4.3567,0.38624,10,10,prmse_fluct
SD_Minf,200,0.2,5.6547,0.38246,10,10,prmse_fluct
