case,n,loading,policy,order,pdeg,mac,hilbert_q,buckets,near_pairs,far_ms,traverse_ms,p2p_ms,upward_ms,build_ms,rel_far
drop3k,3071,random,bary,,7,0.8,,635,21871,5.6378475079933805,0.5776960253715515,0.018624000251293182,0.531016,3.131906,0.0004077192578391884
drop3k,3071,random,bary,,7,0.8,12.0,1054,30831,6.554690500100453,0.6769279837608337,0.022175999358296394,0.586346,3.87448,0.0004396931248518599
drop3k,3071,random,bary,,7,0.8,14.0,1593,29412,7.599112888177236,0.9061440229415894,0.022975999861955643,0.611025,4.583326,0.0004100700708913097
drop3k,3071,random,bary,,7,0.8,16.0,2369,27679,8.583578591545423,0.9833279848098755,0.0226879995316267,0.706085,5.36346,0.0004284327670915633
drop3k,3071,random,bary,,7,0.8,18.0,2207,30459,8.733847799400488,1.0667200088500977,0.022752000018954277,0.709695,5.436429,0.000350369822950803
drop3k,3071,random,bary,,7,0.8,20.0,3071,22065,9.980488258103529,1.1806399822235107,0.02099199965596199,0.789984,6.448902,0.0004072713807708001
drop3k,3071,random,bary,,7,0.8,22.0,3071,22065,9.909932191173235,1.1335359811782837,0.02067199908196926,0.778314,6.436312,0.0004072713807708003
drop3k,3071,random,bary,,7,0.8,26.0,3071,22065,9.904092488189539,1.1456960439682007,0.020608000457286835,0.786204,6.429941,0.00040727138077080016
drop3k,3071,random,bary,,7,0.8,28.0,3071,22065,9.902535627285639,1.1187200546264648,0.020896000787615776,0.795314,6.430771,0.00040727138077079956
drop3k,3071,random,bary,,7,0.8,36.0,3071,22065,9.926302048067251,1.1391680240631104,0.020896000787615776,0.788784,6.450502,0.00040727138077080075
drop3k,3071,random,cart,4,,0.33,,635,30643,6.543240820368131,0.74099200963974,0.02236800082027912,1.425609,3.141266,0.0010875066984067712
drop3k,3071,random,cart,4,,0.33,12.0,1054,40074,7.570176695783933,0.8060160279273987,0.026176000013947487,1.662367,3.859631,0.0011382893656716234
drop3k,3071,random,cart,4,,0.33,14.0,1593,33426,8.339543516437212,0.8842880129814148,0.023711999878287315,1.628148,4.577905,0.0011184488779433493
drop3k,3071,random,cart,4,,0.33,16.0,2369,28693,9.278667159378529,0.8301439881324768,0.021056000143289566,1.679787,5.35442,0.0011644117518919996
drop3k,3071,random,cart,4,,0.33,18.0,2207,31347,9.610324477156004,0.9725120067596436,0.022143999114632607,1.794577,5.407169,0.0011116718693642688
drop3k,3071,random,cart,4,,0.33,20.0,3071,22065,10.674786443511644,0.8826559782028198,0.018239999189972878,1.897996,6.458441,0.0011764135629359737
drop3k,3071,random,cart,4,,0.33,22.0,3071,22065,10.645686648786068,0.8767359852790833,0.01836800016462803,1.900936,6.469121,0.0011764135629359724
drop3k,3071,random,cart,4,,0.33,26.0,3071,22065,10.665896659096083,0.8827840089797974,0.01849599927663803,1.899315,6.439882,0.0011764135629359776
drop3k,3071,random,cart,4,,0.33,28.0,3071,22065,10.65845632304748,0.8830400109291077,0.017855999991297722,1.898086,6.451312,0.001176413562935973
drop3k,3071,random,cart,4,,0.33,36.0,3071,22065,10.653686399261156,0.8686079978942871,0.017791999503970146,1.896856,6.445441,0.0011764135629359718
uniform100k,100000,random,bary,,7,0.8,,1316,708498,14.52508723984162,6.252255916595459,0.502016007900238,1.196791,4.230168,0.00038534343928141
uniform100k,100000,random,bary,,7,0.8,12.0,1730,776501,15.650909083584944,6.951104164123535,0.4713279902935028,1.040722,4.737774,0.0004002923080063488
uniform100k,100000,random,bary,,7,0.8,14.0,2746,904521,17.01225557674964,7.252895832061768,0.5379840135574341,1.020623,5.790307,0.00037272134329908736
uniform100k,100000,random,bary,,7,0.8,16.0,4098,1031911,18.528393780191738,7.971263885498047,0.46588799357414246,1.103952,6.362342,0.0003889824662692091
uniform100k,100000,random,bary,,7,0.8,18.0,5834,1158758,20.449376354614895,8.74777603149414,0.5192959904670715,1.3316,7.192216,0.0003745334502155286
uniform100k,100000,random,bary,,7,0.8,20.0,8002,1282834,22.124600286285084,9.94870376586914,0.5749760270118713,1.555038,7.474964,0.00038678464364363057
uniform100k,100000,random,bary,,7,0.8,22.0,10650,1396236,23.190865603586037,10.594528198242188,0.6234880089759827,1.736217,7.497604,0.00038432739818497567
uniform100k,100000,random,bary,,7,0.8,26.0,17575,1600125,26.000024440387886,12.030783653259277,0.7201600074768066,2.271773,7.850561,0.00037136282866379066
uniform100k,100000,random,bary,,7,0.8,28.0,21925,1684678,27.170588883260887,12.81494426727295,0.7594559788703918,2.58127,8.054279,0.00038768976973802764
uniform100k,100000,random,bary,,7,0.8,36.0,44051,1900704,34.031967632472515,16.313600540161133,0.8539519906044006,4.256017,9.079152,0.00039692155945047456
uniform100k,100000,random,cart,4,,0.33,,1316,5528859,18.600086991985638,6.177696228027344,4.156544208526611,1.816937,4.279578,0.00039512093895741
uniform100k,100000,random,cart,4,,0.33,12.0,1730,5359858,20.169751718640327,7.648575782775879,3.2728960514068604,1.724587,6.638651,0.00044719281012671697
uniform100k,100000,random,cart,4,,0.33,14.0,2746,5279576,21.049735136330128,8.170111656188965,3.116703987121582,1.648738,5.750627,0.0004544626930807457
uniform100k,100000,random,cart,4,,0.33,16.0,4098,5056950,21.826162313421566,9.08505630493164,2.2271358966827393,1.678297,6.381142,0.0004808259037863342
uniform100k,100000,random,cart,4,,0.33,18.0,5834,4722776,23.928976928194363,10.160256385803223,2.0508480072021484,1.957446,7.218926,0.0005060415958770099
uniform100k,100000,random,cart,4,,0.33,20.0,8002,4310689,25.214174141486485,11.437664031982422,1.866655945777893,1.974485,7.472104,0.0005476745553942026
uniform100k,100000,random,cart,4,,0.33,22.0,10650,3809849,26.07037778943777,12.18569564819336,1.6584960222244263,2.020455,7.608862,0.0005853365517705385
uniform100k,100000,random,cart,4,,0.33,26.0,17575,2803175,26.944094337522984,12.927807807922363,1.2382400035858154,2.079114,7.888191,0.0006228986077687062
uniform100k,100000,random,cart,4,,0.33,28.0,21925,2390225,27.23758202046156,13.088319778442383,1.0622080564498901,2.231593,8.087779,0.0006250509983459211
uniform100k,100000,random,cart,4,,0.33,36.0,44051,1928114,29.92278492699067,13.751232147216797,0.8726720213890076,3.181006,9.082113,0.0006625849730051962
uniform750k,750000,random,bary,,7,0.8,,1330,3811566,67.84780323505402,44.366111755371094,9.384832382202148,5.460899,4.304258,0.0007794237479685375
uniform750k,750000,random,bary,,7,0.8,12.0,1730,3695808,69.15074680000544,49.66774368286133,6.436863899230957,3.89938,4.761424,0.0007799673812015087
uniform750k,750000,random,bary,,7,0.8,14.0,2746,4069842,69.18962330867846,50.69174575805664,4.885024070739746,3.434484,5.741957,0.0007844222606836735
uniform750k,750000,random,bary,,7,0.8,16.0,4098,4438718,71.35457017769416,53.25619125366211,4.39631986618042,2.902028,6.372632,0.0007734689021922727
uniform750k,750000,random,bary,,7,0.8,18.0,5834,4877650,76.3922156766057,57.60905456542969,3.9605119228363037,3.278806,7.220915,0.0007852041839519532
uniform750k,750000,random,bary,,7,0.8,20.0,8002,5320619,81.76048534611861,62.37580871582031,3.7736001014709473,3.465234,7.520884,0.0007722978218847261
uniform750k,750000,random,bary,,7,0.8,22.0,10650,5779608,85.37072129547596,65.5066909790039,3.631135940551758,3.786811,7.698352,0.0007939509817586389
uniform750k,750000,random,bary,,7,0.8,26.0,17578,6739628,91.47345243642728,70.25667572021484,4.181375980377197,4.273248,7.99022,0.0007836630500133045
uniform750k,750000,random,bary,,7,0.8,28.0,21954,7230358,94.49207317084074,72.86681365966797,4.18393611907959,4.409787,7.97659,0.0007715833069448907
uniform750k,750000,random,bary,,7,0.8,36.0,46658,9182403,109.77607779204845,84.34054565429688,4.06547212600708,6.342592,9.439449,0.0007737800618205283
uniform750k,750000,random,cart,4,,0.33,,1330,44735540,173.3004773656527,39.70198440551758,122.83229064941406,3.862841,4.505106,0.0007682080140071996
uniform750k,750000,random,cart,4,,0.33,12.0,1730,43552964,139.88349183152118,47.899871826171875,79.80499267578125,2.931348,4.864173,0.0007785653710631989
uniform750k,750000,random,cart,4,,0.33,14.0,2746,44869921,123.9326884970069,52.909759521484375,57.05491256713867,2.492782,5.903716,0.0007648734935315519
uniform750k,750000,random,cart,4,,0.33,16.0,4098,45676406,118.1685949365298,58.74879837036133,46.475807189941406,2.141634,6.419951,0.0007843922094585939
uniform750k,750000,random,cart,4,,0.33,18.0,5834,46089643,120.35460211336613,67.97401428222656,39.288448333740234,2.355882,7.289085,0.0007877145640468315
uniform750k,750000,random,cart,4,,0.33,20.0,8002,46132659,125.30538129309814,76.83993530273438,34.242496490478516,2.285373,7.526443,0.0007913112153792203
uniform750k,750000,random,cart,4,,0.33,22.0,10650,45870274,126.94695902367432,83.40144348144531,29.143840789794922,2.288943,7.738282,0.0007907273294838222
uniform750k,750000,random,cart,4,,0.33,26.0,17578,44567240,136.68221235275269,92.78559875488281,27.787967681884766,2.370312,8.112118,0.0008090998055023625
uniform750k,750000,random,cart,4,,0.33,28.0,21954,43526805,137.2748212888837,96.13539123535156,25.691328048706055,2.494742,8.092699,0.0007940860674912915
uniform750k,750000,random,cart,4,,0.33,36.0,46658,37488142,200.1624551291267,112.106689453125,16.59097671508789,3.443934,12.653035,0.0008086607418643243
twoball0,1047968,random,bary,,7,0.8,,1309,7334207,95.88221274316311,58.45827102661133,22.648223876953125,5.676218,4.397177,0.0003058785377578374
twoball0,1047968,random,bary,,7,0.8,12.0,1599,6281979,93.04580713311832,58.457279205322266,19.183616638183594,6.026774,4.579976,0.0003043853527415136
twoball0,1047968,random,bary,,7,0.8,14.0,1795,5861766,93.30244890103738,60.642494201660156,16.457632064819336,6.587471,4.670585,0.00031698619470429924
twoball0,1047968,random,bary,,7,0.8,16.0,1661,4099698,91.50109843661387,63.376319885253906,11.962719917297363,6.6281,4.657615,0.0003311831043770306
twoball0,1047968,random,bary,,7,0.8,18.0,2265,4166664,91.73215708384912,67.26080322265625,8.85478401184082,5.478789,5.429709,0.00031691943697141097
twoball0,1047968,random,bary,,7,0.8,20.0,2982,4238723,93.41598426302274,70.06393432617188,7.058495998382568,5.324621,6.099604,0.0003182715813974119
twoball0,1047968,random,bary,,7,0.8,22.0,3813,4741899,98.17409887909889,75.33558654785156,6.585728168487549,4.651255,6.819579,0.0003338685922045962
twoball0,1047968,random,bary,,7,0.8,26.0,6101,4564806,96.62375692278147,75.51087951660156,4.435423851013184,4.542616,7.175356,0.00033029972154076284
twoball0,1047968,random,bary,,7,0.8,28.0,7547,4990614,98.8478371873498,77.29830169677734,4.617023944854736,4.663615,7.390234,0.0003377094608514742
twoball0,1047968,random,bary,,7,0.8,36.0,15362,5742285,110.82789674401283,88.63606262207031,3.762592077255249,5.256591,8.051759,0.00033528645011937327
twoball0,1047968,random,cart,4,,0.33,,1309,83364141,346.4393690228462,47.41209411621094,285.9982604980469,4.646995,4.457017,0.0002496572872870251
twoball0,1047968,random,cart,4,,0.33,12.0,1599,71557566,306.24846431116265,49.970176696777344,239.7136688232422,4.802514,4.817684,0.0002621467203715919
twoball0,1047968,random,cart,4,,0.33,14.0,1795,68404501,276.37671555082005,50.527679443359375,212.13072204589844,4.447277,4.681545,0.00026360849034793817
twoball0,1047968,random,cart,4,,0.33,16.0,1661,48852443,219.84407709290585,49.71414566040039,158.07568359375,4.511396,4.738894,0.0002890346900904989
twoball0,1047968,random,cart,4,,0.33,18.0,2265,49798921,188.11809923499823,56.3309440612793,118.51171112060547,3.746002,5.478708,0.0003061705216605304
twoball0,1047968,random,cart,4,,0.33,20.0,2982,48965591,166.33191611617804,62.42124938964844,89.50240325927734,3.128907,6.163804,0.00032674004053637727
twoball0,1047968,random,cart,4,,0.33,22.0,3813,52574088,166.3697293649117,71.94457244873047,79.30831909179688,2.826448,6.883979,0.000314547635255644
twoball0,1047968,random,cart,4,,0.33,26.0,6101,43767709,134.5901545137167,74.82793426513672,45.53580856323242,2.462891,7.310095,0.00036219698451559867
twoball0,1047968,random,cart,4,,0.33,28.0,7547,45608616,138.7529969215393,79.06665802001953,44.34233474731445,2.455582,7.447894,0.00036307593664387723
twoball0,1047968,random,cart,4,,0.33,36.0,15362,41227414,145.94901291032633,102.11759948730469,28.342912673950195,2.793909,8.210269,0.0004070818474038552
