backend,n,step,t,far_ms,nsearch_ms,self2b_ms,nbody_ms,overall_near_ms,total_gpu_ms,near_pairs,wall_ms,z_std,bbox_vol,gpu,git_sha,label,mac,max_leaf,pdeg,fp32_level,hilbert_q,pair_budget_gb
widebvh,1047968,0,0.0,328.25,10.267,662.717,1513.145,2187.01,2516.306,21166894,2516.359,238.229,95863408.0,NVIDIA GeForce RTX 4060 Laptop GPU,ac78eb4,fp32l3_p7_mac0.8_leaf512,0.8,512,7,3,,1.0
widebvh,1047968,1,0.01,360.822,11.657,642.945,1530.18,2185.564,2547.337,21469806,2547.376,238.246,97852384.0,NVIDIA GeForce RTX 4060 Laptop GPU,ac78eb4,fp32l3_p7_mac0.8_leaf512,0.8,512,7,3,,1.0
widebvh,1047968,2,0.02,356.25,12.405,654.766,1558.215,2226.286,2583.559,21835278,2583.583,238.226,99814664.0,NVIDIA GeForce RTX 4060 Laptop GPU,ac78eb4,fp32l3_p7_mac0.8_leaf512,0.8,512,7,3,,1.0
widebvh,1047968,3,0.03,358.457,11.741,661.741,1574.265,2248.616,2608.38,22042158,2608.431,238.168,101685600.0,NVIDIA GeForce RTX 4060 Laptop GPU,ac78eb4,fp32l3_p7_mac0.8_leaf512,0.8,512,7,3,,1.0
widebvh,1047968,4,0.04,358.796,12.104,663.484,1574.334,2250.731,2610.976,22085566,2611.031,238.072,103458432.0,NVIDIA GeForce RTX 4060 Laptop GPU,ac78eb4,fp32l3_p7_mac0.8_leaf512,0.8,512,7,3,,1.0
widebvh,1047968,5,0.05,362.188,12.167,657.104,1556.999,2227.082,2590.196,21883848,2590.218,237.939,105128032.0,NVIDIA GeForce RTX 4060 Laptop GPU,ac78eb4,fp32l3_p7_mac0.8_leaf512,0.8,512,7,3,,1.0
widebvh,1047968,6,0.06,381.204,12.586,642.533,1549.607,2205.822,2588.195,21663008,2588.219,237.77,106688936.0,NVIDIA GeForce RTX 4060 Laptop GPU,ac78eb4,fp32l3_p7_mac0.8_leaf512,0.8,512,7,3,,1.0
widebvh,1047968,7,0.07,370.649,11.829,646.184,1537.132,2195.955,2567.566,21463452,2567.591,237.565,108138048.0,NVIDIA GeForce RTX 4060 Laptop GPU,ac78eb4,fp32l3_p7_mac0.8_leaf512,0.8,512,7,3,,1.0
widebvh,1047968,8,0.08,365.784,11.618,638.269,1516.153,2166.855,2533.71,21241704,2533.736,237.325,109471336.0,NVIDIA GeForce RTX 4060 Laptop GPU,ac78eb4,fp32l3_p7_mac0.8_leaf512,0.8,512,7,3,,1.0
widebvh,1047968,9,0.09,368.605,11.886,633.019,1508.807,2154.498,2524.052,21088886,2524.084,237.051,110720224.0,NVIDIA GeForce RTX 4060 Laptop GPU,ac78eb4,fp32l3_p7_mac0.8_leaf512,0.8,512,7,3,,1.0
widebvh,1047968,10,0.1,368.071,12.302,634.661,1510.315,2158.2,2527.357,21056954,2527.387,236.743,112290904.0,NVIDIA GeForce RTX 4060 Laptop GPU,ac78eb4,fp32l3_p7_mac0.8_leaf512,0.8,512,7,3,,1.0
widebvh,1047968,11,0.11,366.9,11.995,635.999,1512.008,2160.805,2528.732,21098596,2528.763,236.403,113757640.0,NVIDIA GeForce RTX 4060 Laptop GPU,ac78eb4,fp32l3_p7_mac0.8_leaf512,0.8,512,7,3,,1.0
widebvh,1047968,12,0.12,366.606,11.623,636.695,1517.836,2166.978,2534.598,21163772,2534.632,236.033,115367528.0,NVIDIA GeForce RTX 4060 Laptop GPU,ac78eb4,fp32l3_p7_mac0.8_leaf512,0.8,512,7,3,,1.0
widebvh,1047968,13,0.13,366.825,11.933,639.997,1526.01,2178.754,2546.511,21214334,2546.539,235.632,117011536.0,NVIDIA GeForce RTX 4060 Laptop GPU,ac78eb4,fp32l3_p7_mac0.8_leaf512,0.8,512,7,3,,1.0
widebvh,1047968,14,0.14,367.584,11.76,639.919,1522.794,2175.303,2544.421,21223834,2544.453,235.204,118539112.0,NVIDIA GeForce RTX 4060 Laptop GPU,ac78eb4,fp32l3_p7_mac0.8_leaf512,0.8,512,7,3,,1.0
widebvh,1047968,15,0.15,384.41,11.697,637.613,1527.954,2178.103,2563.51,21201452,2563.542,234.749,119950968.0,NVIDIA GeForce RTX 4060 Laptop GPU,ac78eb4,fp32l3_p7_mac0.8_leaf512,0.8,512,7,3,,1.0
widebvh,1047968,16,0.16,380.73,11.569,636.891,1520.084,2169.348,2551.058,21147070,2551.097,234.27,121248904.0,NVIDIA GeForce RTX 4060 Laptop GPU,ac78eb4,fp32l3_p7_mac0.8_leaf512,0.8,512,7,3,,1.0
widebvh,1047968,17,0.17,380.388,11.547,637.45,1514.188,2164.031,2545.394,21049566,2545.426,233.767,122436720.0,NVIDIA GeForce RTX 4060 Laptop GPU,ac78eb4,fp32l3_p7_mac0.8_leaf512,0.8,512,7,3,,1.0
widebvh,1047968,18,0.18,382.564,11.663,631.553,1506.151,2150.261,2534.282,20911482,2534.361,233.243,123927824.0,NVIDIA GeForce RTX 4060 Laptop GPU,ac78eb4,fp32l3_p7_mac0.8_leaf512,0.8,512,7,3,,1.0
widebvh,1047968,19,0.19,383.592,11.706,627.036,1495.843,2135.424,2520.085,20748016,2520.155,232.7,125462320.0,NVIDIA GeForce RTX 4060 Laptop GPU,ac78eb4,fp32l3_p7_mac0.8_leaf512,0.8,512,7,3,,1.0
widebvh,1047968,20,0.2,382.008,11.814,620.494,1491.136,2124.26,2507.242,20568048,2507.274,232.139,126894840.0,NVIDIA GeForce RTX 4060 Laptop GPU,ac78eb4,fp32l3_p7_mac0.8_leaf512,0.8,512,7,3,,1.0
widebvh,1047968,21,0.21,380.769,11.699,615.144,1477.781,2105.42,2487.166,20385216,2487.199,231.562,128239168.0,NVIDIA GeForce RTX 4060 Laptop GPU,ac78eb4,fp32l3_p7_mac0.8_leaf512,0.8,512,7,3,,1.0
widebvh,1047968,22,0.22,379.196,11.651,612.98,1462.951,2088.423,2468.6,20206850,2468.631,230.973,129684416.0,NVIDIA GeForce RTX 4060 Laptop GPU,ac78eb4,fp32l3_p7_mac0.8_leaf512,0.8,512,7,3,,1.0
widebvh,1047968,23,0.23,377.84,11.429,608.095,1445.324,2065.645,2444.446,20036048,2444.478,230.372,131272936.0,NVIDIA GeForce RTX 4060 Laptop GPU,ac78eb4,fp32l3_p7_mac0.8_leaf512,0.8,512,7,3,,1.0
widebvh,1047968,24,0.24,380.454,11.459,602.767,1437.854,2052.891,2434.728,19874712,2434.759,229.763,132824552.0,NVIDIA GeForce RTX 4060 Laptop GPU,ac78eb4,fp32l3_p7_mac0.8_leaf512,0.8,512,7,3,,1.0
widebvh,1047968,25,0.25,378.794,11.467,595.681,1426.382,2034.307,2414.037,19727530,2414.069,229.147,134298064.0,NVIDIA GeForce RTX 4060 Laptop GPU,ac78eb4,fp32l3_p7_mac0.8_leaf512,0.8,512,7,3,,1.0
widebvh,1047968,26,0.26,389.202,11.355,593.543,1418.703,2024.37,2414.556,19596552,2414.596,228.526,135702112.0,NVIDIA GeForce RTX 4060 Laptop GPU,ac78eb4,fp32l3_p7_mac0.8_leaf512,0.8,512,7,3,,1.0
widebvh,1047968,27,0.27,388.512,11.439,592.857,1414.75,2019.799,2409.298,19489908,2409.334,227.904,137046224.0,NVIDIA GeForce RTX 4060 Laptop GPU,ac78eb4,fp32l3_p7_mac0.8_leaf512,0.8,512,7,3,,1.0
widebvh,1047968,28,0.28,389.426,11.375,587.983,1408.461,2008.577,2398.967,19411328,2399.001,227.282,138523392.0,NVIDIA GeForce RTX 4060 Laptop GPU,ac78eb4,fp32l3_p7_mac0.8_leaf512,0.8,512,7,3,,1.0
widebvh,1047968,29,0.29,394.059,11.197,586.926,1408.099,2006.963,2402.016,19373300,2402.05,226.662,140162368.0,NVIDIA GeForce RTX 4060 Laptop GPU,ac78eb4,fp32l3_p7_mac0.8_leaf512,0.8,512,7,3,,1.0
widebvh,1047968,30,0.3,387.526,11.188,588.576,1408.201,2008.705,2397.201,19378852,2397.236,226.048,142093488.0,NVIDIA GeForce RTX 4060 Laptop GPU,ac78eb4,fp32l3_p7_mac0.8_leaf512,0.8,512,7,3,,1.0
widebvh,1047968,31,0.31,382.507,11.083,591.052,1410.396,2013.303,2396.805,19414078,2396.842,225.442,144027088.0,NVIDIA GeForce RTX 4060 Laptop GPU,ac78eb4,fp32l3_p7_mac0.8_leaf512,0.8,512,7,3,,1.0
widebvh,1047968,32,0.32,392.129,11.248,591.373,1412.509,2015.889,2408.978,19461510,2409.016,224.845,145917920.0,NVIDIA GeForce RTX 4060 Laptop GPU,ac78eb4,fp32l3_p7_mac0.8_leaf512,0.8,512,7,3,,1.0
widebvh,1047968,33,0.33,390.855,11.698,590.796,1418.68,2022.056,2414.03,19515126,2414.069,224.262,147771376.0,NVIDIA GeForce RTX 4060 Laptop GPU,ac78eb4,fp32l3_p7_mac0.8_leaf512,0.8,512,7,3,,1.0
widebvh,1047968,34,0.34,390.456,11.242,593.261,1421.869,2027.159,2419.066,19572078,2419.105,223.693,149592944.0,NVIDIA GeForce RTX 4060 Laptop GPU,ac78eb4,fp32l3_p7_mac0.8_leaf512,0.8,512,7,3,,1.0
widebvh,1047968,35,0.35,380.934,11.168,599.901,1422.565,2034.387,2416.282,19631930,2416.317,223.143,151387424.0,NVIDIA GeForce RTX 4060 Laptop GPU,ac78eb4,fp32l3_p7_mac0.8_leaf512,0.8,512,7,3,,1.0
widebvh,1047968,36,0.36,385.052,11.184,620.858,1430.683,2063.481,2449.53,19690336,2449.567,222.612,153196224.0,NVIDIA GeForce RTX 4060 Laptop GPU,ac78eb4,fp32l3_p7_mac0.8_leaf512,0.8,512,7,3,,1.0
widebvh,1047968,37,0.37,383.949,11.38,597.971,1435.103,2045.213,2430.129,19753316,2430.164,222.105,155163008.0,NVIDIA GeForce RTX 4060 Laptop GPU,ac78eb4,fp32l3_p7_mac0.8_leaf512,0.8,512,7,3,,1.0
widebvh,1047968,38,0.38,389.228,11.472,600.499,1436.021,2048.764,2438.981,19821424,2439.013,221.623,157289360.0,NVIDIA GeForce RTX 4060 Laptop GPU,ac78eb4,fp32l3_p7_mac0.8_leaf512,0.8,512,7,3,,1.0
widebvh,1047968,39,0.39,377.5,11.576,608.199,1451.766,2072.332,2450.811,19886004,2450.848,221.169,159529952.0,NVIDIA GeForce RTX 4060 Laptop GPU,ac78eb4,fp32l3_p7_mac0.8_leaf512,0.8,512,7,3,,1.0
widebvh,1047968,40,0.4,385.588,11.079,606.759,1446.965,2065.563,2452.101,19943030,2452.135,220.747,161919296.0,NVIDIA GeForce RTX 4060 Laptop GPU,ac78eb4,fp32l3_p7_mac0.8_leaf512,0.8,512,7,3,,1.0
widebvh,1047968,41,0.41,393.004,11.383,606.039,1452.952,2071.143,2465.109,19996812,2465.145,220.358,164423888.0,NVIDIA GeForce RTX 4060 Laptop GPU,ac78eb4,fp32l3_p7_mac0.8_leaf512,0.8,512,7,3,,1.0
widebvh,1047968,42,0.42,382.551,11.482,607.259,1450.966,2070.484,2453.999,20047410,2454.033,220.005,167119856.0,NVIDIA GeForce RTX 4060 Laptop GPU,ac78eb4,fp32l3_p7_mac0.8_leaf512,0.8,512,7,3,,1.0
widebvh,1047968,43,0.43,387.204,11.37,607.742,1458.862,2078.74,2466.897,20089460,2466.938,219.691,169849584.0,NVIDIA GeForce RTX 4060 Laptop GPU,ac78eb4,fp32l3_p7_mac0.8_leaf512,0.8,512,7,3,,1.0
widebvh,1047968,44,0.44,391.181,11.382,612.012,1456.073,2080.252,2472.336,20126094,2472.373,219.419,172649936.0,NVIDIA GeForce RTX 4060 Laptop GPU,ac78eb4,fp32l3_p7_mac0.8_leaf512,0.8,512,7,3,,1.0
widebvh,1047968,45,0.45,389.692,11.753,613.708,1459.485,2085.722,2476.383,20161486,2476.419,219.191,175644208.0,NVIDIA GeForce RTX 4060 Laptop GPU,ac78eb4,fp32l3_p7_mac0.8_leaf512,0.8,512,7,3,,1.0
widebvh,1047968,46,0.46,395.443,11.627,610.993,1464.274,2087.674,2484.099,20189098,2484.134,219.01,178674496.0,NVIDIA GeForce RTX 4060 Laptop GPU,ac78eb4,fp32l3_p7_mac0.8_leaf512,0.8,512,7,3,,1.0
widebvh,1047968,47,0.47,386.916,11.601,614.53,1466.409,2093.309,2481.211,20207454,2481.246,218.879,181824368.0,NVIDIA GeForce RTX 4060 Laptop GPU,ac78eb4,fp32l3_p7_mac0.8_leaf512,0.8,512,7,3,,1.0
widebvh,1047968,48,0.48,386.433,11.486,615.293,1465.53,2093.1,2480.585,20218406,2480.634,218.8,184974080.0,NVIDIA GeForce RTX 4060 Laptop GPU,ac78eb4,fp32l3_p7_mac0.8_leaf512,0.8,512,7,3,,1.0
widebvh,1047968,49,0.49,377.023,12.246,616.183,1467.135,2096.42,2474.555,20220802,2474.596,218.775,188056000.0,NVIDIA GeForce RTX 4060 Laptop GPU,ac78eb4,fp32l3_p7_mac0.8_leaf512,0.8,512,7,3,,1.0
widebvh,1047968,0,0.0,357.335,10.745,641.184,1528.93,2181.644,2539.996,21166894,2540.05,238.229,95863408.0,NVIDIA GeForce RTX 4060 Laptop GPU,ac78eb4,fp32l3_p7_mac0.8_leaf1024,0.8,1024,7,3,,1.0
widebvh,1047968,1,0.01,369.947,11.708,649.72,1551.98,2214.189,2585.083,21469804,2585.141,238.246,97852400.0,NVIDIA GeForce RTX 4060 Laptop GPU,ac78eb4,fp32l3_p7_mac0.8_leaf1024,0.8,1024,7,3,,1.0
widebvh,1047968,2,0.02,374.886,12.152,662.477,1574.026,2249.457,2625.298,21835282,2625.335,238.226,99814648.0,NVIDIA GeForce RTX 4060 Laptop GPU,ac78eb4,fp32l3_p7_mac0.8_leaf1024,0.8,1024,7,3,,1.0
widebvh,1047968,3,0.03,382.2,12.314,664.481,1590.821,2268.413,2651.628,22042148,2651.663,238.168,101685608.0,NVIDIA GeForce RTX 4060 Laptop GPU,ac78eb4,fp32l3_p7_mac0.8_leaf1024,0.8,1024,7,3,,1.0
widebvh,1047968,4,0.04,378.184,12.349,669.296,1590.741,2273.191,2652.342,22085564,2652.38,238.072,103458416.0,NVIDIA GeForce RTX 4060 Laptop GPU,ac78eb4,fp32l3_p7_mac0.8_leaf1024,0.8,1024,7,3,,1.0
widebvh,1047968,5,0.05,380.898,12.161,662.675,1579.114,2254.74,2636.607,21883824,2636.645,237.939,105128048.0,NVIDIA GeForce RTX 4060 Laptop GPU,ac78eb4,fp32l3_p7_mac0.8_leaf1024,0.8,1024,7,3,,1.0
widebvh,1047968,6,0.06,376.522,12.015,655.55,1562.506,2230.87,2608.371,21663044,2608.411,237.77,106688936.0,NVIDIA GeForce RTX 4060 Laptop GPU,ac78eb4,fp32l3_p7_mac0.8_leaf1024,0.8,1024,7,3,,1.0
widebvh,1047968,7,0.07,374.264,11.791,650.92,1550.638,2214.133,2589.352,21463424,2589.392,237.565,108138040.0,NVIDIA GeForce RTX 4060 Laptop GPU,ac78eb4,fp32l3_p7_mac0.8_leaf1024,0.8,1024,7,3,,1.0
widebvh,1047968,8,0.08,375.367,11.758,642.881,1536.849,2192.266,2569.067,21241726,2569.105,237.325,109471312.0,NVIDIA GeForce RTX 4060 Laptop GPU,ac78eb4,fp32l3_p7_mac0.8_leaf1024,0.8,1024,7,3,,1.0
widebvh,1047968,9,0.09,375.343,11.822,660.824,1529.916,2203.348,2579.644,21088914,2579.682,237.051,110720200.0,NVIDIA GeForce RTX 4060 Laptop GPU,ac78eb4,fp32l3_p7_mac0.8_leaf1024,0.8,1024,7,3,,1.0
widebvh,1047968,10,0.1,378.062,11.681,638.774,1522.746,2173.987,2552.997,21056956,2553.037,236.743,112290872.0,NVIDIA GeForce RTX 4060 Laptop GPU,ac78eb4,fp32l3_p7_mac0.8_leaf1024,0.8,1024,7,3,,1.0
widebvh,1047968,11,0.11,379.725,11.85,642.091,1530.667,2185.396,2566.078,21098576,2566.12,236.403,113757616.0,NVIDIA GeForce RTX 4060 Laptop GPU,ac78eb4,fp32l3_p7_mac0.8_leaf1024,0.8,1024,7,3,,1.0
widebvh,1047968,12,0.12,376.532,11.81,643.557,1530.278,2186.436,2563.943,21163740,2563.982,236.033,115367544.0,NVIDIA GeForce RTX 4060 Laptop GPU,ac78eb4,fp32l3_p7_mac0.8_leaf1024,0.8,1024,7,3,,1.0
widebvh,1047968,13,0.13,382.041,11.752,644.019,1536.613,2193.175,2576.177,21214344,2576.216,235.632,117011536.0,NVIDIA GeForce RTX 4060 Laptop GPU,ac78eb4,fp32l3_p7_mac0.8_leaf1024,0.8,1024,7,3,,1.0
widebvh,1047968,14,0.14,384.055,11.862,669.015,1539.25,2220.926,2605.951,21223830,2605.99,235.204,118539112.0,NVIDIA GeForce RTX 4060 Laptop GPU,ac78eb4,fp32l3_p7_mac0.8_leaf1024,0.8,1024,7,3,,1.0
widebvh,1047968,15,0.15,383.087,11.792,641.911,1536.438,2190.933,2574.967,21201472,2575.007,234.749,119950936.0,NVIDIA GeForce RTX 4060 Laptop GPU,ac78eb4,fp32l3_p7_mac0.8_leaf1024,0.8,1024,7,3,,1.0
widebvh,1047968,16,0.16,387.957,11.733,639.771,1530.576,2182.881,2571.833,21147006,2571.872,234.27,121248872.0,NVIDIA GeForce RTX 4060 Laptop GPU,ac78eb4,fp32l3_p7_mac0.8_leaf1024,0.8,1024,7,3,,1.0
widebvh,1047968,17,0.17,389.805,11.626,638.366,1525.549,2176.328,2567.071,21049604,2567.114,233.767,122436680.0,NVIDIA GeForce RTX 4060 Laptop GPU,ac78eb4,fp32l3_p7_mac0.8_leaf1024,0.8,1024,7,3,,1.0
widebvh,1047968,18,0.18,388.596,11.547,635.041,1515.542,2162.919,2552.462,20911482,2552.503,233.243,123927856.0,NVIDIA GeForce RTX 4060 Laptop GPU,ac78eb4,fp32l3_p7_mac0.8_leaf1024,0.8,1024,7,3,,1.0
widebvh,1047968,19,0.19,390.633,12.206,629.94,1507.098,2150.042,2541.65,20747948,2541.691,232.7,125462336.0,NVIDIA GeForce RTX 4060 Laptop GPU,ac78eb4,fp32l3_p7_mac0.8_leaf1024,0.8,1024,7,3,,1.0
widebvh,1047968,20,0.2,389.267,11.562,623.81,1498.945,2135.105,2525.35,20567998,2525.392,232.139,126894856.0,NVIDIA GeForce RTX 4060 Laptop GPU,ac78eb4,fp32l3_p7_mac0.8_leaf1024,0.8,1024,7,3,,1.0
widebvh,1047968,21,0.21,385.144,11.334,619.963,1478.055,2110.126,2496.228,20385244,2496.274,231.562,128239168.0,NVIDIA GeForce RTX 4060 Laptop GPU,ac78eb4,fp32l3_p7_mac0.8_leaf1024,0.8,1024,7,3,,1.0
widebvh,1047968,22,0.22,391.979,11.747,611.154,1464.743,2088.413,2481.365,20206898,2481.406,230.973,129684376.0,NVIDIA GeForce RTX 4060 Laptop GPU,ac78eb4,fp32l3_p7_mac0.8_leaf1024,0.8,1024,7,3,,1.0
widebvh,1047968,23,0.23,383.544,11.668,611.418,1457.429,2081.293,2465.841,20036108,2465.883,230.372,131272904.0,NVIDIA GeForce RTX 4060 Laptop GPU,ac78eb4,fp32l3_p7_mac0.8_leaf1024,0.8,1024,7,3,,1.0
widebvh,1047968,24,0.24,387.494,11.671,604.185,1441.226,2057.845,2446.3,19874718,2446.344,229.763,132824480.0,NVIDIA GeForce RTX 4060 Laptop GPU,ac78eb4,fp32l3_p7_mac0.8_leaf1024,0.8,1024,7,3,,1.0
widebvh,1047968,25,0.25,389.875,11.591,599.579,1433.708,2045.635,2436.468,19727574,2436.509,229.147,134298000.0,NVIDIA GeForce RTX 4060 Laptop GPU,ac78eb4,fp32l3_p7_mac0.8_leaf1024,0.8,1024,7,3,,1.0
widebvh,1047968,26,0.26,389.241,11.595,593.5,1422.666,2028.502,2418.728,19596564,2418.774,228.526,135702032.0,NVIDIA GeForce RTX 4060 Laptop GPU,ac78eb4,fp32l3_p7_mac0.8_leaf1024,0.8,1024,7,3,,1.0
widebvh,1047968,27,0.27,394.401,11.171,594.638,1418.409,2024.956,2420.304,19489928,2420.347,227.904,137046144.0,NVIDIA GeForce RTX 4060 Laptop GPU,ac78eb4,fp32l3_p7_mac0.8_leaf1024,0.8,1024,7,3,,1.0
widebvh,1047968,28,0.28,398.17,11.452,588.961,1411.567,2012.713,2411.849,19411286,2411.891,227.282,138523424.0,NVIDIA GeForce RTX 4060 Laptop GPU,ac78eb4,fp32l3_p7_mac0.8_leaf1024,0.8,1024,7,3,,1.0
widebvh,1047968,29,0.29,399.141,11.1,587.114,1412.414,2011.362,2411.484,19373340,2411.529,226.662,140162464.0,NVIDIA GeForce RTX 4060 Laptop GPU,ac78eb4,fp32l3_p7_mac0.8_leaf1024,0.8,1024,7,3,,1.0
widebvh,1047968,30,0.3,401.246,11.201,590.451,1412.208,2014.595,2416.822,19378830,2416.869,226.048,142093696.0,NVIDIA GeForce RTX 4060 Laptop GPU,ac78eb4,fp32l3_p7_mac0.8_leaf1024,0.8,1024,7,3,,1.0
widebvh,1047968,31,0.31,398.786,11.178,589.272,1409.238,2010.435,2410.197,19414110,2410.242,225.442,144027264.0,NVIDIA GeForce RTX 4060 Laptop GPU,ac78eb4,fp32l3_p7_mac0.8_leaf1024,0.8,1024,7,3,,1.0
widebvh,1047968,32,0.32,401.126,11.152,591.446,1414.332,2017.676,2419.736,19461524,2419.778,224.845,145918176.0,NVIDIA GeForce RTX 4060 Laptop GPU,ac78eb4,fp32l3_p7_mac0.8_leaf1024,0.8,1024,7,3,,1.0
widebvh,1047968,33,0.33,399.612,11.341,593.211,1416.456,2021.736,2422.302,19515142,2422.345,224.262,147771696.0,NVIDIA GeForce RTX 4060 Laptop GPU,ac78eb4,fp32l3_p7_mac0.8_leaf1024,0.8,1024,7,3,,1.0
widebvh,1047968,34,0.34,402.514,11.376,595.721,1426.415,2034.247,2437.727,19572148,2437.77,223.693,149593312.0,NVIDIA GeForce RTX 4060 Laptop GPU,ac78eb4,fp32l3_p7_mac0.8_leaf1024,0.8,1024,7,3,,1.0
widebvh,1047968,35,0.35,401.837,11.491,596.498,1429.148,2037.898,2440.719,19631838,2440.763,223.143,151387792.0,NVIDIA GeForce RTX 4060 Laptop GPU,ac78eb4,fp32l3_p7_mac0.8_leaf1024,0.8,1024,7,3,,1.0
widebvh,1047968,36,0.36,400.551,11.508,600.37,1431.292,2043.929,2445.468,19690302,2445.51,222.612,153196576.0,NVIDIA GeForce RTX 4060 Laptop GPU,ac78eb4,fp32l3_p7_mac0.8_leaf1024,0.8,1024,7,3,,1.0
widebvh,1047968,37,0.37,397.594,11.185,599.055,1435.188,2046.176,2444.702,19753224,2444.745,222.105,155163728.0,NVIDIA GeForce RTX 4060 Laptop GPU,ac78eb4,fp32l3_p7_mac0.8_leaf1024,0.8,1024,7,3,,1.0
widebvh,1047968,38,0.38,384.632,11.289,606.818,1443.035,2061.908,2447.52,19821522,2447.564,221.623,157290208.0,NVIDIA GeForce RTX 4060 Laptop GPU,ac78eb4,fp32l3_p7_mac0.8_leaf1024,0.8,1024,7,3,,1.0
widebvh,1047968,39,0.39,390.046,11.237,605.58,1445.762,2063.341,2454.362,19885944,2454.405,221.169,159531008.0,NVIDIA GeForce RTX 4060 Laptop GPU,ac78eb4,fp32l3_p7_mac0.8_leaf1024,0.8,1024,7,3,,1.0
widebvh,1047968,40,0.4,391.636,11.191,608.288,1450.474,2070.711,2463.327,19943150,2463.374,220.747,161920352.0,NVIDIA GeForce RTX 4060 Laptop GPU,ac78eb4,fp32l3_p7_mac0.8_leaf1024,0.8,1024,7,3,,1.0
widebvh,1047968,41,0.41,398.6,11.391,606.118,1451.588,2069.87,2469.428,19996734,2469.471,220.358,164424880.0,NVIDIA GeForce RTX 4060 Laptop GPU,ac78eb4,fp32l3_p7_mac0.8_leaf1024,0.8,1024,7,3,,1.0
widebvh,1047968,42,0.42,407.706,11.428,603.71,1458.881,2074.847,2483.605,20047436,2483.651,220.005,167120368.0,NVIDIA GeForce RTX 4060 Laptop GPU,ac78eb4,fp32l3_p7_mac0.8_leaf1024,0.8,1024,7,3,,1.0
widebvh,1047968,43,0.43,401.533,11.741,613.847,1460.132,2086.49,2489.009,20089450,2489.057,219.691,169850064.0,NVIDIA GeForce RTX 4060 Laptop GPU,ac78eb4,fp32l3_p7_mac0.8_leaf1024,0.8,1024,7,3,,1.0
widebvh,1047968,44,0.44,400.201,11.429,613.07,1468.38,2093.649,2494.776,20126106,2494.82,219.419,172649904.0,NVIDIA GeForce RTX 4060 Laptop GPU,ac78eb4,fp32l3_p7_mac0.8_leaf1024,0.8,1024,7,3,,1.0
widebvh,1047968,45,0.45,401.129,11.58,611.086,1470.267,2093.701,2495.824,20161520,2495.868,219.191,175643216.0,NVIDIA GeForce RTX 4060 Laptop GPU,ac78eb4,fp32l3_p7_mac0.8_leaf1024,0.8,1024,7,3,,1.0
widebvh,1047968,46,0.46,397.489,11.551,615.795,1467.563,2095.682,2494.154,20189086,2494.202,219.01,178673440.0,NVIDIA GeForce RTX 4060 Laptop GPU,ac78eb4,fp32l3_p7_mac0.8_leaf1024,0.8,1024,7,3,,1.0
widebvh,1047968,47,0.47,397.575,11.594,616.814,1477.119,2106.291,2504.828,20207520,2504.871,218.879,181822480.0,NVIDIA GeForce RTX 4060 Laptop GPU,ac78eb4,fp32l3_p7_mac0.8_leaf1024,0.8,1024,7,3,,1.0
widebvh,1047968,48,0.48,398.064,11.405,614.437,1471.04,2097.648,2496.695,20218390,2496.746,218.8,184972080.0,NVIDIA GeForce RTX 4060 Laptop GPU,ac78eb4,fp32l3_p7_mac0.8_leaf1024,0.8,1024,7,3,,1.0
widebvh,1047968,49,0.49,391.573,11.656,619.563,1473.221,2105.223,2497.813,20220788,2497.864,218.775,188053936.0,NVIDIA GeForce RTX 4060 Laptop GPU,ac78eb4,fp32l3_p7_mac0.8_leaf1024,0.8,1024,7,3,,1.0
widebvh,1047968,0,0.0,355.288,10.782,644.113,1532.553,2188.211,2544.414,21166894,2544.468,238.229,95863408.0,NVIDIA GeForce RTX 4060 Laptop GPU,ac78eb4,fp32l3_p5_mac0.7_leaf512,0.7,512,5,3,,1.0
widebvh,1047968,1,0.01,369.068,11.884,655.864,1556.217,2224.742,2594.712,21469774,2594.758,238.246,97852304.0,NVIDIA GeForce RTX 4060 Laptop GPU,ac78eb4,fp32l3_p5_mac0.7_leaf512,0.7,512,5,3,,1.0
widebvh,1047968,2,0.02,372.572,11.964,664.158,1580.879,2257.773,2631.263,21835222,2631.31,238.226,99814432.0,NVIDIA GeForce RTX 4060 Laptop GPU,ac78eb4,fp32l3_p5_mac0.7_leaf512,0.7,512,5,3,,1.0
widebvh,1047968,3,0.03,372.888,11.976,668.852,1597.623,2279.219,2653.039,22042122,2653.083,238.168,101685376.0,NVIDIA GeForce RTX 4060 Laptop GPU,ac78eb4,fp32l3_p5_mac0.7_leaf512,0.7,512,5,3,,1.0
widebvh,1047968,4,0.04,377.191,12.429,668.934,1599.069,2281.216,2659.744,22085592,2659.788,238.072,103458280.0,NVIDIA GeForce RTX 4060 Laptop GPU,ac78eb4,fp32l3_p5_mac0.7_leaf512,0.7,512,5,3,,1.0
widebvh,1047968,5,0.05,379.612,12.178,687.182,1590.227,2290.36,2670.884,21883790,2670.926,237.94,105127928.0,NVIDIA GeForce RTX 4060 Laptop GPU,ac78eb4,fp32l3_p5_mac0.7_leaf512,0.7,512,5,3,,1.0
widebvh,1047968,6,0.06,384.283,12.139,686.09,1576.013,2275.014,2660.21,21663112,2660.253,237.771,106688984.0,NVIDIA GeForce RTX 4060 Laptop GPU,ac78eb4,fp32l3_p5_mac0.7_leaf512,0.7,512,5,3,,1.0
widebvh,1047968,7,0.07,383.645,12.086,653.003,1561.598,2227.46,2612.044,21463496,2612.091,237.566,108138272.0,NVIDIA GeForce RTX 4060 Laptop GPU,ac78eb4,fp32l3_p5_mac0.7_leaf512,0.7,512,5,3,,1.0
widebvh,1047968,8,0.08,381.085,11.774,646.427,1545.313,2204.275,2586.287,21241706,2586.332,237.326,109471856.0,NVIDIA GeForce RTX 4060 Laptop GPU,ac78eb4,fp32l3_p5_mac0.7_leaf512,0.7,512,5,3,,1.0
widebvh,1047968,9,0.09,380.677,11.78,642.532,1536.203,2191.269,2572.863,21088714,2572.907,237.051,110720664.0,NVIDIA GeForce RTX 4060 Laptop GPU,ac78eb4,fp32l3_p5_mac0.7_leaf512,0.7,512,5,3,,1.0
widebvh,1047968,10,0.1,378.725,12.118,645.397,1531.689,2189.975,2569.619,21056648,2569.663,236.744,112291248.0,NVIDIA GeForce RTX 4060 Laptop GPU,ac78eb4,fp32l3_p5_mac0.7_leaf512,0.7,512,5,3,,1.0
widebvh,1047968,11,0.11,380.119,11.644,642.888,1535.55,2190.846,2571.868,21098442,2571.912,236.404,113758320.0,NVIDIA GeForce RTX 4060 Laptop GPU,ac78eb4,fp32l3_p5_mac0.7_leaf512,0.7,512,5,3,,1.0
widebvh,1047968,12,0.12,380.338,11.746,644.787,1543.895,2201.203,2582.468,21163630,2582.513,236.034,115368560.0,NVIDIA GeForce RTX 4060 Laptop GPU,ac78eb4,fp32l3_p5_mac0.7_leaf512,0.7,512,5,3,,1.0
widebvh,1047968,13,0.13,381.827,11.927,647.479,1545.942,2206.137,2588.876,21214412,2588.921,235.634,117012904.0,NVIDIA GeForce RTX 4060 Laptop GPU,ac78eb4,fp32l3_p5_mac0.7_leaf512,0.7,512,5,3,,1.0
widebvh,1047968,14,0.14,381.924,11.955,647.207,1544.325,2204.263,2587.502,21223980,2587.547,235.205,118540680.0,NVIDIA GeForce RTX 4060 Laptop GPU,ac78eb4,fp32l3_p5_mac0.7_leaf512,0.7,512,5,3,,1.0
widebvh,1047968,15,0.15,389.921,11.946,645.917,1543.97,2202.622,2593.466,21201732,2593.51,234.751,119952568.0,NVIDIA GeForce RTX 4060 Laptop GPU,ac78eb4,fp32l3_p5_mac0.7_leaf512,0.7,512,5,3,,1.0
widebvh,1047968,16,0.16,393.59,11.686,644.438,1543.377,2200.284,2594.802,21147202,2594.849,234.271,121250496.0,NVIDIA GeForce RTX 4060 Laptop GPU,ac78eb4,fp32l3_p5_mac0.7_leaf512,0.7,512,5,3,,1.0
widebvh,1047968,17,0.17,395.942,11.6,642.644,1538.951,2193.972,2590.832,21049946,2590.88,233.769,122438232.0,NVIDIA GeForce RTX 4060 Laptop GPU,ac78eb4,fp32l3_p5_mac0.7_leaf512,0.7,512,5,3,,1.0
widebvh,1047968,18,0.18,396.398,11.777,637.343,1524.263,2174.154,2571.497,20911628,2571.55,233.245,123929752.0,NVIDIA GeForce RTX 4060 Laptop GPU,ac78eb4,fp32l3_p5_mac0.7_leaf512,0.7,512,5,3,,1.0
widebvh,1047968,19,0.19,394.623,11.704,632.062,1517.288,2161.822,2557.372,20748136,2557.42,232.701,125464176.0,NVIDIA GeForce RTX 4060 Laptop GPU,ac78eb4,fp32l3_p5_mac0.7_leaf512,0.7,512,5,3,,1.0
widebvh,1047968,20,0.2,392.771,11.599,629.352,1505.234,2146.951,2540.652,20568096,2540.7,232.141,126896608.0,NVIDIA GeForce RTX 4060 Laptop GPU,ac78eb4,fp32l3_p5_mac0.7_leaf512,0.7,512,5,3,,1.0
widebvh,1047968,21,0.21,392.386,11.716,637.561,1489.483,2139.52,2532.836,20385204,2532.883,231.565,128240832.0,NVIDIA GeForce RTX 4060 Laptop GPU,ac78eb4,fp32l3_p5_mac0.7_leaf512,0.7,512,5,3,,1.0
widebvh,1047968,22,0.22,396.967,11.644,615.133,1476.688,2104.228,2502.126,20206950,2502.174,230.975,129686024.0,NVIDIA GeForce RTX 4060 Laptop GPU,ac78eb4,fp32l3_p5_mac0.7_leaf512,0.7,512,5,3,,1.0
widebvh,1047968,23,0.23,396.924,12.109,610.037,1464.309,2087.207,2485.11,20036062,2485.156,230.375,131274600.0,NVIDIA GeForce RTX 4060 Laptop GPU,ac78eb4,fp32l3_p5_mac0.7_leaf512,0.7,512,5,3,,1.0
widebvh,1047968,24,0.24,400.275,11.778,605.539,1457.447,2075.517,2477.21,19874862,2477.259,229.765,132826200.0,NVIDIA GeForce RTX 4060 Laptop GPU,ac78eb4,fp32l3_p5_mac0.7_leaf512,0.7,512,5,3,,1.0
widebvh,1047968,25,0.25,395.525,12.048,606.223,1433.108,2052.134,2448.645,19727640,2448.692,229.149,134299648.0,NVIDIA GeForce RTX 4060 Laptop GPU,ac78eb4,fp32l3_p5_mac0.7_leaf512,0.7,512,5,3,,1.0
widebvh,1047968,26,0.26,388.588,11.665,625.57,1437.034,2075.084,2464.627,19596876,2464.676,228.529,135703696.0,NVIDIA GeForce RTX 4060 Laptop GPU,ac78eb4,fp32l3_p5_mac0.7_leaf512,0.7,512,5,3,,1.0
widebvh,1047968,27,0.27,405.258,11.693,593.912,1431.648,2037.982,2444.177,19490208,2444.226,227.906,137047936.0,NVIDIA GeForce RTX 4060 Laptop GPU,ac78eb4,fp32l3_p5_mac0.7_leaf512,0.7,512,5,3,,1.0
widebvh,1047968,28,0.28,401.413,11.387,613.789,1420.118,2046.023,2448.389,19411728,2448.438,227.284,138524976.0,NVIDIA GeForce RTX 4060 Laptop GPU,ac78eb4,fp32l3_p5_mac0.7_leaf512,0.7,512,5,3,,1.0
widebvh,1047968,29,0.29,406.328,11.794,593.191,1422.644,2028.353,2435.657,19373916,2435.714,226.665,140164128.0,NVIDIA GeForce RTX 4060 Laptop GPU,ac78eb4,fp32l3_p5_mac0.7_leaf512,0.7,512,5,3,,1.0
widebvh,1047968,30,0.3,405.16,11.566,597.428,1406.991,2016.703,2422.866,19379498,2422.917,226.051,142095600.0,NVIDIA GeForce RTX 4060 Laptop GPU,ac78eb4,fp32l3_p5_mac0.7_leaf512,0.7,512,5,3,,1.0
widebvh,1047968,31,0.31,389.71,11.309,620.223,1424.163,2056.499,2447.206,19414688,2447.254,225.444,144029536.0,NVIDIA GeForce RTX 4060 Laptop GPU,ac78eb4,fp32l3_p5_mac0.7_leaf512,0.7,512,5,3,,1.0
widebvh,1047968,32,0.32,411.057,11.469,592.817,1429.642,2034.653,2446.657,19462088,2446.707,224.848,145920960.0,NVIDIA GeForce RTX 4060 Laptop GPU,ac78eb4,fp32l3_p5_mac0.7_leaf512,0.7,512,5,3,,1.0
widebvh,1047968,33,0.33,402.054,11.78,619.503,1433.547,2065.575,2468.594,19515482,2468.644,224.264,147775104.0,NVIDIA GeForce RTX 4060 Laptop GPU,ac78eb4,fp32l3_p5_mac0.7_leaf512,0.7,512,5,3,,1.0
widebvh,1047968,34,0.34,400.793,11.537,597.257,1431.835,2041.369,2443.608,19572358,2443.658,223.696,149597424.0,NVIDIA GeForce RTX 4060 Laptop GPU,ac78eb4,fp32l3_p5_mac0.7_leaf512,0.7,512,5,3,,1.0
widebvh,1047968,35,0.35,400.202,11.826,600.882,1440.033,2053.481,2454.66,19632016,2454.716,223.145,151392592.0,NVIDIA GeForce RTX 4060 Laptop GPU,ac78eb4,fp32l3_p5_mac0.7_leaf512,0.7,512,5,3,,1.0
widebvh,1047968,36,0.36,401.56,11.692,600.694,1444.738,2057.856,2460.391,19690320,2460.444,222.615,153201712.0,NVIDIA GeForce RTX 4060 Laptop GPU,ac78eb4,fp32l3_p5_mac0.7_leaf512,0.7,512,5,3,,1.0
widebvh,1047968,37,0.37,396.328,11.907,608.058,1434.587,2055.31,2452.68,19753470,2452.732,222.108,155168480.0,NVIDIA GeForce RTX 4060 Laptop GPU,ac78eb4,fp32l3_p5_mac0.7_leaf512,0.7,512,5,3,,1.0
widebvh,1047968,38,0.38,387.086,11.538,633.372,1456.551,2102.274,2490.349,19821618,2490.401,221.626,157294704.0,NVIDIA GeForce RTX 4060 Laptop GPU,ac78eb4,fp32l3_p5_mac0.7_leaf512,0.7,512,5,3,,1.0
widebvh,1047968,39,0.39,398.251,11.394,630.206,1457.8,2100.154,2499.385,19886032,2499.436,221.173,159535232.0,NVIDIA GeForce RTX 4060 Laptop GPU,ac78eb4,fp32l3_p5_mac0.7_leaf512,0.7,512,5,3,,1.0
widebvh,1047968,40,0.4,404.999,11.763,614.951,1447.642,2075.117,2481.124,19942930,2481.175,220.75,161924576.0,NVIDIA GeForce RTX 4060 Laptop GPU,ac78eb4,fp32l3_p5_mac0.7_leaf512,0.7,512,5,3,,1.0
widebvh,1047968,41,0.41,394.736,11.709,613.851,1462.845,2089.164,2484.895,19996518,2484.945,220.361,164428128.0,NVIDIA GeForce RTX 4060 Laptop GPU,ac78eb4,fp32l3_p5_mac0.7_leaf512,0.7,512,5,3,,1.0
widebvh,1047968,42,0.42,394.471,11.708,615.898,1465.019,2093.383,2488.823,20047094,2488.878,220.009,167124496.0,NVIDIA GeForce RTX 4060 Laptop GPU,ac78eb4,fp32l3_p5_mac0.7_leaf512,0.7,512,5,3,,1.0
widebvh,1047968,43,0.43,401.229,11.577,614.614,1469.011,2095.965,2498.173,20088902,2498.222,219.696,169854048.0,NVIDIA GeForce RTX 4060 Laptop GPU,ac78eb4,fp32l3_p5_mac0.7_leaf512,0.7,512,5,3,,1.0
widebvh,1047968,44,0.44,408.066,11.784,638.044,1467.558,2118.152,2527.107,20126040,2527.158,219.424,172652256.0,NVIDIA GeForce RTX 4060 Laptop GPU,ac78eb4,fp32l3_p5_mac0.7_leaf512,0.7,512,5,3,,1.0
widebvh,1047968,45,0.45,409.743,12.225,626.308,1461.609,2100.901,2511.631,20161142,2511.683,219.196,175644368.0,NVIDIA GeForce RTX 4060 Laptop GPU,ac78eb4,fp32l3_p5_mac0.7_leaf512,0.7,512,5,3,,1.0
widebvh,1047968,46,0.46,390.219,11.634,644.826,1478.358,2135.658,2526.846,20188534,2526.899,219.016,178675520.0,NVIDIA GeForce RTX 4060 Laptop GPU,ac78eb4,fp32l3_p5_mac0.7_leaf512,0.7,512,5,3,,1.0
widebvh,1047968,47,0.47,399.352,11.713,616.722,1480.214,2109.405,2509.718,20207184,2509.769,218.885,181825280.0,NVIDIA GeForce RTX 4060 Laptop GPU,ac78eb4,fp32l3_p5_mac0.7_leaf512,0.7,512,5,3,,1.0
widebvh,1047968,48,0.48,395.902,11.542,619.252,1483.691,2115.233,2512.077,20218198,2512.126,218.806,184975728.0,NVIDIA GeForce RTX 4060 Laptop GPU,ac78eb4,fp32l3_p5_mac0.7_leaf512,0.7,512,5,3,,1.0
widebvh,1047968,49,0.49,395.777,11.542,633.982,1466.489,2112.771,2509.557,20220480,2509.607,218.782,188058656.0,NVIDIA GeForce RTX 4060 Laptop GPU,ac78eb4,fp32l3_p5_mac0.7_leaf512,0.7,512,5,3,,1.0
