backend,n,step,t,far_ms,nsearch_ms,self2b_ms,nbody_ms,overall_near_ms,total_gpu_ms,near_pairs,wall_ms,z_std,bbox_vol,gpu,git_sha
widebvh,1047968,0,0.0,95.989,2.499,28.16,151.984,182.968,280.83,21166894,281.008,238.229,95863408.0,NVIDIA H200,ac78eb4
widebvh,1047968,1,0.01,98.54,2.53,28.468,153.985,185.254,284.38,21469820,284.447,238.246,97852384.0,NVIDIA H200,ac78eb4
widebvh,1047968,2,0.02,100.602,2.438,28.918,156.456,188.076,289.267,21835284,289.321,238.226,99814656.0,NVIDIA H200,ac78eb4
widebvh,1047968,3,0.03,100.048,2.545,29.245,157.836,189.914,290.569,22042128,290.625,238.168,101685608.0,NVIDIA H200,ac78eb4
widebvh,1047968,4,0.04,100.121,2.471,29.233,157.951,189.925,290.656,22085576,290.71,238.072,103458416.0,NVIDIA H200,ac78eb4
widebvh,1047968,5,0.05,98.876,2.445,28.979,156.522,188.214,287.697,21883866,287.75,237.939,105128024.0,NVIDIA H200,ac78eb4
widebvh,1047968,6,0.06,98.858,2.407,28.741,155.092,186.53,285.999,21663040,286.056,237.77,106688920.0,NVIDIA H200,ac78eb4
widebvh,1047968,7,0.07,98.692,2.39,28.439,153.755,184.853,284.142,21463432,284.196,237.565,108138024.0,NVIDIA H200,ac78eb4
widebvh,1047968,8,0.08,98.509,2.403,28.155,152.052,182.875,281.988,21241740,282.044,237.325,109471320.0,NVIDIA H200,ac78eb4
widebvh,1047968,9,0.09,99.166,2.428,28.011,151.278,181.981,281.728,21088892,281.785,237.051,110720224.0,NVIDIA H200,ac78eb4
widebvh,1047968,10,0.1,99.992,2.46,27.946,150.998,181.671,282.785,21056956,282.847,236.743,112290864.0,NVIDIA H200,ac78eb4
widebvh,1047968,11,0.11,99.539,2.471,27.911,151.465,182.113,282.24,21098608,282.296,236.403,113757616.0,NVIDIA H200,ac78eb4
widebvh,1047968,12,0.12,99.51,2.427,28.055,151.902,182.647,282.768,21163722,282.826,236.033,115367568.0,NVIDIA H200,ac78eb4
widebvh,1047968,13,0.13,100.207,2.418,28.096,152.301,183.088,283.888,21214334,283.949,235.632,117011568.0,NVIDIA H200,ac78eb4
widebvh,1047968,14,0.14,100.43,2.397,28.178,152.293,183.148,284.189,21223832,284.244,235.204,118539136.0,NVIDIA H200,ac78eb4
widebvh,1047968,15,0.15,100.178,2.428,28.084,152.158,182.938,283.721,21201480,283.777,234.749,119950984.0,NVIDIA H200,ac78eb4
widebvh,1047968,16,0.16,101.371,2.412,28.067,151.83,182.582,284.551,21146984,284.606,234.27,121248928.0,NVIDIA H200,ac78eb4
widebvh,1047968,17,0.17,101.798,2.41,27.926,151.091,181.692,284.096,21049600,284.152,233.767,122436728.0,NVIDIA H200,ac78eb4
widebvh,1047968,18,0.18,102.719,2.712,27.757,150.214,181.015,284.567,20911460,284.631,233.243,123927904.0,NVIDIA H200,ac78eb4
widebvh,1047968,19,0.19,102.684,2.412,27.561,149.019,179.26,282.575,20747954,282.63,232.7,125462424.0,NVIDIA H200,ac78eb4
widebvh,1047968,20,0.2,102.832,2.396,27.288,147.872,177.825,281.26,20568034,281.315,232.139,126894944.0,NVIDIA H200,ac78eb4
widebvh,1047968,21,0.21,102.086,3.304,27.069,146.593,177.246,279.933,20385206,279.99,231.562,128239272.0,NVIDIA H200,ac78eb4
widebvh,1047968,22,0.22,103.124,2.353,27.135,145.525,175.318,279.076,20206860,279.146,230.973,129684512.0,NVIDIA H200,ac78eb4
widebvh,1047968,23,0.23,102.016,2.501,26.663,144.32,173.76,276.386,20036044,276.447,230.372,131273048.0,NVIDIA H200,ac78eb4
widebvh,1047968,24,0.24,102.462,2.43,26.409,143.16,172.266,275.336,19874684,275.401,229.763,132824648.0,NVIDIA H200,ac78eb4
widebvh,1047968,25,0.25,102.466,2.43,26.228,142.152,171.071,274.151,19727494,274.213,229.147,134298160.0,NVIDIA H200,ac78eb4
widebvh,1047968,26,0.26,102.932,2.375,26.038,141.352,170.033,273.586,19596586,273.642,228.526,135702192.0,NVIDIA H200,ac78eb4
widebvh,1047968,27,0.27,103.964,2.396,25.975,140.568,169.211,273.776,19489902,273.831,227.904,137046288.0,NVIDIA H200,ac78eb4
widebvh,1047968,28,0.28,104.242,2.317,25.799,139.997,168.374,273.225,19411320,273.282,227.282,138523584.0,NVIDIA H200,ac78eb4
widebvh,1047968,29,0.29,104.074,2.318,25.753,139.67,167.996,272.661,19373336,272.717,226.662,140162560.0,NVIDIA H200,ac78eb4
widebvh,1047968,30,0.3,104.203,2.304,25.806,139.69,168.057,272.836,19378792,272.893,226.048,142093728.0,NVIDIA H200,ac78eb4
widebvh,1047968,31,0.31,103.83,2.295,25.815,140.016,168.386,272.81,19414052,272.865,225.442,144027312.0,NVIDIA H200,ac78eb4
widebvh,1047968,32,0.32,104.545,2.359,25.942,140.264,168.826,273.974,19461558,274.03,224.845,145918192.0,NVIDIA H200,ac78eb4
widebvh,1047968,33,0.33,104.411,2.288,25.98,140.648,169.176,274.192,19515094,274.246,224.262,147771712.0,NVIDIA H200,ac78eb4
widebvh,1047968,34,0.34,105.138,2.285,26.09,140.924,169.555,275.296,19572042,275.351,223.693,149593328.0,NVIDIA H200,ac78eb4
widebvh,1047968,35,0.35,105.525,2.32,26.154,141.407,170.191,276.393,19631866,276.456,223.142,151387808.0,NVIDIA H200,ac78eb4
widebvh,1047968,36,0.36,105.691,2.314,26.247,141.807,170.632,276.942,19690326,276.997,222.612,153196624.0,NVIDIA H200,ac78eb4
widebvh,1047968,37,0.37,103.808,2.295,26.3,142.23,171.091,275.512,19753288,275.568,222.105,155163824.0,NVIDIA H200,ac78eb4
widebvh,1047968,38,0.38,103.315,2.296,26.393,142.745,171.697,275.602,19821528,275.656,221.623,157290224.0,NVIDIA H200,ac78eb4
widebvh,1047968,39,0.39,103.401,2.299,26.444,143.058,172.066,276.051,19885988,276.106,221.169,159531072.0,NVIDIA H200,ac78eb4
widebvh,1047968,40,0.4,104.564,2.32,26.549,143.737,172.969,278.318,19943160,278.388,220.747,161920464.0,NVIDIA H200,ac78eb4
widebvh,1047968,41,0.41,103.856,2.652,26.69,143.796,173.445,277.938,19996806,277.998,220.358,164424944.0,NVIDIA H200,ac78eb4
widebvh,1047968,42,0.42,103.979,2.382,26.685,144.169,173.496,278.082,20047452,278.138,220.005,167120432.0,NVIDIA H200,ac78eb4
widebvh,1047968,43,0.43,106.21,2.313,26.765,144.466,173.809,280.62,20089500,280.675,219.691,169850112.0,NVIDIA H200,ac78eb4
widebvh,1047968,44,0.44,105.456,2.346,26.792,144.696,174.103,280.169,20126184,280.224,219.419,172649888.0,NVIDIA H200,ac78eb4
widebvh,1047968,45,0.45,105.578,2.356,26.857,145.175,174.707,280.951,20161618,281.029,219.191,175643296.0,NVIDIA H200,ac78eb4
widebvh,1047968,46,0.46,104.79,2.496,27.002,145.064,174.855,280.28,20189120,280.343,219.01,178673504.0,NVIDIA H200,ac78eb4
widebvh,1047968,47,0.47,103.956,2.363,26.884,145.244,174.756,279.32,20207630,279.377,218.879,181822512.0,NVIDIA H200,ac78eb4
widebvh,1047968,48,0.48,104.357,2.346,26.858,145.38,174.85,279.797,20218380,279.852,218.8,184972080.0,NVIDIA H200,ac78eb4
widebvh,1047968,49,0.49,103.845,2.345,26.917,145.274,174.804,279.235,20220892,279.291,218.775,188053920.0,NVIDIA H200,ac78eb4
widebvh,1047968,50,0.5,104.418,2.35,26.986,145.376,174.982,279.987,20222608,280.044,218.808,191057328.0,NVIDIA H200,ac78eb4
widebvh,1047968,51,0.51,103.435,2.406,26.92,145.287,174.89,278.934,20220054,278.999,218.9,193971264.0,NVIDIA H200,ac78eb4
widebvh,1047968,52,0.52,102.827,2.419,26.897,145.197,174.777,278.212,20214326,278.27,219.053,197400112.0,NVIDIA H200,ac78eb4
widebvh,1047968,53,0.53,101.931,2.362,26.903,145.205,174.738,277.281,20200942,277.337,219.271,200941408.0,NVIDIA H200,ac78eb4
widebvh,1047968,54,0.54,103.046,2.479,26.851,144.887,174.476,278.124,20184134,278.181,219.554,204375920.0,NVIDIA H200,ac78eb4
widebvh,1047968,55,0.55,105.024,2.425,26.855,144.822,174.367,280.001,20165402,280.058,219.905,207692128.0,NVIDIA H200,ac78eb4
widebvh,1047968,56,0.56,105.254,2.415,26.763,144.612,174.058,279.911,20143432,279.968,220.326,211061632.0,NVIDIA H200,ac78eb4
widebvh,1047968,57,0.57,105.057,2.395,26.788,144.449,173.894,279.562,20119042,279.62,220.818,215038016.0,NVIDIA H200,ac78eb4
widebvh,1047968,58,0.58,105.431,2.418,26.712,144.262,173.656,279.687,20090378,279.742,221.383,218926288.0,NVIDIA H200,ac78eb4
widebvh,1047968,59,0.59,105.355,2.433,26.675,145.073,174.438,280.37,20065772,280.427,222.022,222667344.0,NVIDIA H200,ac78eb4
widebvh,1047968,60,0.6,105.877,2.475,26.774,144.776,174.292,280.744,20045520,280.799,222.736,226243968.0,NVIDIA H200,ac78eb4
widebvh,1047968,61,0.61,106.599,2.474,26.66,143.847,173.246,280.463,20024270,280.521,223.527,229987280.0,NVIDIA H200,ac78eb4
widebvh,1047968,62,0.62,104.503,2.515,26.608,143.704,173.087,278.185,19999620,278.241,224.395,234025632.0,NVIDIA H200,ac78eb4
widebvh,1047968,63,0.63,104.644,2.482,26.551,143.427,172.722,277.958,19969288,278.012,225.34,237877264.0,NVIDIA H200,ac78eb4
widebvh,1047968,64,0.64,105.517,2.479,26.539,143.278,172.572,278.698,19942012,278.754,226.365,241526112.0,NVIDIA H200,ac78eb4
widebvh,1047968,65,0.65,106.093,2.485,26.523,143.019,172.293,278.991,19914114,279.047,227.468,245729920.0,NVIDIA H200,ac78eb4
widebvh,1047968,66,0.66,106.591,2.474,26.453,142.89,172.078,279.282,19885998,279.338,228.651,249911920.0,NVIDIA H200,ac78eb4
widebvh,1047968,67,0.67,106.973,2.516,26.451,142.935,172.26,280.182,19862774,280.248,229.913,253871456.0,NVIDIA H200,ac78eb4
widebvh,1047968,68,0.68,106.634,2.832,26.442,142.505,172.09,279.415,19833356,279.474,231.254,257647072.0,NVIDIA H200,ac78eb4
widebvh,1047968,69,0.69,106.041,2.488,26.36,142.279,171.388,278.042,19794080,278.097,232.673,261741920.0,NVIDIA H200,ac78eb4
widebvh,1047968,70,0.7,107.055,2.476,26.231,142.007,170.985,278.635,19751598,278.692,234.172,265623856.0,NVIDIA H200,ac78eb4
widebvh,1047968,71,0.71,106.956,2.463,26.301,142.54,171.569,279.118,19713098,279.173,235.749,269974016.0,NVIDIA H200,ac78eb4
widebvh,1047968,72,0.72,108.263,2.573,26.338,142.357,171.527,280.392,19684390,280.448,237.403,274516288.0,NVIDIA H200,ac78eb4
widebvh,1047968,73,0.73,109.181,2.495,26.258,141.523,170.587,280.443,19666204,280.526,239.135,278793600.0,NVIDIA H200,ac78eb4
widebvh,1047968,74,0.74,108.721,2.653,26.209,141.308,170.458,279.817,19655868,279.883,240.942,282787488.0,NVIDIA H200,ac78eb4
widebvh,1047968,75,0.75,108.114,2.469,26.194,141.302,170.23,278.966,19655994,279.023,242.825,287119296.0,NVIDIA H200,ac78eb4
widebvh,1047968,76,0.76,108.911,2.477,26.22,141.292,170.254,279.777,19665488,279.835,244.782,291564224.0,NVIDIA H200,ac78eb4
widebvh,1047968,77,0.77,108.474,2.474,26.204,141.494,170.44,279.538,19676804,279.603,246.812,296144672.0,NVIDIA H200,ac78eb4
widebvh,1047968,78,0.78,107.967,2.473,26.244,141.566,170.543,279.132,19689780,279.189,248.914,300423648.0,NVIDIA H200,ac78eb4
widebvh,1047968,79,0.79,108.448,2.458,26.275,142.656,171.656,280.723,19701814,280.779,251.088,304445184.0,NVIDIA H200,ac78eb4
widebvh,1047968,80,0.8,109.456,2.547,26.384,142.522,171.726,281.775,19710594,281.834,253.331,308989312.0,NVIDIA H200,ac78eb4
widebvh,1047968,81,0.81,110.173,2.503,26.243,141.756,170.767,281.531,19718032,281.587,255.643,313249536.0,NVIDIA H200,ac78eb4
widebvh,1047968,82,0.82,108.822,2.588,26.263,141.835,170.952,280.374,19720916,280.428,258.022,317241120.0,NVIDIA H200,ac78eb4
widebvh,1047968,83,0.83,108.854,2.52,26.373,142.662,171.814,281.269,19720044,281.325,260.467,321861632.0,NVIDIA H200,ac78eb4
widebvh,1047968,84,0.84,109.542,2.552,26.3,141.718,170.835,280.993,19715626,281.048,262.976,326162688.0,NVIDIA H200,ac78eb4
widebvh,1047968,85,0.85,108.334,2.502,26.29,142.773,171.822,280.772,19712276,280.827,265.549,330144000.0,NVIDIA H200,ac78eb4
widebvh,1047968,86,0.86,109.938,2.512,26.297,142.605,171.675,282.234,19708466,282.289,268.184,334783936.0,NVIDIA H200,ac78eb4
widebvh,1047968,87,0.87,112.521,2.505,26.216,141.676,170.653,283.781,19703004,283.837,270.879,339201888.0,NVIDIA H200,ac78eb4
widebvh,1047968,88,0.88,106.074,2.513,26.219,141.698,170.687,277.359,19695126,277.414,273.634,343317376.0,NVIDIA H200,ac78eb4
widebvh,1047968,89,0.89,106.189,2.558,26.241,141.605,170.669,277.446,19691348,277.502,276.446,348120352.0,NVIDIA H200,ac78eb4
widebvh,1047968,90,0.9,106.257,2.531,26.181,141.651,170.625,277.484,19687224,277.541,279.315,352579136.0,NVIDIA H200,ac78eb4
widebvh,1047968,91,0.91,106.978,2.535,26.355,142.571,171.727,279.298,19683176,279.353,282.238,356672768.0,NVIDIA H200,ac78eb4
widebvh,1047968,92,0.92,108.003,2.647,26.289,142.384,171.588,280.225,19677400,280.285,285.215,360432352.0,NVIDIA H200,ac78eb4
widebvh,1047968,93,0.93,107.327,2.541,26.265,142.399,171.465,279.394,19669878,279.45,288.245,365088416.0,NVIDIA H200,ac78eb4
widebvh,1047968,94,0.94,108.368,2.563,26.259,142.539,171.628,280.599,19664202,280.664,291.325,369505184.0,NVIDIA H200,ac78eb4
widebvh,1047968,95,0.95,108.791,2.515,26.213,141.371,170.367,279.765,19658666,279.82,294.455,373573632.0,NVIDIA H200,ac78eb4
widebvh,1047968,96,0.96,108.556,2.522,26.217,141.377,170.38,279.539,19655540,279.65,297.633,377314496.0,NVIDIA H200,ac78eb4
widebvh,1047968,97,0.97,108.515,2.527,26.259,142.122,171.164,280.285,19652460,280.341,300.858,381161600.0,NVIDIA H200,ac78eb4
widebvh,1047968,98,0.98,107.86,2.539,26.266,142.149,171.218,279.68,19651626,279.737,304.128,385747872.0,NVIDIA H200,ac78eb4
widebvh,1047968,99,0.99,108.871,2.562,26.256,142.671,171.843,281.557,19650038,281.625,307.443,390016640.0,NVIDIA H200,ac78eb4
widebvh,1047968,100,1.0,108.096,2.902,26.212,141.297,170.713,279.466,19648100,279.525,310.801,393933568.0,NVIDIA H200,ac78eb4
widebvh,1047968,101,1.01,107.9,2.546,26.171,141.339,170.318,278.82,19642804,278.877,314.2,397655040.0,NVIDIA H200,ac78eb4
widebvh,1047968,102,1.02,107.606,2.608,26.061,141.259,170.204,278.41,19637302,278.465,317.64,401588160.0,NVIDIA H200,ac78eb4
widebvh,1047968,103,1.03,107.836,2.547,26.237,142.037,171.091,279.532,19634532,279.586,321.12,406104704.0,NVIDIA H200,ac78eb4
widebvh,1047968,104,1.04,109.084,2.534,26.215,142.325,171.33,281.016,19631080,281.07,324.638,410261312.0,NVIDIA H200,ac78eb4
widebvh,1047968,105,1.05,109.463,2.545,26.214,142.128,171.143,281.205,19626362,281.26,328.192,414102336.0,NVIDIA H200,ac78eb4
widebvh,1047968,106,1.06,109.857,2.58,26.207,142.244,171.296,281.752,19625658,281.808,331.783,417689280.0,NVIDIA H200,ac78eb4
widebvh,1047968,107,1.07,110.48,2.761,26.3,142.083,171.466,282.726,19635168,282.799,335.408,421143424.0,NVIDIA H200,ac78eb4
widebvh,1047968,108,1.08,110.738,2.597,26.244,142.19,171.29,282.634,19653242,282.696,339.067,424837152.0,NVIDIA H200,ac78eb4
widebvh,1047968,109,1.09,110.636,2.611,26.313,142.5,171.693,282.913,19674968,282.968,342.759,429145120.0,NVIDIA H200,ac78eb4
widebvh,1047968,110,1.1,111.263,2.556,26.291,142.706,171.818,283.673,19692576,283.728,346.483,433142944.0,NVIDIA H200,ac78eb4
widebvh,1047968,111,1.11,109.952,2.582,26.362,142.607,171.813,282.361,19703492,282.416,350.237,436781920.0,NVIDIA H200,ac78eb4
widebvh,1047968,112,1.12,111.953,2.636,26.216,141.698,170.809,283.364,19705882,283.419,354.022,440248992.0,NVIDIA H200,ac78eb4
widebvh,1047968,113,1.13,110.41,2.632,26.24,141.681,170.82,281.827,19701610,281.881,357.835,443693984.0,NVIDIA H200,ac78eb4
widebvh,1047968,114,1.14,112.923,2.643,26.247,141.632,170.793,284.323,19686052,284.38,361.677,447181184.0,NVIDIA H200,ac78eb4
widebvh,1047968,115,1.15,110.103,2.81,26.242,142.225,171.548,282.26,19663096,282.319,365.546,450593504.0,NVIDIA H200,ac78eb4
widebvh,1047968,116,1.16,111.856,2.712,26.226,142.174,171.371,283.824,19632592,283.879,369.442,454629312.0,NVIDIA H200,ac78eb4
widebvh,1047968,117,1.17,113.134,2.707,26.183,141.032,170.185,283.939,19595500,283.996,373.364,458446016.0,NVIDIA H200,ac78eb4
widebvh,1047968,118,1.18,111.857,2.711,25.987,140.764,169.717,282.179,19556956,282.234,377.311,462043232.0,NVIDIA H200,ac78eb4
widebvh,1047968,119,1.19,112.098,2.69,25.995,140.574,169.518,282.201,19521302,282.255,381.283,465341664.0,NVIDIA H200,ac78eb4
widebvh,1047968,120,1.2,112.633,2.697,26.05,141.08,170.098,283.328,19488156,283.383,385.28,468698528.0,NVIDIA H200,ac78eb4
widebvh,1047968,121,1.21,110.921,2.705,25.991,141.139,170.11,281.633,19457854,281.689,389.3,472070880.0,NVIDIA H200,ac78eb4
widebvh,1047968,122,1.22,112.578,2.834,25.904,140.931,169.924,283.092,19423064,283.148,393.344,475330688.0,NVIDIA H200,ac78eb4
widebvh,1047968,123,1.23,112.189,2.703,25.895,139.675,168.526,281.316,19393070,281.371,397.41,478547200.0,NVIDIA H200,ac78eb4
widebvh,1047968,124,1.24,111.794,2.685,25.718,139.522,168.179,280.579,19363370,280.634,401.499,481792288.0,NVIDIA H200,ac78eb4
widebvh,1047968,125,1.25,113.012,2.68,25.768,139.329,168.043,281.685,19339976,281.742,405.611,485572320.0,NVIDIA H200,ac78eb4
widebvh,1047968,126,1.26,111.287,2.702,25.787,139.97,168.718,280.621,19324214,280.679,409.744,489181184.0,NVIDIA H200,ac78eb4
widebvh,1047968,127,1.27,111.297,2.686,25.844,140.094,168.88,280.779,19316268,280.835,413.899,492471008.0,NVIDIA H200,ac78eb4
widebvh,1047968,128,1.28,113.275,2.685,25.692,139.026,167.662,281.55,19305738,281.608,418.076,495699616.0,NVIDIA H200,ac78eb4
widebvh,1047968,129,1.29,112.964,2.688,25.742,139.008,167.702,281.276,19288628,281.335,422.273,499008512.0,NVIDIA H200,ac78eb4
widebvh,1047968,130,1.3,116.438,2.674,25.719,139.569,168.221,285.253,19266090,285.308,426.492,502096032.0,NVIDIA H200,ac78eb4
widebvh,1047968,131,1.31,118.671,2.701,25.691,139.459,168.116,287.389,19236186,287.445,430.732,505249408.0,NVIDIA H200,ac78eb4
widebvh,1047968,132,1.32,114.838,2.727,25.594,138.229,166.81,282.254,19201564,282.311,434.993,508680320.0,NVIDIA H200,ac78eb4
widebvh,1047968,133,1.33,111.488,2.709,25.653,138.899,167.524,279.61,19164458,279.667,439.275,511936448.0,NVIDIA H200,ac78eb4
widebvh,1047968,134,1.34,114.753,2.702,25.555,138.788,167.31,282.668,19127228,282.725,443.577,515124032.0,NVIDIA H200,ac78eb4
widebvh,1047968,135,1.35,116.159,2.721,25.562,138.406,166.954,283.715,19091380,283.772,447.9,518298560.0,NVIDIA H200,ac78eb4
widebvh,1047968,136,1.36,113.919,2.713,25.462,138.029,166.462,280.982,19052858,281.037,452.244,521653984.0,NVIDIA H200,ac78eb4
widebvh,1047968,137,1.37,115.005,2.679,25.369,138.046,166.436,282.343,19015380,282.411,456.608,525078112.0,NVIDIA H200,ac78eb4
widebvh,1047968,138,1.38,115.726,3.074,25.437,137.775,166.589,282.964,18977428,283.024,460.993,528474208.0,NVIDIA H200,ac78eb4
widebvh,1047968,139,1.39,114.578,2.699,25.268,136.497,164.722,279.91,18939372,279.966,465.398,531758336.0,NVIDIA H200,ac78eb4
widebvh,1047968,140,1.4,112.532,2.676,25.2,136.278,164.409,277.556,18908918,277.614,469.824,535078464.0,NVIDIA H200,ac78eb4
widebvh,1047968,141,1.41,113.687,2.699,25.138,136.186,164.281,278.559,18883864,278.616,474.271,538222848.0,NVIDIA H200,ac78eb4
widebvh,1047968,142,1.42,113.142,2.789,25.233,136.675,164.953,278.694,18860122,278.749,478.737,541485696.0,NVIDIA H200,ac78eb4
widebvh,1047968,143,1.43,115.219,2.737,25.206,136.687,164.886,280.728,18838234,280.784,483.225,544933824.0,NVIDIA H200,ac78eb4
widebvh,1047968,144,1.44,114.127,2.771,25.226,136.521,164.776,279.504,18816976,279.56,487.733,548499328.0,NVIDIA H200,ac78eb4
widebvh,1047968,145,1.45,114.875,2.803,25.046,135.507,163.626,279.1,18796058,279.157,492.261,551961024.0,NVIDIA H200,ac78eb4
widebvh,1047968,146,1.46,117.332,2.801,25.08,135.611,163.796,281.8,18777540,281.879,496.81,555436544.0,NVIDIA H200,ac78eb4
widebvh,1047968,147,1.47,114.646,2.998,25.074,135.386,163.741,279.017,18762354,279.085,501.379,559135552.0,NVIDIA H200,ac78eb4
widebvh,1047968,148,1.48,117.872,2.796,25.02,135.237,163.313,281.783,18754676,281.848,505.968,562760704.0,NVIDIA H200,ac78eb4
widebvh,1047968,149,1.49,118.435,2.838,25.006,135.274,163.382,282.41,18750646,282.465,510.578,566461696.0,NVIDIA H200,ac78eb4
warp,1047968,0,0.0,215.546,2.605,28.1,152.022,183.052,399.701,21166894,399.797,238.229,95863408.0,NVIDIA H200,ac78eb4
warp,1047968,1,0.01,235.312,2.423,28.467,154.161,185.322,421.516,21469578,421.584,238.246,97868744.0,NVIDIA H200,ac78eb4
warp,1047968,2,0.02,250.656,2.778,29.11,156.656,188.924,440.707,21834264,440.781,238.224,99844656.0,NVIDIA H200,ac78eb4
warp,1047968,3,0.03,259.817,2.452,29.152,158.038,189.918,450.613,22038126,450.678,238.163,101727536.0,NVIDIA H200,ac78eb4
warp,1047968,4,0.04,265.489,2.538,29.278,157.978,190.08,456.452,22083196,456.518,238.063,103509488.0,NVIDIA H200,ac78eb4
warp,1047968,5,0.05,266.885,2.403,29.031,156.541,188.254,455.982,21883416,456.042,237.924,105186000.0,NVIDIA H200,ac78eb4
warp,1047968,6,0.06,268.293,2.369,28.658,155.031,186.326,455.474,21656524,455.536,237.746,106750520.0,NVIDIA H200,ac78eb4
warp,1047968,7,0.07,266.919,2.337,28.428,153.778,184.826,452.564,21450790,452.622,237.531,108200240.0,NVIDIA H200,ac78eb4
warp,1047968,8,0.08,266.672,2.349,28.125,152.149,182.889,450.356,21228086,450.416,237.278,109528456.0,NVIDIA H200,ac78eb4
warp,1047968,9,0.09,267.162,2.371,27.94,151.213,181.789,450.27,21079560,450.328,236.989,110810360.0,NVIDIA H200,ac78eb4
warp,1047968,10,0.1,265.31,2.869,27.971,151.034,182.221,448.671,21051684,448.738,236.665,112388072.0,NVIDIA H200,ac78eb4
warp,1047968,11,0.11,265.35,2.41,27.967,151.369,182.023,448.239,21097990,448.297,236.306,113846048.0,NVIDIA H200,ac78eb4
warp,1047968,12,0.12,265.609,2.682,28.127,151.945,183.109,449.881,21167634,449.955,235.915,115507144.0,NVIDIA H200,ac78eb4
warp,1047968,13,0.13,265.662,2.379,28.142,152.339,183.124,449.692,21223020,449.755,235.492,117141160.0,NVIDIA H200,ac78eb4
warp,1047968,14,0.14,264.68,2.379,28.201,152.298,183.15,448.715,21233596,448.772,235.039,118654408.0,NVIDIA H200,ac78eb4
warp,1047968,15,0.15,266.457,2.452,28.174,152.192,183.114,450.406,21206558,450.471,234.558,120048600.0,NVIDIA H200,ac78eb4
warp,1047968,16,0.16,265.797,2.361,28.061,151.81,182.506,449.129,21144784,449.188,234.05,121325032.0,NVIDIA H200,ac78eb4
warp,1047968,17,0.17,265.619,2.389,27.9,151.101,181.664,448.106,21041306,448.163,233.516,122527472.0,NVIDIA H200,ac78eb4
warp,1047968,18,0.18,266.078,2.314,27.722,150.105,180.41,447.299,20898194,447.358,232.959,124099824.0,NVIDIA H200,ac78eb4
warp,1047968,19,0.19,268.104,2.368,27.552,149.001,179.213,448.662,20733524,448.721,232.38,125609312.0,NVIDIA H200,ac78eb4
warp,1047968,20,0.2,268.988,2.417,27.287,147.817,177.791,447.57,20554590,447.63,231.782,127012920.0,NVIDIA H200,ac78eb4
warp,1047968,21,0.21,269.797,2.378,27.069,146.626,176.34,446.919,20373162,446.983,231.167,128347128.0,NVIDIA H200,ac78eb4
warp,1047968,22,0.22,270.126,2.308,26.86,145.518,175.033,446.283,20198104,446.349,230.536,129865312.0,NVIDIA H200,ac78eb4
warp,1047968,23,0.23,273.44,2.43,26.721,144.248,173.716,448.144,20027624,448.21,229.893,131456304.0,NVIDIA H200,ac78eb4
warp,1047968,24,0.24,274.098,2.408,26.367,143.125,172.177,447.102,19869612,447.159,229.239,132972744.0,NVIDIA H200,ac78eb4
warp,1047968,25,0.25,273.469,2.365,26.236,142.201,171.071,445.389,19725570,445.448,228.577,134407232.0,NVIDIA H200,ac78eb4
warp,1047968,26,0.26,274.822,2.624,26.186,141.294,170.456,446.378,19600070,446.452,227.909,135771104.0,NVIDIA H200,ac78eb4
warp,1047968,27,0.27,275.021,2.289,25.924,140.636,169.111,444.951,19494694,445.013,227.237,137092048.0,NVIDIA H200,ac78eb4
warp,1047968,28,0.28,273.9,2.311,25.864,140.099,168.551,443.242,19419828,443.299,226.564,138685680.0,NVIDIA H200,ac78eb4
warp,1047968,29,0.29,274.079,2.377,25.855,139.809,168.329,443.852,19383434,443.914,225.891,140416912.0,NVIDIA H200,ac78eb4
warp,1047968,30,0.3,272.971,2.346,25.761,139.85,168.225,441.971,19390738,442.027,225.222,142359584.0,NVIDIA H200,ac78eb4
warp,1047968,31,0.31,274.923,2.273,25.851,140.06,168.448,444.154,19426698,444.212,224.558,144250928.0,NVIDIA H200,ac78eb4
warp,1047968,32,0.32,276.944,2.271,25.894,140.298,168.734,446.478,19473340,446.536,223.903,146096880.0,NVIDIA H200,ac78eb4
warp,1047968,33,0.33,279.213,2.251,26.018,140.724,169.26,449.276,19529560,449.335,223.258,147902608.0,NVIDIA H200,ac78eb4
warp,1047968,34,0.34,281.312,2.267,26.09,141.128,169.761,451.881,19591990,451.939,222.626,149674720.0,NVIDIA H200,ac78eb4
warp,1047968,35,0.35,285.363,2.318,26.205,141.486,170.289,456.471,19658196,456.528,222.011,151428512.0,NVIDIA H200,ac78eb4
warp,1047968,36,0.36,286.647,2.268,26.283,141.996,170.81,458.245,19723592,458.304,221.414,153274960.0,NVIDIA H200,ac78eb4
warp,1047968,37,0.37,290.076,2.273,26.363,142.494,171.393,462.242,19794846,462.302,220.839,155317520.0,NVIDIA H200,ac78eb4
warp,1047968,38,0.38,296.148,2.292,26.5,142.954,172.009,468.955,19864852,469.013,220.288,157479232.0,NVIDIA H200,ac78eb4
warp,1047968,39,0.39,296.058,2.682,26.616,143.399,173.056,471.109,19928920,471.17,219.764,159762832.0,NVIDIA H200,ac78eb4
warp,1047968,40,0.4,298.264,2.357,26.655,143.801,173.082,472.121,19988496,472.18,219.27,162181472.0,NVIDIA H200,ac78eb4
warp,1047968,41,0.41,295.627,2.273,26.704,144.113,173.355,469.776,20044138,469.835,218.808,164761696.0,NVIDIA H200,ac78eb4
warp,1047968,42,0.42,299.555,2.29,26.803,144.545,173.913,474.253,20095016,474.311,218.381,167475184.0,NVIDIA H200,ac78eb4
warp,1047968,43,0.43,300.709,2.565,26.936,144.828,174.683,476.442,20138082,476.516,217.993,170187072.0,NVIDIA H200,ac78eb4
warp,1047968,44,0.44,299.238,2.298,26.845,145.088,174.492,474.534,20181460,474.596,217.645,173081536.0,NVIDIA H200,ac78eb4
warp,1047968,45,0.45,297.444,2.303,26.937,145.344,174.847,473.108,20221186,473.166,217.34,176103296.0,NVIDIA H200,ac78eb4
warp,1047968,46,0.46,294.847,2.291,26.946,145.534,175.033,470.693,20249974,470.752,217.082,179168480.0,NVIDIA H200,ac78eb4
warp,1047968,47,0.47,292.606,2.393,27.04,145.777,175.49,468.92,20268384,468.98,216.873,182324096.0,NVIDIA H200,ac78eb4
warp,1047968,48,0.48,289.196,2.306,26.937,145.644,175.154,465.124,20273106,465.183,216.715,185417968.0,NVIDIA H200,ac78eb4
warp,1047968,49,0.49,283.535,2.312,26.971,145.644,175.19,460.03,20272686,460.088,216.612,188439152.0,NVIDIA H200,ac78eb4
warp,1047968,50,0.5,280.852,2.391,27.052,145.663,175.372,457.012,20270812,457.071,216.565,191375856.0,NVIDIA H200,ac78eb4
warp,1047968,51,0.51,273.406,2.339,26.972,145.665,175.25,449.464,20267884,449.525,216.578,194516416.0,NVIDIA H200,ac78eb4
warp,1047968,52,0.52,266.803,2.319,27.012,145.525,175.119,442.718,20259312,442.783,216.653,198088016.0,NVIDIA H200,ac78eb4
warp,1047968,53,0.53,260.688,2.338,26.907,145.338,174.856,436.346,20246802,436.413,216.792,201559744.0,NVIDIA H200,ac78eb4
warp,1047968,54,0.54,258.054,2.432,26.926,145.288,174.92,433.757,20228432,433.816,216.997,204916656.0,NVIDIA H200,ac78eb4
warp,1047968,55,0.55,253.345,2.421,26.947,145.141,174.778,428.968,20209552,429.027,217.271,208148656.0,NVIDIA H200,ac78eb4
warp,1047968,56,0.56,251.947,2.362,26.911,144.974,174.512,427.253,20189936,427.312,217.616,212001280.0,NVIDIA H200,ac78eb4
warp,1047968,57,0.57,246.702,2.36,26.842,144.737,174.204,421.688,20163886,421.747,218.033,215942160.0,NVIDIA H200,ac78eb4
warp,1047968,58,0.58,246.593,2.414,26.81,144.579,174.071,421.434,20139476,421.493,218.523,219739344.0,NVIDIA H200,ac78eb4
warp,1047968,59,0.59,245.235,2.387,26.773,144.398,173.824,420.34,20115232,420.4,219.09,223373936.0,NVIDIA H200,ac78eb4
warp,1047968,60,0.6,248.231,2.489,26.782,144.466,174.07,423.39,20095232,423.457,219.733,226896224.0,NVIDIA H200,ac78eb4
warp,1047968,61,0.61,248.697,2.559,26.8,144.117,173.784,423.431,20073176,423.491,220.455,230998512.0,NVIDIA H200,ac78eb4
warp,1047968,62,0.62,253.13,2.458,26.738,143.916,173.371,427.392,20046210,427.451,221.256,234914720.0,NVIDIA H200,ac78eb4
warp,1047968,63,0.63,254.791,2.452,26.68,143.73,173.134,428.8,20019450,428.86,222.137,238628976.0,NVIDIA H200,ac78eb4
warp,1047968,64,0.64,258.788,2.446,26.61,143.542,172.864,432.49,19994670,432.549,223.099,242607360.0,NVIDIA H200,ac78eb4
warp,1047968,65,0.65,262.873,2.464,26.549,143.432,172.715,436.441,19969930,436.501,224.142,246858592.0,NVIDIA H200,ac78eb4
warp,1047968,66,0.66,264.296,2.771,26.644,143.334,173.098,438.487,19948112,438.562,225.267,250885904.0,NVIDIA H200,ac78eb4
warp,1047968,67,0.67,270.916,2.498,26.49,143.108,172.358,444.126,19918270,444.188,226.473,254676144.0,NVIDIA H200,ac78eb4
warp,1047968,68,0.68,273.982,2.467,26.427,142.886,172.045,446.821,19877752,446.878,227.76,258732016.0,NVIDIA H200,ac78eb4
warp,1047968,69,0.69,281.694,2.464,26.455,142.5,171.693,454.698,19834538,454.756,229.129,262644192.0,NVIDIA H200,ac78eb4
warp,1047968,70,0.7,285.345,2.537,26.331,142.203,171.334,457.462,19790978,457.519,230.58,266862544.0,NVIDIA H200,ac78eb4
warp,1047968,71,0.71,290.769,2.471,26.289,142.044,171.077,462.645,19754198,462.705,232.11,271465952.0,NVIDIA H200,ac78eb4
warp,1047968,72,0.72,293.801,2.512,26.314,141.763,170.879,465.476,19731052,465.536,233.721,275795392.0,NVIDIA H200,ac78eb4
warp,1047968,73,0.73,298.211,2.45,26.233,141.72,170.666,469.668,19716846,469.727,235.411,279838624.0,NVIDIA H200,ac78eb4
warp,1047968,74,0.74,304.609,2.448,26.249,141.737,170.696,476.121,19714754,476.18,237.18,284122784.0,NVIDIA H200,ac78eb4
warp,1047968,75,0.75,312.149,2.461,26.282,141.789,170.797,483.74,19721338,483.797,239.026,288559008.0,NVIDIA H200,ac78eb4
warp,1047968,76,0.76,320.561,2.442,26.308,141.869,170.885,492.231,19735434,492.29,240.948,293181312.0,NVIDIA H200,ac78eb4
warp,1047968,77,0.77,321.349,2.464,26.308,141.92,170.955,493.091,19751084,493.15,242.946,297492192.0,NVIDIA H200,ac78eb4
warp,1047968,78,0.78,331.536,2.465,26.266,142.061,171.056,503.373,19767922,503.431,245.019,301519296.0,NVIDIA H200,ac78eb4
warp,1047968,79,0.79,336.044,2.445,26.357,142.141,171.216,508.573,19781776,508.633,247.164,306074496.0,NVIDIA H200,ac78eb4
warp,1047968,80,0.8,344.946,2.518,26.333,142.249,171.366,517.087,19791018,517.145,249.382,310348800.0,NVIDIA H200,ac78eb4
warp,1047968,81,0.81,351.427,2.485,26.363,142.312,171.432,523.692,19796682,523.751,251.669,314371360.0,NVIDIA H200,ac78eb4
warp,1047968,82,0.82,357.101,2.455,26.364,142.339,171.425,529.318,19799662,529.376,254.026,319002816.0,NVIDIA H200,ac78eb4
warp,1047968,83,0.83,362.8,2.462,26.412,142.327,171.464,535.066,19797904,535.124,256.451,323293568.0,NVIDIA H200,ac78eb4
warp,1047968,84,0.84,369.463,2.528,26.387,142.336,171.52,541.764,19797782,541.822,258.942,327278848.0,NVIDIA H200,ac78eb4
warp,1047968,85,0.85,377.132,2.459,26.336,142.26,171.318,549.257,19797040,549.316,261.498,331965888.0,NVIDIA H200,ac78eb4
warp,1047968,86,0.86,385.271,2.492,26.337,142.32,171.415,557.474,19793400,557.534,264.117,336358720.0,NVIDIA H200,ac78eb4
warp,1047968,87,0.87,391.584,2.891,26.448,142.327,172.017,564.731,19788848,564.795,266.799,340550080.0,NVIDIA H200,ac78eb4
warp,1047968,88,0.88,400.42,2.516,26.372,142.236,171.39,572.632,19785006,572.691,269.54,345328160.0,NVIDIA H200,ac78eb4
warp,1047968,89,0.89,406.465,2.518,26.303,142.206,171.292,579.81,19780916,579.869,272.341,349736224.0,NVIDIA H200,ac78eb4
warp,1047968,90,0.9,414.451,2.596,26.335,142.173,171.372,586.621,19773174,586.679,275.2,353764608.0,NVIDIA H200,ac78eb4
warp,1047968,91,0.91,421.309,2.515,26.371,142.167,171.323,593.426,19765294,593.485,278.114,357615680.0,NVIDIA H200,ac78eb4
warp,1047968,92,0.92,430.524,2.804,26.436,142.1,171.689,603.252,19758704,603.328,281.083,362318368.0,NVIDIA H200,ac78eb4
warp,1047968,93,0.93,438.426,2.531,26.328,142.06,171.18,610.385,19751086,610.449,284.106,366651264.0,NVIDIA H200,ac78eb4
warp,1047968,94,0.94,447.314,2.51,26.251,142.014,171.034,619.119,19745376,619.176,287.18,370627232.0,NVIDIA H200,ac78eb4
warp,1047968,95,0.95,456.152,2.547,26.292,142.104,171.209,628.141,19744178,628.2,290.304,374292736.0,NVIDIA H200,ac78eb4
warp,1047968,96,0.96,460.814,2.54,26.298,142.044,171.153,632.752,19744768,632.81,293.477,378484512.0,NVIDIA H200,ac78eb4
warp,1047968,97,0.97,469.726,2.607,26.317,142.002,171.201,641.739,19746546,641.806,296.698,382978496.0,NVIDIA H200,ac78eb4
warp,1047968,98,0.98,480.082,2.53,26.338,142.051,171.181,652.04,19747466,652.099,299.965,387114080.0,NVIDIA H200,ac78eb4
warp,1047968,99,0.99,487.058,2.557,26.246,141.986,171.06,658.883,19742934,658.942,303.276,390909440.0,NVIDIA H200,ac78eb4
warp,1047968,100,1.0,493.919,2.582,26.255,142.025,171.126,665.832,19739880,665.892,306.631,394548288.0,NVIDIA H200,ac78eb4
warp,1047968,101,1.01,505.521,2.522,26.207,141.943,170.936,677.231,19734896,677.291,310.028,398919712.0,NVIDIA H200,ac78eb4
warp,1047968,102,1.02,508.36,2.551,26.302,141.881,171.0,680.154,19731284,680.211,313.466,403273920.0,NVIDIA H200,ac78eb4
warp,1047968,103,1.03,516.737,2.525,26.266,141.881,170.945,688.462,19728292,688.522,316.943,407262624.0,NVIDIA H200,ac78eb4
warp,1047968,104,1.04,527.184,2.521,26.242,141.82,170.847,698.812,19723008,698.871,320.459,410936640.0,NVIDIA H200,ac78eb4
warp,1047968,105,1.05,537.425,2.529,26.282,141.842,170.918,709.121,19725734,709.18,324.012,414423712.0,NVIDIA H200,ac78eb4
warp,1047968,106,1.06,549.839,2.579,26.284,141.966,171.104,721.76,19739622,721.822,327.601,417804736.0,NVIDIA H200,ac78eb4
warp,1047968,107,1.07,553.507,2.526,26.265,142.061,171.113,725.413,19760190,725.474,331.225,422037280.0,NVIDIA H200,ac78eb4
warp,1047968,108,1.08,567.104,2.529,26.331,142.209,171.332,739.224,19781180,739.284,334.882,426182240.0,NVIDIA H200,ac78eb4
warp,1047968,109,1.09,576.776,2.518,26.308,142.345,171.448,748.987,19795506,749.048,338.573,429943392.0,NVIDIA H200,ac78eb4
warp,1047968,110,1.1,586.192,3.088,26.336,142.455,172.146,759.135,19805208,759.196,342.294,433414208.0,NVIDIA H200,ac78eb4
warp,1047968,111,1.11,600.376,2.586,26.376,143.37,172.637,774.009,19808584,774.075,346.047,436790688.0,NVIDIA H200,ac78eb4
warp,1047968,112,1.12,613.59,2.657,26.395,142.401,171.737,786.246,19800548,786.309,349.829,440275360.0,NVIDIA H200,ac78eb4
warp,1047968,113,1.13,619.906,2.646,26.32,142.29,171.528,792.297,19782340,792.357,353.641,443545024.0,NVIDIA H200,ac78eb4
warp,1047968,114,1.14,632.106,2.629,26.268,142.125,171.291,804.27,19754438,804.329,357.48,447592704.0,NVIDIA H200,ac78eb4
warp,1047968,115,1.15,645.933,2.671,26.315,141.88,171.144,817.923,19718028,817.99,361.347,451448064.0,NVIDIA H200,ac78eb4
warp,1047968,116,1.16,655.066,2.664,26.485,141.677,171.135,827.046,19680332,827.123,365.241,455086848.0,NVIDIA H200,ac78eb4
warp,1047968,117,1.17,667.775,2.749,26.252,141.372,170.66,839.287,19641776,839.355,369.16,458412448.0,NVIDIA H200,ac78eb4
warp,1047968,118,1.18,675.677,2.641,26.09,141.143,170.138,846.599,19606680,846.659,373.105,461681088.0,NVIDIA H200,ac78eb4
warp,1047968,119,1.19,684.341,2.679,26.029,140.881,169.859,854.979,19572510,855.039,377.075,465003456.0,NVIDIA H200,ac78eb4
warp,1047968,120,1.2,698.761,3.366,26.005,140.651,170.289,869.839,19538174,869.911,381.069,468256576.0,NVIDIA H200,ac78eb4
warp,1047968,121,1.21,709.541,2.808,26.012,140.475,169.574,879.934,19504056,879.997,385.087,471398464.0,NVIDIA H200,ac78eb4
warp,1047968,122,1.22,718.284,2.688,25.971,140.324,169.245,888.315,19474840,888.375,389.128,474613536.0,NVIDIA H200,ac78eb4
warp,1047968,123,1.23,730.62,2.697,25.845,140.045,168.853,900.266,19449172,900.325,393.193,478404032.0,NVIDIA H200,ac78eb4
warp,1047968,124,1.24,740.406,2.659,25.858,139.981,168.765,909.968,19427742,910.029,397.28,481996352.0,NVIDIA H200,ac78eb4
warp,1047968,125,1.25,752.693,2.683,25.835,139.898,168.692,922.183,19414448,922.245,401.389,485302016.0,NVIDIA H200,ac78eb4
warp,1047968,126,1.26,765.375,2.695,25.858,139.76,168.58,934.753,19403088,934.814,405.521,488439552.0,NVIDIA H200,ac78eb4
warp,1047968,127,1.27,780.348,2.656,25.841,139.68,168.439,949.57,19388190,949.632,409.674,491698656.0,NVIDIA H200,ac78eb4
warp,1047968,128,1.28,794.245,2.664,25.826,139.477,168.234,963.25,19366038,963.312,413.849,494748192.0,NVIDIA H200,ac78eb4
warp,1047968,129,1.29,807.046,2.645,25.711,139.257,167.878,975.69,19338696,975.752,418.046,497778368.0,NVIDIA H200,ac78eb4
warp,1047968,130,1.3,815.916,3.284,25.775,139.068,168.411,985.165,19305900,985.228,422.264,501163008.0,NVIDIA H200,ac78eb4
warp,1047968,131,1.31,826.717,2.703,25.649,138.853,167.469,994.983,19271174,995.043,426.504,504349696.0,NVIDIA H200,ac78eb4
warp,1047968,132,1.32,846.573,2.703,25.657,138.532,167.155,1014.515,19234902,1014.574,430.764,507472000.0,NVIDIA H200,ac78eb4
warp,1047968,133,1.33,855.461,2.693,25.608,138.321,166.882,1023.128,19198562,1023.189,435.046,510561568.0,NVIDIA H200,ac78eb4
warp,1047968,134,1.34,864.276,2.685,25.55,138.055,166.558,1031.624,19158626,1031.684,439.349,513888608.0,NVIDIA H200,ac78eb4
warp,1047968,135,1.35,869.455,3.109,25.534,137.768,166.774,1037.382,19120052,1037.447,443.673,517233184.0,NVIDIA H200,ac78eb4
warp,1047968,136,1.36,879.443,2.72,25.492,137.47,165.943,1046.187,19080072,1046.251,448.018,520503424.0,NVIDIA H200,ac78eb4
warp,1047968,137,1.37,886.854,2.727,25.428,137.257,165.675,1053.324,19042718,1053.385,452.384,523721760.0,NVIDIA H200,ac78eb4
warp,1047968,138,1.38,898.219,2.692,25.35,137.034,165.339,1064.35,19008304,1064.411,456.771,526951104.0,NVIDIA H200,ac78eb4
warp,1047968,139,1.39,902.076,2.692,25.355,136.805,165.115,1067.979,18981706,1068.039,461.179,530004192.0,NVIDIA H200,ac78eb4
warp,1047968,140,1.4,913.194,3.852,25.375,136.614,166.191,1080.395,18958554,1080.467,465.608,533202080.0,NVIDIA H200,ac78eb4
warp,1047968,141,1.41,928.212,2.773,25.203,136.475,164.721,1093.712,18933982,1093.776,470.058,536516480.0,NVIDIA H200,ac78eb4
warp,1047968,142,1.42,939.899,2.692,25.228,136.306,164.495,1105.188,18911556,1105.249,474.529,539935680.0,NVIDIA H200,ac78eb4
warp,1047968,143,1.43,950.798,2.746,25.2,136.181,164.396,1115.995,18890112,1116.057,479.02,543272256.0,NVIDIA H200,ac78eb4
warp,1047968,144,1.44,966.419,2.796,25.189,136.066,164.331,1131.555,18869952,1131.616,483.532,546672896.0,NVIDIA H200,ac78eb4
warp,1047968,145,1.45,978.492,2.853,25.204,135.892,164.222,1143.517,18855360,1143.579,488.065,550249216.0,NVIDIA H200,ac78eb4
warp,1047968,146,1.46,987.659,2.816,25.152,135.823,164.057,1152.506,18844518,1152.569,492.619,553800704.0,NVIDIA H200,ac78eb4
warp,1047968,147,1.47,994.595,2.817,25.156,135.86,164.097,1159.503,18840766,1159.566,497.193,557323200.0,NVIDIA H200,ac78eb4
warp,1047968,148,1.48,1006.07,2.832,25.211,135.905,164.212,1171.071,18841610,1171.132,501.788,561213632.0,NVIDIA H200,ac78eb4
warp,1047968,149,1.49,1025.183,2.822,25.139,135.932,164.16,1190.153,18846298,1190.216,506.404,565041344.0,NVIDIA H200,ac78eb4
