backend,n,operator,far_ms,self2b_ms,nbody_ms,nsearch_ms,total_sum_ms,total_gpu_ms,unaccounted_ms,overall_near_ms,near_pairs,peak_vram_gb,peak_total_gb,mac,theta,pdeg,max_leaf,gpu,git_sha,source,near_op,cutoff,fp32_level
widebvh,10000,FMM_2body_RPY,7.2715,1.1065,0.0,0.7244999999999999,9.1025,9.625,0.5225000000000009,1.831,475506,0.40443359375,,0.8,nan,7,1024,NVIDIA H200,bc4b227,measured,moments-v3,8.0,2
widebvh,10000,FMM_2body_NN,7.247,0.6405000000000001,0.0,0.716,8.6035,9.1325,0.5289999999999999,1.3565,475506,0.037197265625,,0.8,nan,7,1024,NVIDIA H200,bc4b227,measured,moments-v3,8.0,2
widebvh,10000,FMM_Nbody_Moments,7.2755,0.506,5.2175,0.728,13.727,14.462,0.7349999999999994,6.6255,475506,0.318896484375,,0.8,nan,7,1024,NVIDIA H200,bc4b227,measured,moments-v3,8.0,2
widebvh,50000,FMM_2body_RPY,9.9525,2.8154999999999997,0.0,0.7765,13.544500000000001,14.0835,0.5389999999999997,3.5919999999999996,2449228,1.947060546875,,0.8,nan,7,1024,NVIDIA H200,bc4b227,measured,moments-v3,8.0,2
widebvh,50000,FMM_2body_NN,9.8225,0.9315000000000001,0.0,0.767,11.520999999999999,12.0465,0.525500000000001,1.6985000000000001,2449228,0.05890625,,0.8,nan,7,1024,NVIDIA H200,bc4b227,measured,moments-v3,8.0,2
widebvh,50000,FMM_Nbody_Moments,10.0145,0.8,21.061,0.785,32.6605,33.3885,0.7280000000000015,22.846,2449228,0.875869140625,,0.8,nan,7,1024,NVIDIA H200,bc4b227,measured,moments-v3,8.0,2
widebvh,100000,FMM_2body_RPY,12.435500000000001,5.119,0.0,0.9924999999999999,18.547,19.095,0.5479999999999983,6.1114999999999995,4929204,3.886787109375,,0.8,nan,7,1024,NVIDIA H200,bc4b227,measured,moments-v3,8.0,2
widebvh,100000,FMM_2body_NN,12.352,1.3035,0.0,0.9735,14.629,15.1805,0.5515000000000008,2.277,4929204,0.086142578125,,0.8,nan,7,1024,NVIDIA H200,bc4b227,measured,moments-v3,8.0,2
widebvh,100000,FMM_Nbody_Moments,12.4485,1.165,41.951,0.987,56.5515,57.319,0.7675000000000054,44.320499999999996,4929204,0.928056640625,,0.8,nan,7,1024,NVIDIA H200,bc4b227,measured,moments-v3,8.0,2
widebvh,200000,FMM_2body_RPY,17.819000000000003,9.8225,0.0,1.2934999999999999,28.935000000000002,29.5505,0.6154999999999973,11.116,9906820,7.776796875,,0.8,nan,7,1024,NVIDIA H200,bc4b227,measured,moments-v3,8.0,2
widebvh,200000,FMM_2body_NN,17.7425,2.0805000000000007,0.0,1.265,21.088,21.604,0.5159999999999982,3.3455000000000004,9906820,0.141142578125,,0.8,nan,7,1024,NVIDIA H200,bc4b227,measured,moments-v3,8.0,2
widebvh,200000,FMM_Nbody_Moments,17.819499999999998,1.9304999999999999,85.872,1.3415,106.9635,107.75049999999999,0.7869999999999919,89.34700000000001,9906820,1.0347265625,,0.8,nan,7,1024,NVIDIA H200,bc4b227,measured,moments-v3,8.0,2
widebvh,1000000,FMM_2body_RPY,61.687,55.266000000000005,0.0,4.2975,121.2505,121.9435,0.6929999999999978,59.563500000000005,49995572,39.11234375,,0.8,nan,7,1024,NVIDIA H200,bc4b227,measured,moments-v3,8.0,2
widebvh,1000000,FMM_2body_NN,61.6955,8.381,0.0,4.298500000000001,74.37500000000001,75.02199999999999,0.6469999999999771,12.6795,49995572,0.580751953125,,0.8,nan,7,1024,NVIDIA H200,bc4b227,measured,moments-v3,8.0,2
widebvh,1000000,FMM_Nbody_Moments,61.8445,8.2085,485.7335,4.3555,560.1419999999999,561.278,1.136000000000081,498.6385,49995572,1.8830078125,,0.8,nan,7,1024,NVIDIA H200,bc4b227,measured,moments-v3,8.0,2
