backend,n,operator,far_ms,self2b_ms,nbody_ms,nsearch_ms,total_sum_ms,total_gpu_ms,unaccounted_ms,overall_near_ms,near_pairs,peak_vram_gb,mac,theta,pdeg,max_leaf,gpu,git_sha,source
warp-published,10000,FMM_2body_RPY,7.3134999999999994,0.8960000000000001,0.0,0.5834999999999999,8.793,9.3755,0.5825000000000014,1.4795,203408,,,0.3,,,NVIDIA H200,archived,archived_log
warp-published,10000,FMM_2body_NN,7.3165,1.0679999999999998,0.0,0.5885,8.972999999999999,9.535,0.5620000000000012,1.6564999999999999,203408,,,0.3,,,NVIDIA H200,archived,archived_log
warp-published,10000,FMM_Nbody_NN,7.3345,0.9695,1.9340000000000002,0.583,10.821,11.5815,0.7605000000000004,3.6605,203408,,,0.3,,,NVIDIA H200,archived,archived_log
warp-published,50000,FMM_2body_RPY,10.7455,1.6480000000000001,0.0,0.634,13.0275,13.626,0.5984999999999996,2.282,1034974,,,0.3,,,NVIDIA H200,archived,archived_log
warp-published,50000,FMM_2body_NN,10.723,2.155,0.0,0.64,13.518,14.092500000000001,0.5745000000000005,2.795,1034974,,,0.3,,,NVIDIA H200,archived,archived_log
warp-published,50000,FMM_Nbody_NN,10.986,2.0214999999999996,7.018,0.6425000000000001,20.668,21.618000000000002,0.9500000000000028,9.869,1034974,,,0.3,,,NVIDIA H200,archived,archived_log
warp-published,100000,FMM_2body_RPY,18.698,2.5679999999999996,0.0,0.6935,21.9595,22.546,0.5865000000000009,3.2615,2074980,,,0.3,,,NVIDIA H200,archived,archived_log
warp-published,100000,FMM_2body_NN,18.2485,3.503,0.0,0.6875,22.439,23.0475,0.6084999999999994,4.1905,2074980,,,0.3,,,NVIDIA H200,archived,archived_log
warp-published,100000,FMM_Nbody_NN,18.5165,3.349,13.397,0.6955,35.958000000000006,36.9245,0.9664999999999964,17.642,2074980,,,0.3,,,NVIDIA H200,archived,archived_log
warp-published,200000,FMM_2body_RPY,47.611,4.498,0.0,0.941,53.05,53.557,0.507000000000005,5.439,4158018,,,0.3,,,NVIDIA H200,archived,archived_log
warp-published,200000,FMM_2body_NN,47.2745,6.208500000000001,0.0,0.94,54.423,55.0645,0.6415000000000006,7.1485,4158018,,,0.3,,,NVIDIA H200,archived,archived_log
warp-published,200000,FMM_Nbody_NN,47.416,6.0675,26.543,0.9704999999999999,80.997,82.04050000000001,1.0435000000000088,33.801,4158018,,,0.3,,,NVIDIA H200,archived,archived_log
warp-published,1000000,FMM_2body_RPY,223.99599999999998,23.643,0.0,2.6135,250.25249999999997,251.2345,0.9820000000000277,26.256500000000003,20881556,,,0.3,,,NVIDIA H200,archived,archived_log
warp-published,1000000,FMM_2body_NN,224.27249999999998,28.5055,0.0,2.6109999999999998,255.38899999999998,256.6255,1.2365000000000066,31.116500000000002,20881556,,,0.3,,,NVIDIA H200,archived,archived_log
warp-published,1000000,FMM_Nbody_NN,224.791,28.4005,131.77100000000002,2.635,387.59749999999997,389.04949999999997,1.4519999999999982,163.13299999999998,20881556,,,0.3,,,NVIDIA H200,archived,archived_log
widebvh,10000,FMM_2body_RPY,7.640000000000001,0.754,0.0,0.585,8.979,9.417,0.4380000000000006,1.339,203408,0.160205078125,0.8,nan,7,1024,NVIDIA H200,ac78eb4,measured
widebvh,10000,FMM_2body_NN,7.6585,0.8809999999999999,0.0,0.572,9.1115,9.5215,0.41000000000000014,1.4529999999999998,203408,0.0978125,0.8,nan,7,1024,NVIDIA H200,ac78eb4,measured
widebvh,10000,FMM_Nbody_NN,7.665,0.7655000000000001,2.106,0.5734999999999999,11.11,11.682,0.572000000000001,3.596,203408,0.1983984375,0.8,nan,7,1024,NVIDIA H200,ac78eb4,measured
widebvh,50000,FMM_2body_RPY,10.907499999999999,1.4905,0.0,0.632,13.03,13.504,0.4740000000000002,2.1225,1034974,0.81623046875,0.8,nan,7,1024,NVIDIA H200,ac78eb4,measured
widebvh,50000,FMM_2body_NN,11.0245,2.0174999999999996,0.0,0.669,13.711,14.1995,0.48850000000000016,2.6864999999999997,1034974,0.49931640625,0.8,nan,7,1024,NVIDIA H200,ac78eb4,measured
widebvh,50000,FMM_Nbody_NN,10.956,1.882,7.7725,0.6555,21.266,21.911,0.6450000000000031,10.491,1034974,1.005634765625,0.8,nan,7,1024,NVIDIA H200,ac78eb4,measured
widebvh,100000,FMM_2body_RPY,14.642499999999998,2.4050000000000002,0.0,0.6975,17.745,18.214,0.46899999999999764,3.1025,2074980,1.633271484375,0.8,nan,7,1024,NVIDIA H200,ac78eb4,measured
widebvh,100000,FMM_2body_NN,14.724,3.3475,0.0,0.7144999999999999,18.786,19.302,0.5159999999999982,4.062,2074980,0.997265625,0.8,nan,7,1024,NVIDIA H200,ac78eb4,measured
widebvh,100000,FMM_Nbody_NN,14.702,3.208,15.1385,0.7055,33.754000000000005,34.408,0.6539999999999964,19.228,2074980,2.01599609375,0.8,nan,7,1024,NVIDIA H200,ac78eb4,measured
widebvh,200000,FMM_2body_RPY,22.6565,4.406,0.0,0.9005000000000001,27.963,28.439999999999998,0.47699999999999676,5.3065,4158018,3.27041015625,0.8,nan,7,1024,NVIDIA H200,ac78eb4,measured
widebvh,200000,FMM_2body_NN,22.531,5.978,0.0,0.887,29.396,29.851,0.4549999999999983,6.865,4158018,1.99943359375,0.8,nan,7,1024,NVIDIA H200,ac78eb4,measured
widebvh,200000,FMM_Nbody_NN,22.6535,5.8985,29.9765,0.9255,59.454,60.153999999999996,0.6999999999999957,37.009,4158018,4.038271484375,0.8,nan,7,1024,NVIDIA H200,ac78eb4,measured
widebvh,1000000,FMM_2body_RPY,91.267,23.235,0.0,2.642,117.14399999999999,117.703,0.5590000000000117,25.877,20881556,16.413740234375,0.8,nan,7,1024,NVIDIA H200,ac78eb4,measured
widebvh,1000000,FMM_2body_NN,91.243,28.222500000000004,0.0,2.6500000000000004,122.1155,122.7405,0.625,30.872500000000002,20881556,10.034921875,0.8,nan,7,1024,NVIDIA H200,ac78eb4,measured
widebvh,1000000,FMM_Nbody_NN,91.702,28.076999999999998,151.639,2.653,274.071,275.09950000000003,1.0285000000000082,182.6765,20881556,10.03482421875,0.8,nan,7,1024,NVIDIA H200,ac78eb4,measured
warp,10000,FMM_2body_RPY,7.2715,0.8015000000000001,0.0,0.5645,8.637500000000001,9.103,0.4654999999999987,1.366,203408,0.159755859375,,0.3,,,NVIDIA H200,ac78eb4,measured
warp,10000,FMM_2body_NN,7.26,0.8929999999999998,0.0,0.5335000000000001,8.686499999999999,9.162500000000001,0.47600000000000264,1.4264999999999999,203408,0.09736328125,,0.3,,,NVIDIA H200,ac78eb4,measured
warp,10000,FMM_Nbody_NN,7.2615,0.7695000000000001,2.1125,0.5325,10.676,11.2805,0.6044999999999998,3.5675,203408,0.19794921875,,0.3,,,NVIDIA H200,ac78eb4,measured
warp,50000,FMM_2body_RPY,10.7425,1.5174999999999996,0.0,0.6065,12.8665,13.368,0.5015000000000001,2.1239999999999997,1034974,0.813994140625,,0.3,,,NVIDIA H200,ac78eb4,measured
warp,50000,FMM_2body_NN,10.731,1.9755,0.0,0.5885,13.295,13.7905,0.49549999999999983,2.564,1034974,0.497080078125,,0.3,,,NVIDIA H200,ac78eb4,measured
warp,50000,FMM_Nbody_NN,10.7455,1.903,7.7885,0.606,21.043000000000003,21.723,0.6799999999999962,10.472999999999999,1034974,1.0033984375,,0.3,,,NVIDIA H200,ac78eb4,measured
warp,100000,FMM_2body_RPY,18.424,2.4325,0.0,0.668,21.5245,22.015,0.4905000000000008,3.1005000000000003,2074980,1.628798828125,,0.3,,,NVIDIA H200,ac78eb4,measured
warp,100000,FMM_2body_NN,18.366,3.3075,0.0,0.6535,22.327,22.942999999999998,0.6159999999999961,3.961,2074980,0.99279296875,,0.3,,,NVIDIA H200,ac78eb4,measured
warp,100000,FMM_Nbody_NN,18.695500000000003,3.245,15.138,0.673,37.75150000000001,38.419,0.6674999999999898,19.235,2074980,2.012197265625,,0.3,,,NVIDIA H200,ac78eb4,measured
warp,200000,FMM_2body_RPY,47.912,4.442,0.0,0.949,53.303,53.845,0.5420000000000016,5.391,4158018,3.261474609375,,0.3,,,NVIDIA H200,ac78eb4,measured
warp,200000,FMM_2body_NN,47.501,6.099,0.0,0.9450000000000001,54.544999999999995,55.8835,1.3385000000000034,7.0440000000000005,4158018,1.990498046875,,0.3,,,NVIDIA H200,ac78eb4,measured
warp,200000,FMM_Nbody_NN,47.429500000000004,5.947,29.973,0.937,84.2865,85.08000000000001,0.7935000000000088,37.0635,4158018,4.0291015625,,0.3,,,NVIDIA H200,ac78eb4,measured
warp,1000000,FMM_2body_RPY,226.0105,23.305500000000002,0.0,2.7475,252.0635,252.872,0.8085000000000093,26.053,20881556,16.36904296875,,0.3,,,NVIDIA H200,ac78eb4,measured
warp,1000000,FMM_2body_NN,226.0965,28.257499999999997,0.0,2.626,256.97999999999996,258.382,1.4020000000000437,30.883499999999998,20881556,9.99021484375,,0.3,,,NVIDIA H200,ac78eb4,measured
warp,1000000,FMM_Nbody_NN,226.48149999999998,28.0655,151.654,2.6100000000000003,408.811,410.09000000000003,1.2790000000000532,182.66649999999998,20881556,9.9901171875,,0.3,,,NVIDIA H200,ac78eb4,measured
