backend,n,mac,pdeg,max_leaf,near_cutoff,loading,far_ms,far_ms_std,far_updates_per_sec,far_repeats,near_pairs,num_nodes,num_source_buckets,traverse_ms,p2p_ms,build_ms,upward_ms,rel_far,rel_total,ref_samples,ref_cutoff,ref_s,rel_asym,rel_asym_stderr,fro_asym,fro_M,hutch_K,hutch_seed,hutch_wall_s,nbody_num_pairs,pair_chunk_size,nbody_chunks,peak_vram_gb,compile_disabled,gpu,git_sha,near_op,fp32_level
widebvh,5000,0.8,7,1024,8.0,random,6.774368000030518,0.009355821452787055,738076.2308716438,7,132624,2280,1140,1.0187840461730957,0.04790399968624115,4.62596,0.473459,0.000310160938017839,0.00026466319647781855,2048,8.0,0.07139530700806063,0.00018351865236175484,2.6940047799296462e-05,0.0036144888442786387,19.69548488811754,24,2,0.31666476000100374,233282,524288,1,0.23504400253295898,1,NVIDIA H200,11288e6,moments-v3,3
widebvh,10000,0.8,7,1024,8.0,random,6.809907054901123,0.019096395644566007,1468448.823072108,7,209660,2418,1209,1.0177279710769653,0.0700799971818924,4.623290000000001,0.486579,0.00019373628270698252,0.00018430548819369226,2048,8.0,0.002068065994535573,0.0002386026057190009,2.8274649381256156e-05,0.0070878669935449425,29.705740103661018,24,2,0.37089459400158376,475506,524288,1,0.4411659240722656,1,NVIDIA H200,11288e6,moments-v3,3
widebvh,50000,0.8,7,1024,8.0,random,9.235372734069824,0.019619286314424902,5413966.6518869465,7,591040,2614,1307,2.2439680099487305,0.2566080093383789,5.056079,0.641129,0.0003088257696876537,0.00029720016941532006,2048,8.0,0.0028300940030021593,0.00036593073910527117,5.053741649525839e-05,0.0331358594459606,90.55227097614244,24,2,0.9216420110024046,2449228,524288,5,1.1880807876586914,1,NVIDIA H200,11288e6,moments-v3,3
widebvh,100000,0.8,7,1024,8.0,random,19.06901111602783,7.673742647164871,5244110.425629166,7,942958,2632,1316,3.845792055130005,0.45824000239372253,5.300318000000001,0.759978,0.00035543689083079345,0.0003422896823696315,2048,8.0,0.004241540998918936,0.00038511423560459,5.5343925368070014e-05,0.05688193918613588,147.70147121888922,24,2,1.6475211130018579,4929204,524288,10,1.3168787956237793,1,NVIDIA H200,11288e6,moments-v3,3
widebvh,200000,0.8,7,1024,8.0,random,16.743008041381835,0.015451240274670678,11945284.832073316,7,1535605,2650,1325,7.145631790161133,0.9885759949684143,5.9623859999999995,1.109177,0.0004900955010186705,0.00046610512830192033,2048,8.0,0.006728156004101038,0.0003630668272186944,4.997524653303534e-05,0.09771098754261771,269.12672879299214,24,2,3.057203563002986,9906820,524288,19,2.0244197845458984,1,NVIDIA H200,11288e6,moments-v3,3
widebvh,300000,0.8,7,1024,8.0,random,21.498182678222655,0.02169657813226815,13954667.912646199,7,2069082,2656,1328,10.361727714538574,1.7425600290298462,6.339466,1.408847,0.00036274826928359155,0.00035553328585401374,2048,8.0,0.009525069006485865,0.00038598320778664077,5.265526148736226e-05,0.12212901508380722,316.4101769715232,24,2,4.513187229997129,14906072,524288,29,2.632035732269287,1,NVIDIA H200,11288e6,moments-v3,3
widebvh,400000,0.8,7,1024,8.0,random,26.11016960144043,0.01584339357574821,15319701.331159987,7,2568824,2660,1330,13.716511726379395,2.5634241104125977,6.4333160000000005,1.687537,0.0002518522697885144,0.00024968422002270396,2048,8.0,0.042413249000674114,0.00042164831521765254,6.129242780167676e-05,0.15729892665104814,373.0571686734982,24,2,6.040715905997786,19912716,524288,38,2.8681530952453613,1,NVIDIA H200,11288e6,moments-v3,3
widebvh,500000,0.8,7,1024,8.0,random,31.21370849609375,0.020150630018374496,16018602.854017574,7,3059303,2660,1330,17.108192443847656,3.6808319091796875,6.509626,1.989596,0.00033001158697899786,0.0003255429628207413,2048,8.0,0.07786481200309936,0.00045272591797091907,5.942201992223197e-05,0.1898382754320107,419.3227467136198,24,2,7.590413846002775,24917328,524288,48,3.1082983016967773,1,NVIDIA H200,11288e6,moments-v3,3
widebvh,750000,0.8,7,1024,8.0,random,44.08524703979492,0.02718436844510259,17012493.9829188,7,4236433,2660,1330,25.677215576171875,6.880896091461182,6.829946,2.742874,0.0003286842751238793,0.00032386515122406507,2048,8.0,0.17012877399974968,0.0004182072064111963,5.769850390091125e-05,0.2421907916693462,579.1167343759628,24,2,11.601067766008782,37441442,524288,72,3.70168399810791,1,NVIDIA H200,11288e6,moments-v3,3
widebvh,1000000,0.8,7,1024,8.0,random,58.010457611083986,0.028724078249558534,17238271.18731315,7,5357322,2670,1335,34.2050895690918,11.145919799804688,6.965025000000001,3.517813,0.00022631815989528225,0.00022507643162602385,2048,8.0,0.2630723120091716,0.0004544941891020724,6.522522087977718e-05,0.2916123048734418,641.619435112184,24,2,15.681272833011462,49995572,524288,96,4.296808242797852,1,NVIDIA H200,11288e6,moments-v3,3
widebvh,2000000,0.8,7,1024,8.0,random,119.06810913085937,0.10731457969830938,16797108.937053338,7,10661990,6056,3028,77.84105682373047,23.22038459777832,9.43838,5.382069,0.00022997320771117762,0.00022863672292695823,2048,8.0,0.6255479069950525,0.0003949799262640013,5.800387065501672e-05,0.45133146787265754,1142.6693810535357,24,2,33.15422952400695,100270826,524288,192,7.333023548126221,1,NVIDIA H200,11288e6,moments-v3,3
widebvh,4000000,0.8,7,1024,8.0,random,242.67142639160156,0.08392197131341562,16483193.178026473,7,21115528,11520,5760,173.27664184570312,46.848480224609375,10.975587,8.332252,0.0003734389052644524,0.00037010859379350386,2048,8.0,1.3476650410011644,0.00042117331464469875,6.317325674132317e-05,0.766383812960887,1819.6400064125794,24,2,66.84286281900131,200925354,524288,384,14.315980434417725,1,NVIDIA H200,11288e6,moments-v3,3
