N,phi,seed,forcing,rung,truth_gap,n_near,sd_check,acc,prmse_lin,prmse_fluct,err_mean_pct,prmse_ang,rel_rmse,max_rel_lin
200,0.2,8423,gravity,rpy,4.313117117854203e-06,6411,8.689086662305792e-15,fine,7.752074997727123,49.86462308313626,6.037919917131702,49.01305986263916,7.885657080269157,13.444739215061832
200,0.2,8423,gravity,2b,4.313117117854203e-06,6411,8.689086662305792e-15,fine,6.996112765616616,48.0738370857563,5.1872373193601495,47.94702639800047,7.138086034872288,12.133017902122866
200,0.2,8423,gravity,near_nn,4.313117117854203e-06,6411,8.689086662305792e-15,fine,3.22195038885551,31.1096802776516,1.026418955798872,27.26806474814638,3.321874794413265,6.684684951460676
200,0.2,8423,gravity,stack_nn,4.313117117854203e-06,6411,8.689086662305792e-15,fine,3.2701060610013046,31.33504477845695,1.1100051712684804,27.57185703011079,3.3707656613664443,6.85425958666011
200,0.2,8423,gravity,near_ex,4.313117117854203e-06,6411,8.689086662305792e-15,fine,2.3320460078266705,18.54311671076149,1.463425278195758,12.457290767431386,2.3605067211915536,4.656771087721691
200,0.2,8423,gravity,diag_ex,4.313117117854203e-06,6411,8.689086662305792e-15,fine,2.2963287438630022,18.419341986901923,1.421006905102011,12.501218887327983,2.3254686328292227,4.748868179764711
200,0.2,8423,gravity,far_ex,4.313117117854203e-06,6411,8.689086662305792e-15,fine,0.0001947440354982,0.0019786272990185,1.2432566965246226e-05,0.0125259380620251,0.0004216927386459,0.0006142220475661
200,0.2,8423,gravity,rpy+ref1,4.313117117854203e-06,6411,8.689086662305792e-15,fine,0.556543817547205,5.558179098648706,0.1085872802610484,8.653436464314748,0.6133918969398627,1.2257758399619048
200,0.2,8423,gravity,rpy+ref2,4.313117117854203e-06,6411,8.689086662305792e-15,fine,1.217877481046494,8.882305408100924,0.853853543288456,8.102834271345753,1.2411523483333766,2.4027021475789807
200,0.2,8423,gravity,rpy+full,4.313117117854203e-06,6411,8.689086662305792e-15,fine,0.7931643047985338,6.06648824950085,0.5260280947835981,5.341024174350437,0.8086967582050651,1.565603128908304
200,0.2,8423,gravity,sd_minf,4.313117117854203e-06,6411,8.689086662305792e-15,fine,0.7931643047984459,6.066488249500872,0.5260280947834615,5.341024174350282,0.808696758204978,1.5656031289071306
200,0.2,8423,gravity,stack+ref1,4.313117117854203e-06,6411,8.689086662305792e-15,fine,5.315221638679092,22.794618135586056,4.844052934284968,26.852063498988844,5.373029975249742,9.141592691096289
200,0.2,8423,gravity,stack+ref2,4.313117117854203e-06,6411,8.689086662305792e-15,fine,4.370536216435438,16.603766202325236,4.074544758048421,17.046630998036857,4.398149225041788,7.31844824676944
200,0.2,8423,gravity,stack+full,4.313117117854203e-06,6411,8.689086662305792e-15,fine,4.760068505297188,18.945170083825992,4.402538880023719,20.02911489875694,4.7953968271274166,7.968429494500652
200,0.2,8423,gravity,stack+ref1_uncov,4.313117117854203e-06,6411,8.689086662305792e-15,fine,1.0511054557495596,10.23264339484768,0.3090565254975624,14.718690871557715,1.1388817063707233,2.7945880009754265
200,0.2,8423,gravity,pnear+ref1_far,4.313117117854203e-06,6411,8.689086662305792e-15,fine,0.5192045714026534,4.852599850791647,0.2068680514669252,4.537587555963927,0.5363732505430665,1.3441615601547772
200,0.2,8423,gravity,pnear+full_far,4.313117117854203e-06,6411,8.689086662305792e-15,fine,0.398383718604641,2.6714907990471586,0.3012099674803542,2.2842800777159384,0.4040071166382082,1.1068361649922946
200,0.2,8423,random,rpy,0.000833036845953,6411,5.814798627953803e-14,fine,30.132270209745844,45.07821256917503,3.997532785866197,22.66694635644269,28.827277661495703,157.4551394959205
200,0.2,8423,random,2b,0.000833036845953,6411,5.814798627953803e-14,fine,25.196949457591945,37.66762564436459,3.5785855569338034,16.97399103218097,23.81587302743081,117.01923166882106
200,0.2,8423,random,near_nn,0.000833036845953,6411,5.814798627953803e-14,fine,10.840968559113533,16.198267726758655,1.6066961707838248,6.482809525453705,10.13848266642476,56.24871625443292
200,0.2,8423,random,stack_nn,0.000833036845953,6411,5.814798627953803e-14,fine,10.608445548949923,15.851300177948458,1.5685366116209774,5.941519718691361,9.872291950373327,60.33176881103549
200,0.2,8423,random,near_ex,0.000833036845953,6411,5.814798627953803e-14,fine,9.639481174046804,14.277870643658083,2.2112504794161527,3.756739538526715,8.805472544084083,44.28020584661375
200,0.2,8423,random,diag_ex,0.000833036845953,6411,5.814798627953803e-14,fine,9.405710793826731,13.915147822806512,2.240350434568601,2.1305644578968006,8.490253068316218,48.43207744736872
200,0.2,8423,random,far_ex,0.000833036845953,6411,5.814798627953803e-14,fine,0.0055209396316921,0.0082775859802903,0.0005455866575847,0.0128704807724477,0.0075409577905429,0.0364684567611691
200,0.2,8423,random,rpy+ref1,0.000833036845953,6411,5.814798627953803e-14,fine,7.3060887464856545,10.938130269823086,0.8934413298860365,8.470844471192988,7.547584566496054,40.30434481398261
200,0.2,8423,random,rpy+ref2,0.000833036845953,6411,5.814798627953803e-14,fine,8.763546089832886,13.167017306298185,0.4127721830155701,9.465288959648197,8.904873133233298,53.42143329141757
200,0.2,8423,random,rpy+full,0.000833036845953,6411,5.814798627953803e-14,fine,7.142895158866318,10.72294324457245,0.5175513360002514,8.446401368021593,7.415363616009817,40.52642449406242
200,0.2,8423,random,sd_minf,0.000833036845953,6411,5.814798627953803e-14,fine,7.142895158867389,10.722943244574076,0.5175513360000422,8.446401368022283,7.415363616010798,40.526424494070994
200,0.2,8423,random,stack+ref1,0.000833036845953,6411,5.814798627953803e-14,fine,24.52212674506897,36.72559029002229,2.870727138231104,18.670952744110647,23.494702648306397,149.02788411355533
200,0.2,8423,random,stack+ref2,0.000833036845953,6411,5.814798627953803e-14,fine,19.701737748595395,29.482557357462223,2.5361964595127104,14.187387056591488,18.75312375044883,110.8796510650745
200,0.2,8423,random,stack+full,0.000833036845953,6411,5.814798627953803e-14,fine,21.609797051197976,32.35635017430376,2.605655415362839,15.66017321288996,20.583940581038352,127.1084637278199
200,0.2,8423,random,stack+ref1_uncov,0.000833036845953,6411,5.814798627953803e-14,fine,6.29095293447828,9.087617907814591,2.334184407602772,5.6985430300324245,6.179775290332145,22.64771332968632
200,0.2,8423,random,pnear+ref1_far,0.000833036845953,6411,5.814798627953803e-14,fine,2.1263555604669406,3.1739779117222304,0.3394833972339007,1.1822407173135034,1.9777851208358437,10.24380395360632
200,0.2,8423,random,pnear+full_far,0.000833036845953,6411,5.814798627953803e-14,fine,1.5401532387615795,2.2835492276734093,0.3413372960186531,0.6542107999155644,1.411588499870892,6.6105041182826
200,0.2,8424,gravity,rpy,3.4429090995342573e-06,6374,8.426041979039836e-15,fine,7.74170901053076,47.7021295304298,5.967635089978272,45.186037970734446,7.859983218191345,13.470057079340204
200,0.2,8424,gravity,2b,3.4429090995342573e-06,6374,8.426041979039836e-15,fine,6.982761406847156,45.768296291746495,5.128269745963136,44.18530409887721,7.108541744994357,12.330030229109006
200,0.2,8424,gravity,near_nn,3.4429090995342573e-06,6374,8.426041979039836e-15,fine,3.0407968368535983,27.71378782489704,0.957394554454732,23.771888785192296,3.124739725631908,6.110616297138546
200,0.2,8424,gravity,stack_nn,3.4429090995342573e-06,6374,8.426041979039836e-15,fine,3.099851581424888,28.039494636652933,1.0410936436639708,24.02466662280584,3.1839510820500974,6.349910973249785
200,0.2,8424,gravity,near_ex,3.4429090995342573e-06,6374,8.426041979039836e-15,fine,2.237677568450457,16.248449044525152,1.4710418637902596,10.732825052271563,2.260485443917133,4.525065409117224
200,0.2,8424,gravity,diag_ex,3.4429090995342573e-06,6374,8.426041979039836e-15,fine,2.206805312266094,16.19211086571328,1.4301432529956022,10.894803757415389,2.2306888617029617,4.62934887924361
200,0.2,8424,gravity,far_ex,3.4429090995342573e-06,6374,8.426041979039836e-15,fine,0.0001698499236688,0.001584889155826,3.989352040253236e-05,0.008203874345104,0.0003024696564264,0.0005606199073458
200,0.2,8424,gravity,rpy+ref1,3.4429090995342573e-06,6374,8.426041979039836e-15,fine,0.5101143540377084,4.843578044844241,0.0744134862833426,8.80089687810807,0.5762749181804722,1.335068807745068
200,0.2,8424,gravity,rpy+ref2,3.4429090995342573e-06,6374,8.426041979039836e-15,fine,1.1709549525144132,8.049945288076882,0.8214772037634503,7.283317020061377,1.1913228691381244,2.25539619639684
200,0.2,8424,gravity,rpy+full,3.4429090995342573e-06,6374,8.426041979039836e-15,fine,0.7058097155736008,5.108450810159713,0.4660076705664311,4.6035810367976655,0.7193303104960266,1.3284395455287006
200,0.2,8424,gravity,sd_minf,3.4429090995342573e-06,6374,8.426041979039836e-15,fine,0.7058097155737099,5.108450810159872,0.466007670566579,4.603581036797399,0.7193303104961319,1.328439545528559
200,0.2,8424,gravity,stack+ref1,3.4429090995342573e-06,6374,8.426041979039836e-15,fine,5.58758457439364,24.44584105794548,5.000366331659748,27.596624198783086,5.6481082086032135,10.163542355283306
200,0.2,8424,gravity,stack+ref2,3.4429090995342573e-06,6374,8.426041979039836e-15,fine,4.447034636937809,16.88202492633164,4.106650798404643,16.976019664450874,4.475045304740875,7.626736414645401
200,0.2,8424,gravity,stack+full,3.4429090995342573e-06,6374,8.426041979039836e-15,fine,4.880987207223937,19.50292676757763,4.4620737938337,20.052316065047865,4.916934135699572,8.528136787699484
200,0.2,8424,gravity,stack+ref1_uncov,3.4429090995342573e-06,6374,8.426041979039836e-15,fine,0.8932915720487454,8.495151957792679,0.1204439744051298,12.489308522165157,0.9708043633816302,2.1818783603938066
200,0.2,8424,gravity,pnear+ref1_far,3.4429090995342573e-06,6374,8.426041979039836e-15,fine,0.5183105532194207,4.288486653556279,0.2640182936880957,4.189282682811598,0.5336070017205303,1.418700785345408
200,0.2,8424,gravity,pnear+full_far,3.4429090995342573e-06,6374,8.426041979039836e-15,fine,0.3855477206358256,2.2366411733011518,0.3088089663455168,2.167540349023163,0.391002715246442,0.9919127361180604
200,0.2,8424,random,rpy,0.00045709547869,6374,3.318448554510677e-14,fine,17.521308685539676,47.15438944712528,5.247562474947387,21.90437987384844,17.852854230196467,45.34484510329448
200,0.2,8424,random,2b,0.00045709547869,6374,3.318448554510677e-14,fine,15.208729630987063,40.89210857288973,4.605139720572092,17.38784555631389,15.366401976675087,44.5950174008144
200,0.2,8424,random,near_nn,0.00045709547869,6374,3.318448554510677e-14,fine,6.067632572896464,16.21279433484801,1.9637895501611116,6.240964420799856,6.07955275303413,18.220563952123108
200,0.2,8424,random,stack_nn,0.00045709547869,6374,3.318448554510677e-14,fine,6.090852796186026,16.211489791331374,2.0460026107846825,5.6299410875624,6.060680020652925,16.802207648560934
200,0.2,8424,random,near_ex,0.00045709547869,6374,3.318448554510677e-14,fine,4.201134132824341,11.188692299388032,1.4032211001516235,3.5712859195971545,4.161403485834531,10.946621167319796
200,0.2,8424,random,diag_ex,0.00045709547869,6374,3.318448554510677e-14,fine,4.091279156215521,10.824618046829546,1.4470184190255315,2.4003031913477804,3.999194855450555,11.014937527787174
200,0.2,8424,random,far_ex,0.00045709547869,6374,3.318448554510677e-14,fine,0.0026438309892127,0.0073534509448411,0.0003527040669467,0.0112277265969239,0.0038821568744239,0.0129983622749288
200,0.2,8424,random,rpy+ref1,0.00045709547869,6374,3.318448554510677e-14,fine,3.919617358854492,10.986180502366874,0.0660030425902772,7.8740481671348945,4.304488758182131,12.457776907043046
200,0.2,8424,random,rpy+ref2,0.00045709547869,6374,3.318448554510677e-14,fine,4.921699455555044,13.57841947962322,0.9332108833993576,8.707025590826092,5.265399482108391,11.642312127439332
200,0.2,8424,random,rpy+full,0.00045709547869,6374,3.318448554510677e-14,fine,3.6527486599397823,10.122780837687817,0.588558221350434,7.620515767316677,4.047015282440349,8.357692319394681
200,0.2,8424,random,sd_minf,0.00045709547869,6374,3.318448554510677e-14,fine,3.652748659940052,10.122780837688246,0.588558221351274,7.620515767316601,4.047015282440566,8.357692319390244
200,0.2,8424,random,stack+ref1,0.00045709547869,6374,3.318448554510677e-14,fine,14.560469253012096,39.65250084070138,3.6951083300597434,19.308401107790782,14.93054198035632,50.13841254914052
200,0.2,8424,random,stack+ref2,0.00045709547869,6374,3.318448554510677e-14,fine,10.577967130020102,28.62102267043364,2.9602759733026964,14.13736718576236,10.856516273822574,33.217666711073
200,0.2,8424,random,stack+full,0.00045709547869,6374,3.318448554510677e-14,fine,12.00914614684696,32.57494730744637,3.243635176978732,15.806846193044352,12.304026032079593,38.90417537761741
200,0.2,8424,random,stack+ref1_uncov,0.00045709547869,6374,3.318448554510677e-14,fine,3.027193791176415,8.169082150513573,0.8771325062906584,5.056900987609393,3.2058572196001625,10.30632215893193
200,0.2,8424,random,pnear+ref1_far,0.00045709547869,6374,3.318448554510677e-14,fine,1.1762145342929091,3.125775374073355,0.4006691096167679,1.1721289810578654,1.1759377008018492,4.639758303683748
200,0.2,8424,random,pnear+full_far,0.00045709547869,6374,3.318448554510677e-14,fine,0.7167801777112873,1.853278343691667,0.2964272188129901,0.601847414284662,0.7095689080439125,2.7620238539119386
200,0.2,8425,gravity,rpy,3.273244987304921e-06,6369,8.0281413400097e-15,fine,7.661733854277203,49.34353740313456,5.913369012711926,45.8896881965192,7.783016134369775,13.21492001229524
200,0.2,8425,gravity,2b,3.273244987304921e-06,6369,8.0281413400097e-15,fine,6.920153309854786,47.52146074890759,5.080280805493837,44.95858900530762,7.049410706449296,12.106895666005414
200,0.2,8425,gravity,near_nn,3.273244987304921e-06,6369,8.0281413400097e-15,fine,3.1602698132973392,30.020463805655623,1.041571145780671,25.065233965679425,3.2485438071569885,6.602756484398594
200,0.2,8425,gravity,stack_nn,3.273244987304921e-06,6369,8.0281413400097e-15,fine,3.2126902659305303,30.31114973148807,1.1167370623608963,25.293438601294856,3.3011089071082904,6.88417135061819
200,0.2,8425,gravity,near_ex,3.273244987304921e-06,6369,8.0281413400097e-15,fine,2.2762708600406616,17.44206918845993,1.4813210938507897,11.38418355839424,2.301141680909977,4.507360908209136
200,0.2,8425,gravity,diag_ex,3.273244987304921e-06,6369,8.0281413400097e-15,fine,2.250386760607199,17.380672595648274,1.4482159379271684,11.50961567815202,2.2761413293156227,4.518940504413763
200,0.2,8425,gravity,far_ex,3.273244987304921e-06,6369,8.0281413400097e-15,fine,0.0001821330740932,0.0018249836004325,1.5343843619377936e-05,0.0109993219953241,0.0003792687033287,0.000606349007865
200,0.2,8425,gravity,rpy+ref1,3.273244987304921e-06,6369,8.0281413400097e-15,fine,0.5690553768468058,5.695224586741745,0.0553698393292488,9.015307659865298,0.6307899175381239,1.5860115885731905
200,0.2,8425,gravity,rpy+ref2,3.273244987304921e-06,6369,8.0281413400097e-15,fine,1.199179880935238,8.699644111599069,0.834509183160456,7.3681988139547325,1.2191771101904714,2.403498649808633
200,0.2,8425,gravity,rpy+full,3.273244987304921e-06,6369,8.0281413400097e-15,fine,0.7425499657735318,5.642376392265515,0.4887538010156461,4.597191662785296,0.7551251057067512,1.3941318072018472
200,0.2,8425,gravity,sd_minf,3.273244987304921e-06,6369,8.0281413400097e-15,fine,0.7425499657735706,5.6423763922650885,0.4887538010157549,4.597191662785485,0.7551251057067905,1.3941318072019515
200,0.2,8425,gravity,stack+ref1,3.273244987304921e-06,6369,8.0281413400097e-15,fine,5.368855952340844,23.768483270634068,4.844528099470079,27.38458360118398,5.429955804009075,9.50950857502718
200,0.2,8425,gravity,stack+ref2,3.273244987304921e-06,6369,8.0281413400097e-15,fine,4.258998362157766,16.1753436265153,3.963176192724279,16.67790122459189,4.286838231007866,7.117037607974891
200,0.2,8425,gravity,stack+full,3.273244987304921e-06,6369,8.0281413400097e-15,fine,4.675782916641551,18.75919660309697,4.308850723531057,19.66748155783429,4.711356087732311,7.783547673759558
200,0.2,8425,gravity,stack+ref1_uncov,3.273244987304921e-06,6369,8.0281413400097e-15,fine,0.9632520608257044,9.598790660565678,0.1295609789560189,12.54167959143794,1.034857950582621,2.418501721065626
200,0.2,8425,gravity,pnear+ref1_far,3.273244987304921e-06,6369,8.0281413400097e-15,fine,0.5861412608363654,4.826295554495155,0.3381164773572067,4.266985265374239,0.5999224651511322,1.5663941174193463
200,0.2,8425,gravity,pnear+full_far,3.273244987304921e-06,6369,8.0281413400097e-15,fine,0.4117589076939385,2.4954916745072784,0.3302027621897906,2.2432612425189675,0.4171268371088038,1.0892112028305003
200,0.2,8425,random,rpy,0.0006793212065504,6369,3.675521243509674e-14,fine,20.57654156066772,46.32779383049856,6.02825728292277,21.6238175419342,20.68444114409983,84.91613387997027
200,0.2,8425,random,2b,0.0006793212065504,6369,3.675521243509674e-14,fine,17.81121422416178,40.10112127600646,5.219102362910764,16.647003101339905,17.69740622306896,90.75745105473656
200,0.2,8425,random,near_nn,0.0006793212065504,6369,3.675521243509674e-14,fine,6.554084095933666,14.743642763255757,1.9420725846871785,6.443381324442429,6.543017245978505,38.108800746485
200,0.2,8425,random,stack_nn,0.0006793212065504,6369,3.675521243509674e-14,fine,6.425941442250638,14.397197032493224,2.0006875534916064,6.022549343518064,6.386459763972254,35.36757114670807
200,0.2,8425,random,near_ex,0.0006793212065504,6369,3.675521243509674e-14,fine,5.015430021838962,10.87994562059536,2.052400736649454,3.3800372104373944,4.875597695863188,21.20613526273696
200,0.2,8425,random,diag_ex,0.0006793212065504,6369,3.675521243509674e-14,fine,4.725310138325915,10.263036903792315,1.9187891542701616,2.1006540864094445,4.530320085515553,19.88074584150029
200,0.2,8425,random,far_ex,0.0006793212065504,6369,3.675521243509674e-14,fine,0.0045316545487421,0.0105732675958629,0.0001848281858715,0.0141492521689337,0.0062156705512731,0.0232391628849708
200,0.2,8425,random,rpy+ref1,0.0006793212065504,6369,3.675521243509674e-14,fine,4.818346428137894,11.085394587760502,0.9083230811599684,8.412972122106464,5.292220906301419,11.90060965226855
200,0.2,8425,random,rpy+ref2,0.0006793212065504,6369,3.675521243509674e-14,fine,5.921585100292638,13.648883859348564,1.0445385358914083,9.004123867680667,6.300786623999528,16.976359151697373
200,0.2,8425,random,rpy+full,0.0006793212065504,6369,3.675521243509674e-14,fine,4.6511510823228654,10.714354823652949,0.8386044347753144,8.100676814244569,5.105323703802128,10.41504602091854
200,0.2,8425,random,sd_minf,0.0006793212065504,6369,3.675521243509674e-14,fine,4.651151082323164,10.714354823653592,0.8386044347754973,8.10067681424439,5.105323703802346,10.41504602091504
200,0.2,8425,random,stack+ref1,0.0006793212065504,6369,3.675521243509674e-14,fine,17.884734135245388,40.67807524424485,4.470196377708476,18.502222011400963,17.94789927788595,73.73966373152028
200,0.2,8425,random,stack+ref2,0.0006793212065504,6369,3.675521243509674e-14,fine,13.737612446986123,30.83323106275837,4.188232072093156,13.830136676405791,13.746961116924364,46.65046840318229
200,0.2,8425,random,stack+full,0.0006793212065504,6369,3.675521243509674e-14,fine,15.26070549603615,34.413943313154455,4.375390335270192,15.337964546590122,15.268505923022492,55.44540995169622
200,0.2,8425,random,stack+ref1_uncov,0.0006793212065504,6369,3.675521243509674e-14,fine,3.958554023372692,8.961651856118378,1.0714997912604207,5.411376406132925,4.128128521065792,13.544887365084998
200,0.2,8425,random,pnear+ref1_far,0.0006793212065504,6369,3.675521243509674e-14,fine,1.217413178396754,2.761168484112154,0.3197872593419435,1.067503554608124,1.2031582831875076,5.165074880201477
200,0.2,8425,random,pnear+full_far,0.0006793212065504,6369,3.675521243509674e-14,fine,0.7649401167149806,1.7618789108206012,0.1385806776873969,0.487549397542328,0.741710854592567,2.5467451244891754
200,0.1,4423,gravity,rpy,2.7129112737933556e-05,3770,4.237989717875201e-15,fine,4.083605778581012,21.516089858567994,3.1339331518887024,22.087280820127212,4.128946498044468,6.8413704116237986
200,0.1,4423,gravity,2b,2.7129112737933556e-05,3770,4.237989717875201e-15,fine,3.6245834202041567,20.460217876888493,2.6286320384926953,21.522144087904245,3.6733210157991953,6.110961433379736
200,0.1,4423,gravity,near_nn,2.7129112737933556e-05,3770,4.237989717875201e-15,fine,1.7588108590516898,13.307302024722894,0.6488857393537273,14.441193458846598,1.8043792755314283,3.284115663624992
200,0.1,4423,gravity,stack_nn,2.7129112737933556e-05,3770,4.237989717875201e-15,fine,1.7692413480454683,13.350535207687084,0.6638642021887663,14.540873966697282,1.8151688367918237,3.307203573945362
200,0.1,4423,gravity,near_ex,2.7129112737933556e-05,3770,4.237989717875201e-15,fine,1.300424323241089,10.217771091704106,0.3369448628536565,9.96606744981842,1.3297596098897484,2.8993323143481686
200,0.1,4423,gravity,diag_ex,2.7129112737933556e-05,3770,4.237989717875201e-15,fine,1.2926489079373444,10.099876275429441,0.36034783650249813,10.009950280822288,1.3224247067841617,2.977934172102665
200,0.1,4423,gravity,far_ex,2.7129112737933556e-05,3770,4.237989717875201e-15,fine,6.653434627600757e-05,0.0005395574001482534,4.837754450467396e-06,0.005733231349270717,0.00017435634457894548,0.0005775181086923633
200,0.1,4423,gravity,rpy+ref1,2.7129112737933556e-05,3770,4.237989717875201e-15,fine,0.3094859675369344,2.500484720270751,0.03493395594275906,3.893775417614957,0.32815827468445363,1.3189170983885503
200,0.1,4423,gravity,rpy+ref2,2.7129112737933556e-05,3770,4.237989717875201e-15,fine,0.38362481623883016,2.417576818294218,0.244251371356307,2.3762470689437043,0.3892481355241632,1.1043943062091304
200,0.1,4423,gravity,rpy+full,2.7129112737933556e-05,3770,4.237989717875201e-15,fine,0.2612637226179588,1.7552491837898785,0.14827992824486844,1.7835250830442893,0.26592982804502524,0.9642898945033636
200,0.1,4423,gravity,sd_minf,2.7129112737933556e-05,3770,4.237989717875201e-15,fine,0.26126372261795305,1.755249183789902,0.14827992824485384,1.7835250830441411,0.26592982804501886,0.964289894503513
200,0.1,4423,gravity,stack+ref1,2.7129112737933556e-05,3770,4.237989717875201e-15,fine,2.7680805563342186,10.641406345384643,2.4577807690586377,11.509326885454932,2.7858392110718024,5.380011663110942
200,0.1,4423,gravity,stack+ref2,2.7129112737933556e-05,3770,4.237989717875201e-15,fine,2.474089577983964,9.046166631505786,2.2267110936058163,8.616696246046693,2.4849464499219156,4.621780668498399
200,0.1,4423,gravity,stack+full,2.7129112737933556e-05,3770,4.237989717875201e-15,fine,2.5928371891511452,9.65011295800198,2.3228731868258,9.30612207718253,2.604982532472906,4.908289429558557
200,0.1,4423,gravity,stack+ref1_uncov,2.7129112737933556e-05,3770,4.237989717875201e-15,fine,0.5385796147825451,3.419267578373893,0.33904668019319484,5.3725459437059815,0.5591510671941492,1.1580723528775423
200,0.1,4423,gravity,pnear+ref1_far,2.7129112737933556e-05,3770,4.237989717875201e-15,fine,0.26982652433736676,2.15548155371521,0.05063742425811257,2.4303060443855022,0.2782383492778001,0.9565405647667077
200,0.1,4423,gravity,pnear+full_far,2.7129112737933556e-05,3770,4.237989717875201e-15,fine,0.1583907642402768,1.0851707197774525,0.08594195724168574,1.0278776454256342,0.160943392529508,0.6908963094848207
200,0.1,4423,random,rpy,0.00029397463245477986,3770,1.3510507800027611e-14,fine,8.357995746071959,22.38719196269938,3.344137897430223,9.652025517991316,8.440685788259819,30.443296898139593
200,0.1,4423,random,2b,0.00029397463245477986,3770,1.3510507800027611e-14,fine,6.598038455213725,17.511041039357558,2.7829676806822508,7.426774556976349,6.650328726883105,15.887023083966659
200,0.1,4423,random,near_nn,0.00029397463245477986,3770,1.3510507800027611e-14,fine,2.948469047786072,8.236415915585578,0.8050496923250136,3.2498954134438174,2.9672932918253734,10.528481790049913
200,0.1,4423,random,stack_nn,0.00029397463245477986,3770,1.3510507800027611e-14,fine,2.9562452154268746,8.23958934984742,0.8325590855689513,3.180200555791764,2.9700669870674594,11.12102599730308
200,0.1,4423,random,near_ex,0.00029397463245477986,3770,1.3510507800027611e-14,fine,2.353486420032383,6.744994306719556,0.3221359232238702,1.7528127774806401,2.322043108530846,7.794484225678152
200,0.1,4423,random,diag_ex,0.00029397463245477986,3770,1.3510507800027611e-14,fine,2.310414298403246,6.612963717573574,0.33980587041917787,1.5909502737269061,2.273920488182502,8.387386476961371
200,0.1,4423,random,far_ex,0.00029397463245477986,3770,1.3510507800027611e-14,fine,0.0010342793949326586,0.0029871034986487088,3.8750699959700715e-05,0.003779597084344878,0.0013628748070747697,0.005544763671339499
200,0.1,4423,random,rpy+ref1,0.00029397463245477986,3770,1.3510507800027611e-14,fine,1.7534536958060767,5.051389828150166,0.14790550548411982,3.487371891692033,1.9016372607503156,10.131501670262454
200,0.1,4423,random,rpy+ref2,0.00029397463245477986,3770,1.3510507800027611e-14,fine,1.9218558533085357,5.480856831355606,0.3312255710868788,3.554022200297565,2.0557812511960214,10.720291221793342
200,0.1,4423,random,rpy+full,0.00029397463245477986,3770,1.3510507800027611e-14,fine,1.657971420636715,4.748921565023771,0.2346517743123098,3.3571041340698895,1.8046509694156478,9.506876164720694
200,0.1,4423,random,sd_minf,0.00029397463245477986,3770,1.3510507800027611e-14,fine,1.657971420636788,4.748921565023923,0.23465177431247147,3.3571041340700045,1.8046509694157233,9.50687616472534
200,0.1,4423,random,stack+ref1,0.00029397463245477986,3770,1.3510507800027611e-14,fine,6.478295299018624,17.43640356857136,2.5141456461286373,7.541092279459573,6.54647876472263,17.70541236735174
200,0.1,4423,random,stack+ref2,0.00029397463245477986,3770,1.3510507800027611e-14,fine,5.6608931990412055,15.190167420303787,2.240008323233231,6.461154732571815,5.711734544094767,16.001717474589338
200,0.1,4423,random,stack+full,0.00029397463245477986,3770,1.3510507800027611e-14,fine,5.977302909909244,16.065356755077328,2.3409444466144436,6.790081382096893,6.028818810586375,16.779843608916213
200,0.1,4423,random,stack+ref1_uncov,0.00029397463245477986,3770,1.3510507800027611e-14,fine,1.4063606918940394,3.945209184314184,0.3600927291265574,2.7731522106183175,1.5226080586093784,4.837935956489925
200,0.1,4423,random,pnear+ref1_far,0.00029397463245477986,3770,1.3510507800027611e-14,fine,0.5069809492862959,1.4441823474737028,0.09102237926497404,0.5828523494798652,0.5118184318893906,1.7148884870122065
200,0.1,4423,random,pnear+full_far,0.00029397463245477986,3770,1.3510507800027611e-14,fine,0.28363835331150666,0.8057083795928548,0.05558528589941511,0.25858969279721133,0.2822076877641859,0.9332548943344128
200,0.1,4424,gravity,rpy,3.0850140394732214e-05,3691,4.009078441486343e-15,fine,3.8729268014879055,20.999369063505064,3.011201464765112,22.30423146478903,3.9208697406164332,6.850776211249819
200,0.1,4424,gravity,2b,3.0850140394732214e-05,3691,4.009078441486343e-15,fine,3.423296689518472,20.09513932369038,2.501705508593595,21.60708242900144,3.474399269680912,6.030617513486842
200,0.1,4424,gravity,near_nn,3.0850140394732214e-05,3691,4.009078441486343e-15,fine,1.7090954093007478,13.672893345320942,0.5984960331244529,14.619595269329913,1.7562092104184868,3.041417140268903
200,0.1,4424,gravity,stack_nn,3.0850140394732214e-05,3691,4.009078441486343e-15,fine,1.7154555870130812,13.691413903271101,0.6109203833684284,14.705134563108132,1.7629456391707197,3.040163124331864
200,0.1,4424,gravity,near_ex,3.0850140394732214e-05,3691,4.009078441486343e-15,fine,1.2800470179622214,10.558265229709829,0.3299706415069037,9.962525174487311,1.309243049324553,3.035324091302103
200,0.1,4424,gravity,diag_ex,3.0850140394732214e-05,3691,4.009078441486343e-15,fine,1.2729499595675222,10.44268062771146,0.35258184756223265,9.943657812289528,1.3021988169239775,3.0302331203944357
200,0.1,4424,gravity,far_ex,3.0850140394732214e-05,3691,4.009078441486343e-15,fine,7.864596397674155e-05,0.0006706863596323403,2.6470999195449825e-06,0.0050429286704245,0.00016085899276167663,0.0003609491183201954
200,0.1,4424,gravity,rpy+ref1,3.0850140394732214e-05,3691,4.009078441486343e-15,fine,0.30530421881841985,2.5712524728300656,0.04937056077287303,3.919420427556079,0.3240918336845549,1.0266508529877219
200,0.1,4424,gravity,rpy+ref2,3.0850140394732214e-05,3691,4.009078441486343e-15,fine,0.39338586440727485,2.604545804101842,0.24987297407393494,2.7627117642279946,0.40067900175370236,1.111922208413813
200,0.1,4424,gravity,rpy+full,3.0850140394732214e-05,3691,4.009078441486343e-15,fine,0.2828209230977889,2.0035130158565697,0.15874716670448616,2.2048299658008563,0.2892932035860382,0.9565331641437355
200,0.1,4424,gravity,sd_minf,3.0850140394732214e-05,3691,4.009078441486343e-15,fine,0.282820923097755,2.0035130158560928,0.1587471667045089,2.204829965800471,0.2892932035860028,0.9565331641435262
200,0.1,4424,gravity,stack+ref1,3.0850140394732214e-05,3691,4.009078441486343e-15,fine,2.6005057260918973,9.618224210045424,2.3597639233629066,11.366046738579247,2.6186717974821243,4.968449845127634
200,0.1,4424,gravity,stack+ref2,3.0850140394732214e-05,3691,4.009078441486343e-15,fine,2.349051824941369,8.328479448338385,2.151491227399041,8.638114663425517,2.3604148784364254,4.278665982826865
200,0.1,4424,gravity,stack+full,3.0850140394732214e-05,3691,4.009078441486343e-15,fine,2.457221998731239,8.861028663206891,2.2424463215080466,9.276160968015642,2.4697982395683513,4.436889981070157
200,0.1,4424,gravity,stack+ref1_uncov,3.0850140394732214e-05,3691,4.009078441486343e-15,fine,0.4934521218305985,3.1794112887637693,0.32574546304098606,5.572740839797712,0.5170661508184018,1.0959064862360202
200,0.1,4424,gravity,pnear+ref1_far,3.0850140394732214e-05,3691,4.009078441486343e-15,fine,0.25581558654585407,2.157890128134052,0.03880001670291434,2.414334281101131,0.26439596809397103,0.8736884661789697
200,0.1,4424,gravity,pnear+full_far,3.0850140394732214e-05,3691,4.009078441486343e-15,fine,0.1619361038652363,1.2441707615608915,0.07093077266506569,1.1790391929439,0.16516532990193575,0.6145138599759632
200,0.1,4424,random,rpy,0.00041230188714019833,3691,2.1103986638898985e-14,fine,12.97175574579707,20.154376134653237,3.6359149701937334,10.315395589559445,12.608138050860815,161.5539155813846
200,0.1,4424,random,2b,0.00041230188714019833,3691,2.1103986638898985e-14,fine,10.509486340202384,16.266024671974527,3.16371223451088,7.707000708099103,10.137705107749975,105.18267664587273
200,0.1,4424,random,near_nn,0.00041230188714019833,3691,2.1103986638898985e-14,fine,4.131529603457001,6.041522571118789,2.0994880860986114,3.489257485449757,4.041480941994605,30.233820984842364
200,0.1,4424,random,stack_nn,0.00041230188714019833,3691,2.1103986638898985e-14,fine,4.128365342334341,6.0340900060591665,2.1031330836572213,3.3750150846189597,4.024108415014446,30.26441163736349
200,0.1,4424,random,near_ex,0.00041230188714019833,3691,2.1103986638898985e-14,fine,3.2692520860335943,4.717502848922862,1.7749902580809336,1.8488430068652952,3.097564101686047,21.817288564546708
200,0.1,4424,random,diag_ex,0.00041230188714019833,3691,2.1103986638898985e-14,fine,3.184935276520134,4.573322311267831,1.7676773037120637,1.6022127429312834,3.000759032778148,22.419683385091663
200,0.1,4424,random,far_ex,0.00041230188714019833,3691,2.1103986638898985e-14,fine,0.0018118585161791029,0.002879989986809242,0.0001308599142097763,0.004712081273573406,0.002475444949716656,0.010533832369252335
200,0.1,4424,random,rpy+ref1,0.00041230188714019833,3691,2.1103986638898985e-14,fine,2.8635768830301886,4.5444639549164885,0.29288977607605476,4.078430037496711,3.0770375610607164,18.523329763601495
200,0.1,4424,random,rpy+ref2,0.00041230188714019833,3691,2.1103986638898985e-14,fine,2.961334601563368,4.702038820127096,0.2771762051325711,4.120088201886824,3.1628030767497752,30.118297606083793
200,0.1,4424,random,rpy+full,0.00041230188714019833,3691,2.1103986638898985e-14,fine,2.5938003636366256,4.121140467599802,0.2111146977322812,3.9621055059386387,2.841940680705442,21.228913118359426
200,0.1,4424,random,sd_minf,0.00041230188714019833,3691,2.1103986638898985e-14,fine,2.5938003636365727,4.1211404675997,0.2111146977325023,3.9621055059387613,2.841940680705427,21.228913118365035
200,0.1,4424,random,stack+ref1,0.00041230188714019833,3691,2.1103986638898985e-14,fine,10.33510614778358,16.243056810576253,2.1194593616016366,7.457428548246795,9.95568511860291,172.81330454983822
200,0.1,4424,random,stack+ref2,0.00041230188714019833,3691,2.1103986638898985e-14,fine,9.01853484374577,14.18004320447824,1.8184281721423625,6.525559019039395,8.68949101264479,136.6236648922502
200,0.1,4424,random,stack+full,0.00041230188714019833,3691,2.1103986638898985e-14,fine,9.493568249965294,14.93575498510026,1.8689127328027462,6.825428621259083,9.142255557877746,146.92127453796297
200,0.1,4424,random,stack+ref1_uncov,0.00041230188714019833,3691,2.1103986638898985e-14,fine,2.263212895713729,3.5631212449547665,0.43220082572931084,2.944507895127141,2.378154529663299,27.712285652185336
200,0.1,4424,random,pnear+ref1_far,0.00041230188714019833,3691,2.1103986638898985e-14,fine,0.7158059136621392,1.101998140528557,0.2343326591446196,0.5134527162334489,0.6891851694475234,7.63824901896971
200,0.1,4424,random,pnear+full_far,0.00041230188714019833,3691,2.1103986638898985e-14,fine,0.39610008179729445,0.6087266532413773,0.13292957085951548,0.245496626498937,0.37731447868621804,3.3718834926933052
200,0.1,4425,gravity,rpy,2.2948874539278154e-05,3735,4.444893884358289e-15,fine,3.8814045335747,20.18609929122566,2.964441582077862,20.97469987369525,3.924989939988386,6.6831286630140845
200,0.1,4425,gravity,2b,2.2948874539278154e-05,3735,4.444893884358289e-15,fine,3.4313530081373362,19.156314895383318,2.4682482320955557,20.42709248692267,3.478348441443601,5.866354942026006
200,0.1,4425,gravity,near_nn,2.2948874539278154e-05,3735,4.444893884358289e-15,fine,1.6953231970009264,12.721644844106178,0.5754643348183327,13.560086883416222,1.737547094357386,2.6848368294129332
200,0.1,4425,gravity,stack_nn,2.2948874539278154e-05,3735,4.444893884358289e-15,fine,1.7037745741659882,12.762454253423957,0.5862671684109891,13.63659844760026,1.7462646832605926,2.7544538482303595
200,0.1,4425,gravity,near_ex,2.2948874539278154e-05,3735,4.444893884358289e-15,fine,1.2609351880840407,9.633765240024177,0.36156720696007294,9.552857887258485,1.289094420282092,2.549672190964336
200,0.1,4425,gravity,diag_ex,2.2948874539278154e-05,3735,4.444893884358289e-15,fine,1.2574349901624469,9.54859483066488,0.3845910173612392,9.52421916101124,1.2855034690775047,2.583427635322528
200,0.1,4425,gravity,far_ex,2.2948874539278154e-05,3735,4.444893884358289e-15,fine,7.916861848356468e-05,0.0006278641065224082,7.858189156543016e-06,0.004805652606047551,0.00015734336029017066,0.0004715109832215208
200,0.1,4425,gravity,rpy+ref1,2.2948874539278154e-05,3735,4.444893884358289e-15,fine,0.2727905902305047,2.1694937137086883,0.017679409420988487,3.754097771725344,0.2926452007905947,1.2507400911065902
200,0.1,4425,gravity,rpy+ref2,2.2948874539278154e-05,3735,4.444893884358289e-15,fine,0.36330773888158524,2.2371304002225876,0.23247273652931688,2.324922242474605,0.36907374976552704,0.856361863041176
200,0.1,4425,gravity,rpy+full,2.2948874539278154e-05,3735,4.444893884358289e-15,fine,0.2399188257252476,1.570021781838944,0.13802189744403792,1.7381953088917113,0.244815176872789,0.6110501177615426
200,0.1,4425,gravity,sd_minf,2.2948874539278154e-05,3735,4.444893884358289e-15,fine,0.2399188257253267,1.570021781838936,0.13802189744417911,1.7381953088920228,0.24481517687286827,0.6110501177613337
200,0.1,4425,gravity,stack+ref1,2.2948874539278154e-05,3735,4.444893884358289e-15,fine,2.6831824835992837,10.05150644372147,2.387138095326186,11.43815819107402,2.7015689362899424,4.451554765573547
200,0.1,4425,gravity,stack+ref2,2.2948874539278154e-05,3735,4.444893884358289e-15,fine,2.3798216041265676,8.449104532939403,2.147597511903151,8.41176044721837,2.3907486930977053,3.7955678318768724
200,0.1,4425,gravity,stack+full,2.2948874539278154e-05,3735,4.444893884358289e-15,fine,2.4965470657389464,9.03408879812895,2.242068347737129,9.113093323251979,2.5088368838750963,4.023408245110106
200,0.1,4425,gravity,stack+ref1_uncov,2.2948874539278154e-05,3735,4.444893884358289e-15,fine,0.5303310138506708,2.9489546066794134,0.38293073766188057,4.534753789244494,0.5454298555961068,1.0467246388714369
200,0.1,4425,gravity,pnear+ref1_far,2.2948874539278154e-05,3735,4.444893884358289e-15,fine,0.24531835822024012,1.891430922373054,0.06256840176675577,2.1646661672330305,0.25275551448717537,1.1691684088062164
200,0.1,4425,gravity,pnear+full_far,2.2948874539278154e-05,3735,4.444893884358289e-15,fine,0.14198856498112306,0.9845736789870614,0.07054164727184845,0.8940199022202475,0.1441689182619687,0.53771870333742
200,0.1,4425,random,rpy,0.0003599932241976297,3735,1.7919351303929816e-14,fine,9.800159710767332,18.74491958614405,1.8506216793542745,8.829152319237288,9.68211831453098,63.4376965068933
200,0.1,4425,random,2b,0.0003599932241976297,3735,1.7919351303929816e-14,fine,7.255079005485303,13.81748584598858,1.5728503506701346,6.94422006197659,7.216301932949848,41.208331158090516
200,0.1,4425,random,near_nn,0.0003599932241976297,3735,1.7919351303929816e-14,fine,3.00464614285803,5.714116528793949,0.6773312031638905,3.0842181291272945,3.014878813474603,7.941642934468396
200,0.1,4425,random,stack_nn,0.0003599932241976297,3735,1.7919351303929816e-14,fine,2.957716819970108,5.623040229742967,0.672321770401371,2.9338442624650742,2.954692556960585,7.70272509584934
200,0.1,4425,random,near_ex,0.0003599932241976297,3735,1.7919351303929816e-14,fine,2.960968002536258,5.280795390360843,1.3534809491338597,1.4530583571537654,2.8144532705054965,17.744409660336643
200,0.1,4425,random,diag_ex,0.0003599932241976297,3735,1.7919351303929816e-14,fine,2.920434308503477,5.161753871123274,1.3992721733947606,1.2208756223581103,2.7629931413853743,17.75728913549213
200,0.1,4425,random,far_ex,0.0003599932241976297,3735,1.7919351303929816e-14,fine,0.001601246551465235,0.00309831090050195,0.00010913122758598017,0.004571200685367995,0.002212365001813629,0.013976558012152761
200,0.1,4425,random,rpy+ref1,0.0003599932241976297,3735,1.7919351303929816e-14,fine,2.3774471362258764,4.603404342367547,0.12486001816222071,3.518306257265777,2.550955289583944,8.004456152353413
200,0.1,4425,random,rpy+ref2,0.0003599932241976297,3735,1.7919351303929816e-14,fine,2.530341563367694,4.894129723633274,0.19121484564078714,3.526070725694521,2.6775555206271284,15.755814031045837
200,0.1,4425,random,rpy+full,0.0003599932241976297,3735,1.7919351303929816e-14,fine,2.1917863433710765,4.243405211792632,0.12171051821912547,3.3565568500128,2.371818614549598,13.090681507448071
200,0.1,4425,random,sd_minf,0.0003599932241976297,3735,1.7919351303929816e-14,fine,2.1917863433707705,4.243405211792013,0.12171051821945206,3.3565568500126415,2.3718186145493236,13.090681507449812
200,0.1,4425,random,stack+ref1,0.0003599932241976297,3735,1.7919351303929816e-14,fine,8.285041315829805,15.769283886229758,1.8270665313561227,7.0196185280867285,8.135094478563856,57.69717008955308
200,0.1,4425,random,stack+ref2,0.0003599932241976297,3735,1.7919351303929816e-14,fine,7.284398494825398,13.87820925439037,1.5635636583035102,6.035816807914976,7.137792515258147,48.343511779958234
200,0.1,4425,random,stack+full,0.0003599932241976297,3735,1.7919351303929816e-14,fine,7.680299122525924,14.637999535014433,1.6306629488444129,6.341914185763802,7.523369862943889,50.947741979641236
200,0.1,4425,random,stack+ref1_uncov,0.0003599932241976297,3735,1.7919351303929816e-14,fine,1.987759801046217,3.841859548751864,0.17443817423864136,2.780154093333716,2.105113337203753,20.8477011844139
200,0.1,4425,random,pnear+ref1_far,0.0003599932241976297,3735,1.7919351303929816e-14,fine,0.6492789779670793,1.1385228280591595,0.3229301500617033,0.452533185765122,0.6276973151763853,4.303212851179116
200,0.1,4425,random,pnear+full_far,0.0003599932241976297,3735,1.7919351303929816e-14,fine,0.3535807803423625,0.642203964826431,0.14410113665535826,0.21580488423072808,0.3391845647961608,2.8632156120107246
