N,phi,seed,op,wall_s,rmse,rel_rmse,mae,rel_mae,max_rel_rmse,prmse_lin,prmse_ang
200,0.05,123,M_2b,17.926,0.00164877,4.33692,0.00356801,3.96655,16.3311,4.63037,2.67737
200,0.05,124,M_2b,12.933,0.002481,5.19935,0.00529287,4.7093,12.3265,5.33989,3.90036
200,0.05,125,M_2b,18.0086,0.00197398,5.7637,0.0041284,5.1213,29.6913,6.24187,3.5107
200,0.05,123,M_mom_k10_rc6,17.6894,0.00117502,3.09078,0.00262114,2.91391,8.66602,3.32041,1.74365
200,0.05,124,M_mom_k10_rc6,17.8815,0.00189855,3.97873,0.00412152,3.6671,10.6096,4.1088,2.72678
200,0.05,125,M_mom_k10_rc6,17.7672,0.00148541,4.33716,0.00322409,3.9995,15.7392,4.73555,2.37801
200,0.05,123,M_mom_kinf_rc6,17.6375,0.00116167,3.05565,0.00259121,2.88064,8.58721,3.28271,1.72357
200,0.05,124,M_mom_kinf_rc6,17.8537,0.00188767,3.95593,0.00410606,3.65334,10.6096,4.08755,2.6833
200,0.05,125,M_mom_kinf_rc6,17.7407,0.00148939,4.34876,0.00322342,3.99867,14.9581,4.75198,2.35688
200,0.05,123,M_mom_kinf_rc8,17.5988,0.00122778,3.22956,0.00272081,3.02472,10.3037,3.43877,2.06369
200,0.05,124,M_mom_kinf_rc8,17.8016,0.00183309,3.84155,0.00395746,3.52113,17.31,3.94786,2.85454
200,0.05,125,M_mom_kinf_rc8,17.7291,0.00149852,4.37542,0.00321869,3.99281,16.3143,4.72375,2.75822
200,0.05,123,M_nbody_b1,18.6283,0.00128442,3.37854,0.00281737,3.13207,10.3353,3.61597,2.01697
200,0.05,124,M_nbody_b1,19.0087,0.00199422,4.17923,0.00430214,3.8278,11.6578,4.30531,2.98815
200,0.05,125,M_nbody_b1,18.8306,0.00156383,4.56613,0.00336647,4.17613,19.2879,4.9387,2.82133
200,0.05,123,M_nbody_b1_retrained,18.6334,0.00126014,3.31469,0.00278371,3.09464,10.0563,3.54573,1.99386
200,0.05,124,M_nbody_b1_retrained,19.305,0.00199227,4.17514,0.00430704,3.83216,10.8783,4.29986,2.99938
200,0.05,125,M_nbody_b1_retrained,18.8176,0.00156461,4.5684,0.00336277,4.17154,17.8849,4.93956,2.83286
200,0.1,123,M_2b,17.6693,0.00384489,13.4704,0.00843082,12.3444,56.7293,15.446,7.04748
200,0.1,124,M_2b,17.9552,0.00446601,13.639,0.00983396,12.6384,47.1843,14.9909,7.82351
200,0.1,125,M_2b,18.1169,0.00396726,12.3481,0.00868738,11.3633,48.2617,13.5549,7.28948
200,0.1,123,M_mom_k10_rc6,17.6333,0.00263332,9.22573,0.00586509,8.58767,39.894,10.6894,4.22724
200,0.1,124,M_mom_k10_rc6,17.5715,0.00317301,9.69024,0.0070635,9.07783,28.1762,10.7854,4.64619
200,0.1,125,M_mom_k10_rc6,18.2252,0.00266181,8.28487,0.00593764,7.76654,27.9337,9.2019,4.20497
200,0.1,123,M_mom_kinf_rc6,17.8705,0.00254157,8.90428,0.00563937,8.25717,45.5883,10.3176,4.07599
200,0.1,124,M_mom_kinf_rc6,17.59,0.00301942,9.22117,0.00662576,8.51526,29.8212,10.2569,4.46927
200,0.1,125,M_mom_kinf_rc6,18.5068,0.00254572,7.92354,0.0057055,7.4629,26.075,8.7821,4.1479
200,0.1,123,M_mom_kinf_rc8,17.7538,0.00366053,12.8245,0.00805718,11.7973,49.2316,14.4678,7.81066
200,0.1,124,M_mom_kinf_rc8,17.5404,0.00393841,12.0277,0.008604,11.0576,36.1803,13.0413,7.92023
200,0.1,125,M_mom_kinf_rc8,17.8289,0.0039143,12.1832,0.00857053,11.2104,41.1331,13.2487,7.89451
200,0.1,123,M_nbody_b1,19.5964,0.00277958,9.73813,0.00621324,9.09743,38.8874,11.2803,4.47862
200,0.1,124,M_nbody_b1,19.895,0.00334065,10.2022,0.00747941,9.61234,32.7455,11.3204,5.14554
200,0.1,125,M_nbody_b1,20.5055,0.00286949,8.93125,0.00641867,8.39574,32.7644,9.9021,4.65458
200,0.1,123,M_nbody_b1_retrained,19.7096,0.00270769,9.48627,0.00607191,8.89049,36.0025,10.9782,4.42211
200,0.1,124,M_nbody_b1_retrained,19.6209,0.00325883,9.95232,0.0072906,9.36969,31.7662,11.0292,5.11697
200,0.1,125,M_nbody_b1_retrained,20.9039,0.00283146,8.81288,0.00632788,8.27698,31.0304,9.76875,4.60716
200,0.15,123,M_2b,17.5178,0.0073354,18.0503,0.0159547,16.6973,49.5555,18.6906,13.3699
200,0.15,124,M_2b,17.5081,0.00689554,18.1426,0.0151138,16.7766,59.7742,19.0566,12.3918
200,0.15,125,M_2b,17.5062,0.0055931,17.854,0.0125038,16.7906,60.9733,19.4227,11.4379
200,0.15,123,M_mom_k10_rc6,17.494,0.00557789,13.7255,0.0119286,12.4837,31.8137,14.437,7.9465
200,0.15,124,M_mom_k10_rc6,17.5735,0.00493693,12.9894,0.0109513,12.1561,40.4897,13.7682,7.81603
200,0.15,125,M_mom_k10_rc6,17.4339,0.00398572,12.723,0.00896764,12.0421,40.3889,14.1135,6.47628
200,0.15,123,M_mom_kinf_rc6,17.456,0.00509087,12.5271,0.0108833,11.3899,26.8431,13.0906,8.1675
200,0.15,124,M_mom_kinf_rc6,17.651,0.00470913,12.3901,0.0104741,11.6264,42.7315,13.0587,8.1005
200,0.15,125,M_mom_kinf_rc6,17.4429,0.00398727,12.728,0.00878732,11.7999,44.3045,14.0084,7.209
200,0.15,123,M_mom_kinf_rc8,17.5555,0.00855623,21.0544,0.0189488,19.8308,91.6077,21.2081,20.067
200,0.15,124,M_mom_kinf_rc8,17.5752,0.00794077,20.8927,0.0179042,19.8741,54.2292,21.321,18.5236
200,0.15,125,M_mom_kinf_rc8,17.4709,0.00767708,24.5064,0.0171688,23.055,73.9121,25.9709,19.0517
200,0.15,123,M_nbody_b1,20.252,0.00562577,13.8434,0.0121308,12.6954,32.4325,14.4825,8.85863
200,0.15,124,M_nbody_b1,20.565,0.00522137,13.7378,0.0116114,12.8889,42.6352,14.5604,8.27613
200,0.15,125,M_nbody_b1,20.5844,0.00408994,13.0557,0.00928603,12.4696,35.0822,14.4294,7.00705
200,0.15,123,M_nbody_b1_retrained,20.3377,0.00552463,13.5945,0.011828,12.3785,33.74,14.2262,8.65763
200,0.15,124,M_nbody_b1_retrained,20.5694,0.00505776,13.3073,0.0112935,12.536,40.9145,14.0776,8.2544
200,0.15,125,M_nbody_b1_retrained,20.6071,0.00397236,12.6804,0.00905149,12.1547,35.4411,13.9534,7.1982
200,0.2,123,M_2b,17.534,0.0101069,15.6278,0.0224135,14.3023,33.2754,15.3978,19.3198
200,0.2,124,M_2b,17.6009,0.0107034,23.9775,0.0237942,22.5767,59.3011,24.5251,19.2907
200,0.2,125,M_2b,4.262,0.0107181,17.5452,0.023869,16.4115,80.6527,17.4105,19.5326
200,0.2,123,M_mom_k10_rc6,17.5025,0.00788567,12.1932,0.0172891,11.0323,26.8454,12.1952,12.1562
200,0.2,124,M_mom_k10_rc6,17.6979,0.00861082,19.2898,0.0188939,17.9271,49.4922,19.9662,13.0151
200,0.2,125,M_mom_k10_rc6,4.16369,0.00832171,13.6224,0.0185676,12.7664,49.5327,13.6788,12.7073
200,0.2,123,M_mom_kinf_rc6,17.5357,0.0077486,11.9812,0.0172265,10.9924,27.6461,11.8776,13.7211
200,0.2,124,M_mom_kinf_rc6,17.5237,0.00833089,18.6627,0.0183767,17.4364,47.9412,19.1842,14.0576
200,0.2,125,M_mom_kinf_rc6,4.08959,0.00802493,13.1366,0.0179908,12.3698,68.1909,13.1117,13.5198
200,0.2,123,M_mom_kinf_rc8,17.5399,0.0142698,22.0646,0.0318947,20.3523,60.0782,20.3982,42.0323
200,0.2,124,M_mom_kinf_rc8,18.0096,0.0142352,31.8895,0.0315308,29.9174,77.4309,30.9699,38.1872
200,0.2,125,M_mom_kinf_rc8,4.2648,0.0145695,23.85,0.0327043,22.4863,120.8,22.5576,38.82
200,0.2,123,M_nbody_b1,21.7756,0.00807223,12.4816,0.0177956,11.3555,27.7082,12.4948,12.2406
200,0.2,124,M_nbody_b1,21.5092,0.00872529,19.5463,0.0191382,18.159,43.1765,20.245,13.0298
200,0.2,125,M_nbody_b1,7.43422,0.00848771,13.8942,0.0188756,12.9782,50.5838,13.962,12.7862
200,0.2,123,M_nbody_b1_retrained,21.8855,0.00796816,12.3207,0.0175938,11.2268,27.6686,12.3122,12.4747
200,0.2,124,M_nbody_b1_retrained,21.5442,0.00847863,18.9937,0.018588,17.6369,41.0989,19.6225,13.2431
200,0.2,125,M_nbody_b1_retrained,7.55652,0.0082483,13.5023,0.0183857,12.6413,47.4182,13.5326,13.0178
