phase,N,far,mac,chunks,pair_chunk_size,num_pairs,rel_asym,rel_asym_stderr,trunc_err,far_ms,total_ms
prefix_chunk_sweep,100000,widebvh,,1,8000000,2074980,0.00041242297861902627,6.0285788821079924e-05,,,
prefix_chunk_sweep,100000,widebvh,,2,1200000,2074980,0.0036573478065581194,0.0004632142145483827,,,
prefix_chunk_sweep,100000,widebvh,,3,800000,2074980,0.004205609253166123,0.0005644683247491494,,,
prefix_chunk_sweep,100000,widebvh,,6,400000,2074980,0.004725214917777377,0.0006517188701358357,,,
prefix_chunk_sweep,1000000,widebvh,,3,8000000,20881556,0.0030792218247109046,0.0004322676646077899,,,
prefix_chunk_sweep,1000000,widebvh,,2,12000000,20881556,0.002657884118917233,0.00042071464079096563,,,
prefix_chunk_sweep,1000000,widebvh,,1,32000000,20881556,0.00046103691840566153,6.514589966207231e-05,,,
prefix_N_scan,200000,widebvh,,1,8000000,4158018,0.00037989946064363484,5.1727829934230445e-05,,,
prefix_N_scan,300000,widebvh,,1,8000000,6242502,0.0003997143101344355,5.110614584540151e-05,,,
prefix_N_scan,400000,widebvh,,2,8000000,8333306,0.0012042399803478246,0.00017635617757114034,,,
prefix_N_scan,500000,widebvh,,2,8000000,10428696,0.002191426762608949,0.0003297239106304426,,,
prefix_N_scan,750000,widebvh,,2,8000000,15649214,0.0025107347731595946,0.00036223463197567764,,,
prefix_near_only,150,none,,1,8000000,4664,1.6616260928028756e-07,2.278968022200991e-08,,,
prefix_near_only,10000,none,,1,8000000,203408,1.3137187299914378e-05,1.921836971731181e-06,,,
prefix_near_only,100000,none,,1,8000000,2074980,4.165654922128083e-06,5.885612545831996e-07,,,
prefix_near_only,1000000,none,,3,8000000,20881556,0.012159578144280744,0.001721300439657747,,,
postfix_full,10000,widebvh,0.8,,,,0.0003226135476185321,4.4606737897642274e-05,,,
postfix_full,100000,widebvh,0.8,,,,0.0004124231166149506,6.0284196228512e-05,,,
postfix_full,300000,widebvh,0.8,,,,0.0003997164934996581,5.110578732013059e-05,,,
postfix_full,500000,widebvh,0.8,,,,0.0004461767025046012,5.757824275685126e-05,,,
postfix_full,750000,widebvh,0.8,,,,0.0004297682667337618,5.9876682485688956e-05,,,
postfix_full,1000000,widebvh,0.8,,,,0.00046103402512120766,6.514612674894432e-05,,,
postfix_near_only,10000,none,,,,,1.3144643990522392e-05,1.92372959621893e-06,,,
postfix_near_only,100000,none,,,,,4.163160048529614e-06,5.840639460734869e-07,,,
postfix_near_only,1000000,none,,,,,8.844463533532732e-06,1.2408255481521605e-06,,,
postfix_mac_sweep,100000,widebvh,0.9,,,,0.0010891219003828457,0.00021619989108769623,,13.665666617453098,84.09183192998171
postfix_mac_sweep,100000,widebvh,0.8,,,,0.0003926607755273919,7.702668683420262e-05,,14.497120305895805,84.78488028049469
postfix_mac_sweep,100000,widebvh,0.7,,,,0.00010120170535909273,1.593292614247342e-05,,16.7641157284379,86.95181738585234
postfix_mac_sweep,100000,widebvh,0.6,,,,2.2417292466265435e-05,3.888218712386418e-06,,20.404056273400784,90.60747735202312
postfix_mac_sweep,1000000,widebvh,0.9,,,,0.0014028481725943459,0.00025435830445050836,,74.7454946860671,761.4634887625774
postfix_mac_sweep,1000000,widebvh,0.8,,,,0.00039157096672821126,7.324109622555546e-05,,91.12034514546394,778.0092308918635
postfix_mac_sweep,1000000,widebvh,0.7,,,,8.71311665328261e-05,1.2484325950012721e-05,,118.60436219722033,805.309536245962
postfix_mac_sweep,1000000,widebvh,0.6,,,,2.1693209224175227e-05,3.3314411911723225e-06,,162.8274530172348,849.521408478419
cart_dense_grand,150,widebvh-cart,0.33,,,,0.0005302765877730339,,,,
cart_probe_validation,150,widebvh-cart,0.33,,,,0.0004946100783332785,6.587535994700418e-05,,,
cart_full,10000,widebvh-cart,0.33,,,,0.0006164364102737293,8.355647224311992e-05,,,
cart_full,100000,widebvh-cart,0.33,,,,0.00040249608615626665,5.826099694465069e-05,,,
cart_full,1000000,widebvh-cart,0.33,,,,0.00043878658334822415,6.247345286540042e-05,,,
cart_mac_sweep,100000,widebvh-cart,0.25,,,,8.347851684076249e-05,1.5201777359639542e-05,,29.279384948313236,97.26982501645882
cart_mac_sweep,100000,widebvh-cart,0.3,,,,0.00021630289315321952,4.0763476413455014e-05,,21.012000739574432,91.32530974845092
cart_mac_sweep,100000,widebvh-cart,0.33,,,,0.00036305596877823617,6.936511252294976e-05,,18.591264635324478,88.78874871879816
cart_mac_sweep,100000,widebvh-cart,0.4,,,,0.00094306068160794,0.00017079870808240377,,15.010635554790497,85.34724079072475
cart_mac_sweep,100000,widebvh-cart,0.5,,,,0.003363904163593576,0.0006199041671680656,,12.336619570851326,82.54773852725823
cart_farfield_only,800,widebvh-cart,0.02,,,,1.43422582260194e-08,,4.8144627551372804e-08,,
cart_farfield_only,800,widebvh-cart,0.15,,,,3.1349880756629054e-05,,2.2194628676660123e-05,,
cart_farfield_only,800,widebvh-cart,0.2,,,,0.0001118766646959431,,7.91603875276449e-05,,
cart_farfield_only,800,widebvh-cart,0.25,,,,0.0002980937966293818,,0.00021099910634179273,,
cart_farfield_only,800,widebvh-cart,0.3,,,,0.0006201431767079175,,0.0004388957163542037,,
cart_farfield_only,800,widebvh-cart,0.35,,,,0.0010880268092559534,,0.0007713148246320866,,
cart_farfield_only,800,widebvh-cart,0.4,,,,0.0017915694127958925,,0.0012716829261034156,,
cart_farfield_only,800,widebvh-cart,0.5,,,,0.004326082671237315,,0.003068881476493356,,
cart_farfield_only,800,widebvh-cart,0.6,,,,0.00801944665557885,,0.005693995358188613,,
cart_farfield_only,800,widebvh-cart,0.8,,,,0.01113693063701888,,0.007882878369553752,,
