case,n,loading,backend,pdeg,max_leaf,mac,theta,rel_far,rel_total,far_ms,near_pairs,traverse_ms,p2p_ms,build_ms,upward_ms
drop3k,3071,gravity,widebvh,3,1024,0.4,,3.861842483063869e-05,3.8202246210551565e-05,5.403570054719846,22058.0,0.7789120078086853,0.02051199972629547,3.939253,0.168229
drop3k,3071,gravity,widebvh,3,1024,0.5,,0.00013527372986692527,0.00013381592741959733,5.221210730572541,21967.0,0.6032959818840027,0.019168000668287277,3.9457329999999997,0.168649
drop3k,3071,gravity,widebvh,3,1024,0.6,,0.0003543913393370649,0.0003505721753182592,5.111661273986101,21912.0,0.48764801025390625,0.01894400082528591,3.941033,0.168939
drop3k,3071,gravity,widebvh,3,1024,0.7,,0.0007755987587060236,0.0007672403747855207,5.042025353759527,21881.0,0.42345601320266724,0.0191040001809597,3.948053,0.167409
drop3k,3071,gravity,widebvh,3,1024,0.8,,0.0016818586062847393,0.0016637337449778658,5.040108226239681,21871.0,0.41286399960517883,0.020191999152302742,3.949953,0.19381
drop3k,3071,gravity,widebvh,3,1024,0.9,,0.0026921966866464463,0.0026631837295679186,5.027895017216603,21871.0,0.4182400107383728,0.019168000668287277,3.939483,0.169309
drop3k,3071,gravity,widebvh,5,1024,0.4,,6.505769836608253e-07,6.435659200944626e-07,5.891127977520227,22058.0,1.0040960311889648,0.01942400075495243,3.9492629999999997,0.321759
drop3k,3071,gravity,widebvh,5,1024,0.5,,2.5990347287036826e-06,2.57102574874932e-06,5.58692899843057,21967.0,0.7004799842834473,0.019071999937295914,3.968263,0.320479
drop3k,3071,gravity,widebvh,5,1024,0.6,,4.6099792110895974e-06,4.560298914829055e-06,5.402386654168367,21912.0,0.5258880257606506,0.019328000023961067,3.954033,0.321549
drop3k,3071,gravity,widebvh,5,1024,0.7,,1.0160346944744944e-05,1.0050852080839579e-05,5.29656404008468,21881.0,0.42476800084114075,0.01897599920630455,3.9531840000000003,0.320459
drop3k,3071,gravity,widebvh,5,1024,0.8,,3.1370572643646585e-05,3.1032501847350985e-05,5.273250707735618,21871.0,0.39347198605537415,0.01894400082528591,3.936843,0.322059
drop3k,3071,gravity,widebvh,5,1024,0.9,,7.52247934446973e-05,7.441411950163902e-05,6.193180102854967,21871.0,0.41862401366233826,0.01942400075495243,3.937783,3.027557
drop3k,3071,gravity,widebvh,7,1024,0.4,,3.293491886994451e-08,3.257998960630711e-08,6.76364762087663,22058.0,1.6927679777145386,0.023072000592947006,3.908204,0.539288
drop3k,3071,gravity,widebvh,7,1024,0.5,,1.6124313037368474e-07,1.595054638636771e-07,6.174653613318999,21967.0,1.127776026725769,0.01958400011062622,3.8937630000000003,0.536168
drop3k,3071,gravity,widebvh,7,1024,0.6,,5.497749120617229e-07,5.438501607218174e-07,5.879831189910571,21912.0,0.8154240250587463,0.018848000094294548,3.898933,0.536137
drop3k,3071,gravity,widebvh,7,1024,0.7,,1.2786750457203851e-06,1.2648951668568236e-06,5.706498709817727,21881.0,0.6451839804649353,0.019071999937295914,3.8979730000000004,0.535488
drop3k,3071,gravity,widebvh,7,1024,0.8,,2.2195122796216356e-06,2.1955932937528356e-06,5.626902294655641,21871.0,0.5743039846420288,0.0191040001809597,3.899043,0.535907
drop3k,3071,gravity,widebvh,7,1024,0.9,,4.514988999026514e-06,4.466332382409861e-06,5.615579274793466,21871.0,0.5674880146980286,0.01913600042462349,3.896874,0.535128
drop3k,3071,random,widebvh,3,1024,0.4,,0.0008166319682903813,0.0007140629103237898,5.355960379044215,22058.0,0.7825919985771179,0.019007999449968338,3.883263,0.169229
drop3k,3071,random,widebvh,3,1024,0.5,,0.002144691558396755,0.0018753180813405209,5.1676010092099505,21967.0,0.5863360166549683,0.019007999449968338,3.9059429999999997,0.168079
drop3k,3071,random,widebvh,3,1024,0.6,,0.004441567550619765,0.0038837062161978697,5.081051184485356,21912.0,0.4870080053806305,0.018880000337958336,3.893293,0.166179
drop3k,3071,random,widebvh,3,1024,0.7,,0.008138795146619691,0.0071165616515001225,4.993318735311429,21881.0,0.4208959937095642,0.01865600049495697,3.905563,0.167109
drop3k,3071,random,widebvh,3,1024,0.8,,0.013262445232111699,0.011596680767074857,4.990341762701671,21871.0,0.4158399999141693,0.0197759997099638,3.891484,0.16852
drop3k,3071,random,widebvh,3,1024,0.9,,0.01684578300294279,0.014729950950789938,4.992578644305468,21871.0,0.42467200756073,0.018912000581622124,3.8888629999999997,0.166859
drop3k,3071,random,widebvh,5,1024,0.4,,2.7257044414818235e-05,2.3833556874360678e-05,5.839591224988301,22058.0,1.0023679733276367,0.019168000668287277,3.913863,0.321548
drop3k,3071,random,widebvh,5,1024,0.5,,0.0001155291175492627,0.0001010186486785095,5.537416320294142,21967.0,0.7013760209083557,0.018783999606966972,3.8943130000000004,0.325049
drop3k,3071,random,widebvh,5,1024,0.6,,0.0003715497671095143,0.00032488307871142034,5.362420342862606,21912.0,0.5256320238113403,0.018880000337958336,3.906913,0.323489
drop3k,3071,random,widebvh,5,1024,0.7,,0.0010037490239092144,0.0008776780447963257,5.25764732932051,21881.0,0.42931199073791504,0.018751999363303185,3.900693,0.321278
drop3k,3071,random,widebvh,5,1024,0.8,,0.0023571323726900273,0.00206107630783193,5.22893729309241,21871.0,0.39606401324272156,0.018912000581622124,3.9190229999999997,0.322858
drop3k,3071,random,widebvh,5,1024,0.9,,0.0038526077847517715,0.003368719856602191,5.7679652236402035,21871.0,0.3938559889793396,0.018783999606966972,5.423687,0.331018
drop3k,3071,random,widebvh,7,1024,0.4,,1.0343898409781803e-06,9.044703721365954e-07,6.754050962626934,22058.0,1.6946560144424438,0.019487999379634857,3.895473,0.544748
drop3k,3071,random,widebvh,7,1024,0.5,,6.898588456565784e-06,6.032125047387134e-06,6.204883723209302,21967.0,1.1281919479370117,0.019200000911951065,3.922003,0.539268
drop3k,3071,random,widebvh,7,1024,0.6,,3.3406671181554425e-05,2.9210789896053104e-05,5.872358102351427,21912.0,0.8130239844322205,0.018848000094294548,3.890593,0.541168
drop3k,3071,random,widebvh,7,1024,0.7,,0.00012923125472073292,0.00011299979603280546,5.714945339908202,21881.0,0.6415039896965027,0.0191040001809597,3.919593,0.537387
drop3k,3071,random,widebvh,7,1024,0.8,,0.0004077192578391884,0.0003565096777403928,5.630179308354855,21871.0,0.5757439732551575,0.018880000337958336,3.9151930000000004,0.536428
drop3k,3071,random,widebvh,7,1024,0.9,,0.0007685192233756273,0.0006719931310455935,5.611369386315346,21871.0,0.5660799741744995,0.01929599978029728,3.9051030000000004,0.533908
drop3k,3071,gravity,warpfmm,,16,,0.3,0.0017842789333861505,0.0017650503204221636,3.7025573352972665,0,0,0,0,0
drop3k,3071,gravity,warpfmm,,16,,0.28,0.0014444826891680778,0.00142891595347251,4.065222417314847,0,0,0,0,0
drop3k,3071,gravity,warpfmm,,16,,0.2,0.0005619502108990456,0.0005558942501923291,4.638393254329761,0,0,0,0,0
drop3k,3071,random,warpfmm,,16,,0.3,0.011104978404565327,0.009710191991684429,3.692920785397291,0,0,0,0,0
drop3k,3071,random,warpfmm,,16,,0.28,0.009240595908923182,0.008079976126412822,4.056985955685377,0,0,0,0,0
drop3k,3071,random,warpfmm,,16,,0.2,0.0035775931794075925,0.003128247113556472,4.608113629122575,0,0,0,0,0
uniform100k,100000,gravity,widebvh,3,1024,0.4,,2.0886272773806675e-05,2.0868914122372115e-05,20.141713321208954,3280125.0,10.6810884475708,2.339168071746826,5.551276,0.371978
uniform100k,100000,gravity,widebvh,3,1024,0.5,,6.67574660373499e-05,6.670198368316701e-05,15.460900341471037,1777544.0,6.992000102996826,1.2318079471588135,5.552667,0.373809
uniform100k,100000,gravity,widebvh,3,1024,0.6,,0.00019339991415865337,0.0001932391788405949,12.649175710976124,1062857.0,4.840223789215088,0.7405120134353638,5.557125,0.362719
uniform100k,100000,gravity,widebvh,3,1024,0.7,,0.00048529668002876493,0.0004848933483284563,11.102945699046055,726686.0,3.542720079421997,0.5128960013389587,5.537166,0.369228
uniform100k,100000,gravity,widebvh,3,1024,0.8,,0.0009840334094600033,0.0009832155759891986,10.585257938752571,708498.0,2.6609280109405518,0.5036799907684326,5.5450859999999995,0.370609
uniform100k,100000,gravity,widebvh,3,1024,0.9,,0.0018057645935371468,0.0018042638165200338,9.882987632105747,707395.0,2.309312105178833,0.502784013748169,5.539796,0.367299
uniform100k,100000,gravity,widebvh,5,1024,0.4,,8.131922455895397e-08,8.125163987836806e-08,26.08795464038849,3280125.0,16.094335556030273,2.3765759468078613,6.092684,0.665227
uniform100k,100000,gravity,widebvh,5,1024,0.5,,3.964217457352598e-07,3.960922782912681e-07,19.064118309567373,1777544.0,10.448991775512695,1.248479962348938,5.541486,0.653127
uniform100k,100000,gravity,widebvh,5,1024,0.6,,1.4326388718845867e-06,1.4314482009076264e-06,15.432397369295359,1062857.0,7.1833600997924805,0.7466239929199219,5.694376,0.672187
uniform100k,100000,gravity,widebvh,5,1024,0.7,,4.834447102476416e-06,4.830429177256367e-06,13.077130696425835,726686.0,5.184192180633545,0.5192639827728271,5.559106,0.649208
uniform100k,100000,gravity,widebvh,5,1024,0.8,,1.6125166590450153e-05,1.6111764910351498e-05,11.707229694972435,708498.0,3.8656320571899414,0.5006399750709534,5.546936,0.644578
uniform100k,100000,gravity,widebvh,5,1024,0.9,,5.0311861077827707e-05,5.027004672114798e-05,11.193522096922,707395.0,3.3670079708099365,0.5006719827651978,5.525536,0.653697
uniform100k,100000,gravity,widebvh,7,1024,0.4,,2.2131281373575922e-08,2.2112887991313583e-08,37.405259596804775,3280125.0,26.987424850463867,2.394495964050293,5.573075,1.199695
uniform100k,100000,gravity,widebvh,7,1024,0.5,,2.5184810258719417e-08,2.5163879078347448e-08,27.01119069630901,1777544.0,17.30121612548828,1.2694079875946045,5.561436,1.201645
uniform100k,100000,gravity,widebvh,7,1024,0.6,,5.8831939566947935e-08,5.8783044144427044e-08,20.61153498167793,1062857.0,11.830816268920898,0.7545920014381409,5.537906,1.199534
uniform100k,100000,gravity,widebvh,7,1024,0.7,,2.3016653880650397e-07,2.299752466232451e-07,17.05936373521884,726686.0,8.429247856140137,0.5215680003166199,5.548066,1.199435
uniform100k,100000,gravity,widebvh,7,1024,0.8,,8.72595083041686e-07,8.718698663381568e-07,14.662600277612606,708498.0,6.227456092834473,0.5056959986686707,5.5501059999999995,1.200565
uniform100k,100000,gravity,widebvh,7,1024,0.9,,3.1317260215025144e-06,3.1291232334902853e-06,13.781934355696043,707395.0,5.394688129425049,0.5045120120048523,5.528046,1.195045
uniform100k,100000,random,widebvh,3,1024,0.4,,0.0007997932481618328,0.0007704001116457637,20.152483601123095,3280125.0,10.72105598449707,2.3433918952941895,5.538226,0.378038
uniform100k,100000,random,widebvh,3,1024,0.5,,0.0021812378711591105,0.002101075375828784,15.325100937237343,1777544.0,7.009183883666992,1.2337599992752075,5.521086,0.377979
uniform100k,100000,random,widebvh,3,1024,0.6,,0.004880399724261196,0.004701040551527633,12.650098962088427,1062857.0,4.822720050811768,0.7424960136413574,5.523156999999999,0.375738
uniform100k,100000,random,widebvh,3,1024,0.7,,0.009627439549978698,0.009273622303280127,11.097525712102652,726686.0,3.525023937225342,0.5142719745635986,5.541696,0.369699
uniform100k,100000,random,widebvh,3,1024,0.8,,0.01846257181646876,0.017784055343509752,10.224446033438047,708498.0,2.652672052383423,0.5040959715843201,5.526555999999999,0.387528
uniform100k,100000,random,widebvh,3,1024,0.9,,0.029695504794729082,0.028604167716864123,9.88176433990399,707395.0,2.3055360317230225,0.5024319887161255,5.527756999999999,0.374038
uniform100k,100000,random,widebvh,5,1024,0.4,,2.186814693541982e-05,2.1064472448665222e-05,25.85393904397885,3280125.0,16.105600357055664,2.3754239082336426,5.546785999999999,0.640967
uniform100k,100000,random,widebvh,5,1024,0.5,,9.452754213385568e-05,9.105356813263143e-05,19.03846502924959,1777544.0,10.39465618133545,1.242624044418335,5.559046,0.633797
uniform100k,100000,random,widebvh,5,1024,0.6,,0.0003164778670133693,0.0003048470147014527,15.409930609166622,1062857.0,7.182591915130615,0.7451199889183044,5.528757,0.661527
uniform100k,100000,random,widebvh,5,1024,0.7,,0.0009405346319685084,0.0009059691203202437,13.0553573059539,726686.0,5.20198392868042,0.5187519788742065,5.527376,0.642127
uniform100k,100000,random,widebvh,5,1024,0.8,,0.0024955340482611076,0.0024038208797270873,11.72098626072208,708498.0,3.8683199882507324,0.5026879906654358,5.526946,0.638927
uniform100k,100000,random,widebvh,5,1024,0.9,,0.0052500360506388165,0.005057092403383262,11.181348313887915,707395.0,3.3464319705963135,0.502623975276947,5.534257,0.654377
uniform100k,100000,random,widebvh,7,1024,0.4,,6.879445626260718e-07,6.626619680414972e-07,37.37901632363597,3280125.0,26.822463989257812,2.3989439010620117,5.559796,1.211134
uniform100k,100000,random,widebvh,7,1024,0.5,,4.524691408041861e-06,4.358404842663468e-06,26.624529001613457,1777544.0,17.339008331298828,1.2712639570236206,5.524287,1.207425
uniform100k,100000,random,widebvh,7,1024,0.6,,2.3459197995089704e-05,2.2597050920440177e-05,20.58388836060961,1062857.0,11.820223808288574,0.7589759826660156,5.547146,1.233345
uniform100k,100000,random,widebvh,7,1024,0.7,,0.00010248903065276729,9.872246463548724e-05,16.91545406356454,726686.0,8.483903884887695,0.5220800042152405,5.5334769999999995,1.198255
uniform100k,100000,random,widebvh,7,1024,0.8,,0.0003853434392814093,0.00037118171393251233,14.679313637316227,708498.0,6.218783855438232,0.5066879987716675,5.529537,1.250645
uniform100k,100000,random,widebvh,7,1024,0.9,,0.001099597473913764,0.0010591862567176265,13.775790575891733,707395.0,5.346848011016846,0.5058559775352478,5.528426,1.196665
uniform100k,100000,gravity,warpfmm,,16,,0.3,0.0011423603044024054,0.0011414108849175815,18.253458198159933,0,0,0,0,0
uniform100k,100000,gravity,warpfmm,,16,,0.28,0.0009723004081336982,0.000971492325999693,21.652303636074066,0,0,0,0,0
uniform100k,100000,gravity,warpfmm,,16,,0.2,0.0004515794743897137,0.0004512041651722278,49.51607063412666,0,0,0,0,0
uniform100k,100000,random,warpfmm,,16,,0.3,0.01418954645882885,0.01366806759272936,18.281018051008385,0,0,0,0,0
uniform100k,100000,random,warpfmm,,16,,0.28,0.011898910906164899,0.011461615000677734,21.655513749768335,0,0,0,0,0
uniform100k,100000,random,warpfmm,,16,,0.2,0.005359253624343852,0.005162296130933376,49.441157995412745,0,0,0,0,0
twoball0,1047968,gravity,widebvh,3,1024,0.4,,8.026414048026131e-05,8.024902701969254e-05,262.45662073294324,50683429.0,87.23664093017578,163.6359405517578,7.3440389999999995,2.21691
twoball0,1047968,gravity,widebvh,3,1024,0.5,,0.00025956465289916984,0.00025951577777108445,159.92939736073217,27827442.0,59.702816009521484,88.49100494384766,7.460008,2.228281
twoball0,1047968,gravity,widebvh,3,1024,0.6,,0.0005940142124743671,0.000593902361648783,106.9355212772886,16787678.0,42.33350372314453,52.897247314453125,7.377357999999999,2.216311
twoball0,1047968,gravity,widebvh,3,1024,0.7,,0.0010919318084762662,0.00109172620148624,76.69267430901527,10818154.0,31.302047729492188,33.77017593383789,7.503598,2.228681
twoball0,1047968,gravity,widebvh,3,1024,0.8,,0.0017393772286997708,0.0017390497099721936,58.10214066877961,7334207.0,24.020479202270508,22.65648078918457,7.322509,2.230941
twoball0,1047968,gravity,widebvh,3,1024,0.9,,0.002845670989020019,0.0028451351589964626,48.27745631337166,5944395.0,18.78544044494629,18.096895217895508,7.294719,2.228161
twoball0,1047968,gravity,widebvh,5,1024,0.4,,1.280124847197944e-07,1.2798838041083964e-07,308.21376759558916,50683429.0,131.36770629882812,164.33648681640625,7.524417,3.419335
twoball0,1047968,gravity,widebvh,5,1024,0.5,,1.3824675465353423e-06,1.3822072326688116e-06,191.04138404751816,27827442.0,89.45491027832031,88.5564193725586,7.392539,3.412285
twoball0,1047968,gravity,widebvh,5,1024,0.6,,5.472633536813051e-06,5.471603058810408e-06,129.17786231264472,16787678.0,63.370689392089844,52.958335876464844,7.335499,3.385516
twoball0,1047968,gravity,widebvh,5,1024,0.7,,1.4733042093537461e-05,1.4730267912571884e-05,93.27633306384087,10818154.0,46.75737762451172,33.7597770690918,7.346949,3.413086
twoball0,1047968,gravity,widebvh,5,1024,0.8,,3.384183409855151e-05,3.383546179801776e-05,71.02479537328084,7334207.0,35.79190444946289,22.649696350097656,7.340788,3.384765
twoball0,1047968,gravity,widebvh,5,1024,0.9,,7.51849798786598e-05,7.51708228064983e-05,58.52198569724957,5944395.0,27.893407821655273,18.044160842895508,7.318898,3.388645
twoball0,1047968,gravity,widebvh,7,1024,0.4,,1.2505759056170478e-08,1.2503404264911928e-08,398.034938921531,50683429.0,216.97027587890625,164.73960876464844,7.353089,5.608946
twoball0,1047968,gravity,widebvh,7,1024,0.5,,1.934428226059994e-08,1.9340639799029587e-08,252.38623361413678,27827442.0,147.38742065429688,88.60066986083984,7.367409,5.862884
twoball0,1047968,gravity,widebvh,7,1024,0.6,,7.897363325441112e-08,7.895876279189794e-08,172.25778102874756,16787678.0,104.08086395263672,52.96803283691406,7.646336999999999,5.717785
twoball0,1047968,gravity,widebvh,7,1024,0.7,,3.374421204549934e-07,3.373785812686117e-07,125.38787567367156,10818154.0,76.61945343017578,33.78044891357422,7.341978,5.596287
twoball0,1047968,gravity,widebvh,7,1024,0.8,,1.1395762108227775e-06,1.1393616325562647e-06,96.05142769093315,7334207.0,58.40143966674805,22.670528411865234,7.351219,5.561616
twoball0,1047968,gravity,widebvh,7,1024,0.9,,3.7688171501513097e-06,3.7681074948924494e-06,78.36404691139857,5944395.0,45.446720123291016,18.02694320678711,7.309089,5.562487
twoball0,1047968,random,widebvh,3,1024,0.4,,0.0004885522577528686,0.0004857158405067698,264.28497303277254,50683429.0,87.87078094482422,164.9398651123047,7.359788,2.23614
twoball0,1047968,random,widebvh,3,1024,0.5,,0.0013201997128716105,0.0013125349499430604,160.4664713765184,27827442.0,59.7762565612793,88.59712219238281,7.371017999999999,2.22002
twoball0,1047968,random,widebvh,3,1024,0.6,,0.0030535843655100543,0.0030358559869808296,107.3855593179663,16787678.0,42.62793731689453,53.02048110961914,7.375197999999999,2.240341
twoball0,1047968,random,widebvh,3,1024,0.7,,0.0062764589584145625,0.0062400193428942844,76.57503165925543,10818154.0,31.23583984375,33.783935546875,7.312109,2.235411
twoball0,1047968,random,widebvh,3,1024,0.8,,0.012118697074762399,0.012048338825797986,58.10629731665055,7334207.0,24.012351989746094,22.674367904663086,7.332938,2.2306
twoball0,1047968,random,widebvh,3,1024,0.9,,0.02128964124274224,0.021166038691273294,48.28255313138167,5944395.0,18.77939224243164,18.098207473754883,7.297119,2.22228
twoball0,1047968,random,widebvh,5,1024,0.4,,1.2762125071230214e-05,1.2688031233622328e-05,310.12523965910077,50683429.0,131.86642456054688,164.84115600585938,7.4837180000000005,3.478115
twoball0,1047968,random,widebvh,5,1024,0.5,,6.0131268258027e-05,5.9782160534932344e-05,192.089112320294,27827442.0,90.22284698486328,88.99555206298828,7.354818999999999,3.422706
twoball0,1047968,random,widebvh,5,1024,0.6,,0.00021273612472784257,0.0002115010298050974,129.62233709792295,16787678.0,63.44102478027344,52.94566345214844,7.364267999999999,3.408255
twoball0,1047968,random,widebvh,5,1024,0.7,,0.000643872803697511,0.0006401346326099353,93.23791678374012,10818154.0,46.70988845825195,33.759521484375,7.441999,3.396375
twoball0,1047968,random,widebvh,5,1024,0.8,,0.0017926563493055505,0.0017822486164482995,71.01878865311544,7334207.0,35.781150817871094,22.626047134399414,7.334699,3.383255
twoball0,1047968,random,widebvh,5,1024,0.9,,0.004533296574352562,0.004506977341596752,58.71806169549624,5944395.0,27.93631935119629,18.059232711791992,7.310178,3.384575
twoball0,1047968,random,widebvh,7,1024,0.4,,3.9816594438691245e-07,3.958542884001756e-07,401.7580463550985,50683429.0,217.47996520996094,169.7998046875,7.407468,5.788365
twoball0,1047968,random,widebvh,7,1024,0.5,,2.96989140975485e-06,2.9526489324558705e-06,254.07116999849677,27827442.0,149.361083984375,90.61408233642578,7.525518,5.908015
twoball0,1047968,random,widebvh,7,1024,0.6,,1.601975148130293e-05,1.5926744645987537e-05,172.59150634830198,16787678.0,104.67411041259766,52.91961669921875,7.356908000000001,5.586306
twoball0,1047968,random,widebvh,7,1024,0.7,,7.264160088580744e-05,7.221986117164783e-05,125.38726534694433,10818154.0,76.58646392822266,33.78054428100586,7.385287999999999,5.596217
twoball0,1047968,random,widebvh,7,1024,0.8,,0.0003058785377578368,0.0003041026803220358,96.01691132411361,7334207.0,58.487518310546875,22.674400329589844,7.334938000000001,5.588396
twoball0,1047968,random,widebvh,7,1024,0.9,,0.0011078241728628164,0.0011013924113886064,78.3203241104881,5944395.0,45.523681640625,18.01923179626465,7.326249000000001,5.487757
twoball0,1047968,gravity,warpfmm,,16,,0.3,0.0010805557497775764,0.001080352284860131,215.373695983241,0,0,0,0,0
twoball0,1047968,gravity,warpfmm,,16,,0.28,0.0009360067138381731,0.0009358304670051907,258.5754740672807,0,0,0,0,0
twoball0,1047968,gravity,warpfmm,,16,,0.2,0.0005219855611000037,0.0005218872730208198,614.1461686541637,0,0,0,0,0
twoball0,1047968,random,warpfmm,,16,,0.3,0.009265673534246083,0.009211879255758578,215.57234165569147,0,0,0,0,0
twoball0,1047968,random,warpfmm,,16,,0.28,0.008120849326086704,0.00807370162240516,258.592927052329,0,0,0,0,0
twoball0,1047968,random,warpfmm,,16,,0.2,0.004048507694364122,0.0040250030295856274,613.0692600272596,0,0,0,0,0
twoball100,1047968,gravity,widebvh,3,1024,0.4,,5.773155089457684e-05,5.771960788655853e-05,309.0239843974511,62431940.0,89.03094482421875,208.6453094482422,7.027229999999999,2.092921
twoball100,1047968,gravity,widebvh,3,1024,0.5,,0.00016155920137017347,0.00016152577938847548,190.3457666436831,36183643.0,59.98031997680664,119.50211334228516,7.120749,2.077291
twoball100,1047968,gravity,widebvh,3,1024,0.6,,0.00034114195310022314,0.00034107138057933766,128.08963702991605,22730054.0,42.975425720214844,74.16393280029297,7.047739,2.068671
twoball100,1047968,gravity,widebvh,3,1024,0.7,,0.0007424999901693893,0.0007423463881407104,92.12756125877301,15129336.0,32.02163314819336,49.10688018798828,7.03496,2.071451
twoball100,1047968,gravity,widebvh,3,1024,0.8,,0.0016264677203933935,0.0016261312507035068,69.16491625209649,10510649.0,24.58278465270996,33.76652908325195,6.98387,2.063421
twoball100,1047968,gravity,widebvh,3,1024,0.9,,0.0031386515174503193,0.00313800222014826,55.66898096973697,8022957.0,19.261728286743164,25.586271286010742,6.958829999999999,2.055812
twoball100,1047968,gravity,widebvh,5,1024,0.4,,3.3311101164856705e-07,3.330421004999584e-07,354.2938434208433,62431940.0,131.81280517578125,209.33590698242188,7.034599,3.435345
twoball100,1047968,gravity,widebvh,5,1024,0.5,,2.0978017172948054e-06,2.0973677420708205e-06,221.47837296749154,36183643.0,89.77216339111328,119.12838745117188,7.06987,3.470025
twoball100,1047968,gravity,widebvh,5,1024,0.6,,7.770558066483643e-06,7.768950560087978e-06,150.88883927091956,22730054.0,64.16178894042969,74.2200927734375,7.037030000000001,3.434186
twoball100,1047968,gravity,widebvh,5,1024,0.7,,2.7326110691433862e-05,2.7320457700061902e-05,109.1547617688775,15129336.0,47.56758499145508,48.822689056396484,7.0183100000000005,3.402785
twoball100,1047968,gravity,widebvh,5,1024,0.8,,9.203104823850889e-05,9.201200964470683e-05,82.75214831034343,10510649.0,36.61702346801758,33.738304138183594,7.00477,3.401055
twoball100,1047968,gravity,widebvh,5,1024,0.9,,0.0002660234796154999,0.0002659684469600303,66.61113755156596,8022957.0,28.676511764526367,25.6144962310791,7.054539999999999,3.415196
twoball100,1047968,gravity,widebvh,7,1024,0.4,,9.554218683695947e-09,9.552242188892327e-09,443.0730394087732,62431940.0,217.81455993652344,211.9773406982422,7.053869000000001,4.862859
twoball100,1047968,gravity,widebvh,7,1024,0.5,,3.8146467694571645e-08,3.813857628056168e-08,281.1856203091641,36183643.0,147.92466735839844,119.6737289428711,7.054259,4.80837
twoball100,1047968,gravity,widebvh,7,1024,0.6,,2.221802960093958e-07,2.221343332556566e-07,193.60161603738865,22730054.0,105.50982666015625,74.36851501464844,7.051399999999999,4.790829
twoball100,1047968,gravity,widebvh,7,1024,0.7,,1.2421942153078611e-06,1.241937240824345e-06,141.1110876748959,15129336.0,78.442626953125,49.14262390136719,7.082269,4.75331
twoball100,1047968,gravity,widebvh,7,1024,0.8,,8.491642897745122e-06,8.48988621950515e-06,107.66260139644146,10510649.0,59.937503814697266,33.75273513793945,6.99501,4.732909
twoball100,1047968,gravity,widebvh,7,1024,0.9,,3.6257495086567956e-05,3.624999444700722e-05,86.01063101862867,8022957.0,46.695777893066406,25.574495315551758,7.02383,4.74002
twoball100,1047968,random,widebvh,3,1024,0.4,,0.0004229496029675309,0.0004198224945953356,310.20835259308416,62431940.0,89.08448028564453,210.18719482421875,7.060319,2.092181
twoball100,1047968,random,widebvh,3,1024,0.5,,0.0012190386712231517,0.001210025620949395,190.45394969483218,36183643.0,59.909664154052734,119.43001556396484,7.0678399999999995,2.088811
twoball100,1047968,random,widebvh,3,1024,0.6,,0.002848033766613344,0.002826976623697536,128.09755699709058,22730054.0,42.88195037841797,74.19462585449219,7.020841000000001,2.065661
twoball100,1047968,random,widebvh,3,1024,0.7,,0.0062783319382267045,0.0062319126385519934,92.11670824637015,15129336.0,32.0186882019043,49.09552001953125,7.00645,2.066941
twoball100,1047968,random,widebvh,3,1024,0.8,,0.012510756755135756,0.012418257573396395,69.1410698927939,10510649.0,24.53500747680664,33.73148727416992,6.965109999999999,2.064291
twoball100,1047968,random,widebvh,3,1024,0.9,,0.02323810764154414,0.02306629501788877,55.61932145307461,8022957.0,19.29427146911621,25.61577606201172,6.95315,2.054411
twoball100,1047968,random,widebvh,5,1024,0.4,,1.1420597149797235e-05,1.1336158141669491e-05,358.30985273544985,62431940.0,131.92227172851562,210.55686950683594,7.046179,3.466905
twoball100,1047968,random,widebvh,5,1024,0.5,,5.518296051472126e-05,5.477496131903138e-05,222.5310285575688,36183643.0,89.6550064086914,119.80368041992188,7.048220000000001,3.447676
twoball100,1047968,random,widebvh,5,1024,0.6,,0.00019627220547679668,0.00019482105277995198,150.882326066494,22730054.0,64.16534423828125,74.21955108642578,7.014100000000001,3.426325
twoball100,1047968,random,widebvh,5,1024,0.7,,0.0006193678317544083,0.0006147884910515011,109.46116705114643,15129336.0,47.86800003051758,49.198143005371094,7.026389999999999,3.418315
twoball100,1047968,random,widebvh,5,1024,0.8,,0.001783018215003511,0.001769835341325906,82.9975373732547,10510649.0,36.655391693115234,33.78169631958008,7.04479,3.386896
twoball100,1047968,random,widebvh,5,1024,0.9,,0.004835596852087117,0.004799844518252006,66.53668141613404,8022957.0,28.626304626464844,25.57916831970215,6.97069,3.397565
twoball100,1047968,random,widebvh,7,1024,0.4,,3.215933596192022e-07,3.1921563593710947e-07,447.7157990137736,62431940.0,220.85740661621094,213.67446899414062,7.211539,5.115328
twoball100,1047968,random,widebvh,7,1024,0.5,,2.470949813135403e-06,2.452680667606678e-06,282.3443819458286,36183643.0,147.72647094726562,120.47113800048828,7.056819,4.79341
twoball100,1047968,random,widebvh,7,1024,0.6,,1.4098607200459312e-05,1.3994368132013529e-05,193.69959893325964,22730054.0,105.45484924316406,74.3421401977539,7.02078,4.77562
twoball100,1047968,random,widebvh,7,1024,0.7,,6.815865296956337e-05,6.765471705652969e-05,141.42001994575062,15129336.0,78.44044494628906,49.16835021972656,7.015439,4.73136
twoball100,1047968,random,widebvh,7,1024,0.8,,0.00028891262962283217,0.00028677653327332007,107.51851570482056,10510649.0,59.86729431152344,33.79484939575195,7.050610000000001,4.745729
twoball100,1047968,random,widebvh,7,1024,0.9,,0.0012057437942305047,0.0011968290405879763,85.99214100589354,8022957.0,46.741920471191406,25.600095748901367,7.020899999999999,4.74742
twoball100,1047968,gravity,warpfmm,,16,,0.3,0.00047617653427175046,0.0004760780269550612,492.83301224932075,0,0,0,0,0
twoball100,1047968,gravity,warpfmm,,16,,0.28,0.000407145832503652,0.0004070616056663877,581.3215260083476,0,0,0,0,0
twoball100,1047968,gravity,warpfmm,,16,,0.2,0.0002223474445553467,0.00022230144722335015,1292.3895055428147,0,0,0,0,0
twoball100,1047968,random,warpfmm,,16,,0.3,0.004855236741424243,0.0048193391986518395,492.4689539087315,0,0,0,0,0
twoball100,1047968,random,warpfmm,,16,,0.28,0.004228834171316418,0.004197567981091943,581.4422690309584,0,0,0,0,0
twoball100,1047968,random,warpfmm,,16,,0.2,0.0022374350224108976,0.002220892385317179,1291.0086683308084,0,0,0,0,0
drop3k,3071,random,widebvh,7,256,0.75,,0.00023686610406062014,0.00020711569738896324,5.693698922793071,21880.0,0.5958080291748047,0.01958400011062622,3.954303,0.536498
drop3k,3071,random,widebvh,7,256,0.8,,0.0004077192578391878,0.00035650967774039226,6.613981754829486,21871.0,0.5732160210609436,0.019328000023961067,3.9521629999999996,0.535648
drop3k,3071,random,widebvh,7,256,0.85,,0.000614396913415343,0.0005372285988335349,5.6707789190113544,21871.0,0.564736008644104,0.019168000668287277,3.9565829999999997,0.536098
drop3k,3071,random,widebvh,7,512,0.75,,0.00023686610406062168,0.0002071156973889646,5.701262038201094,21880.0,0.5961920022964478,0.0197759997099638,3.951143,0.535837
drop3k,3071,random,widebvh,7,512,0.8,,0.0004077192578391877,0.00035650967774039215,5.674852368732293,21871.0,0.5712640285491943,0.019328000023961067,3.951243,0.538117
drop3k,3071,random,widebvh,7,512,0.85,,0.0006143969134153428,0.0005372285988335349,5.672605708241463,21871.0,0.5665599703788757,0.019200000911951065,3.9591629999999998,0.536607
drop3k,3071,random,widebvh,7,1024,0.75,,0.00023686610406062242,0.00020711569738896525,5.7104420848190784,21880.0,0.5963839888572693,0.019711999222636223,3.980332,0.537538
drop3k,3071,random,widebvh,7,1024,0.8,,0.000407719257839188,0.0003565096777403924,5.678799003362656,21871.0,0.5711680054664612,0.019680000841617584,3.964893,0.539397
drop3k,3071,random,widebvh,7,1024,0.85,,0.0006143969134153418,0.0005372285988335339,5.671899455289046,21871.0,0.5637120008468628,0.019551999866962433,3.957963,0.546167
drop3k,3071,random,widebvh,7,2048,0.75,,0.0002368661040606229,0.00020711569738896568,5.695512363066276,21880.0,0.597760021686554,0.01897599920630455,3.945913,0.546348
drop3k,3071,random,widebvh,7,2048,0.8,,0.0004077192578391867,0.0003565096777403913,6.594754910717408,21871.0,0.5696960091590881,0.01881599985063076,3.951683,0.536987
drop3k,3071,random,widebvh,7,2048,0.85,,0.0006143969134153441,0.000537228598833536,5.661195609718561,21871.0,0.5650560259819031,0.019007999449968338,3.957753,0.535337
uniform100k,100000,random,widebvh,7,256,0.75,,0.00020454385373865712,0.00019702667923101897,15.535439985493818,715870.0,7.128896236419678,0.5102720260620117,5.5126170000000005,1.207305
uniform100k,100000,random,widebvh,7,256,0.8,,0.0003853434392814093,0.00037118171393251233,14.650557345400253,708498.0,6.197023868560791,0.5034880042076111,5.523326,1.202384
uniform100k,100000,random,widebvh,7,256,0.85,,0.0006910404092603576,0.0006656440394682985,14.038979696730772,707523.0,5.675936222076416,0.5031039714813232,5.5222370000000005,1.201185
uniform100k,100000,random,widebvh,7,512,0.75,,0.0002045438537386567,0.0001970266792310186,15.605229729165634,715870.0,7.15664005279541,0.5120000243186951,5.531316,1.203145
uniform100k,100000,random,widebvh,7,512,0.8,,0.0003853434392814088,0.00037118171393251185,14.913692604750395,708498.0,6.2520318031311035,0.5067200064659119,6.2767729999999995,1.255074
uniform100k,100000,random,widebvh,7,512,0.85,,0.0006910404092603586,0.0006656440394682995,14.048869566371044,707523.0,5.622208118438721,0.5021759867668152,5.527026,1.207065
uniform100k,100000,random,widebvh,7,1024,0.75,,0.00020454385373865658,0.00019702667923101846,15.600046298156181,715870.0,7.160895824432373,0.5086719989776611,5.510446,1.262635
uniform100k,100000,random,widebvh,7,1024,0.8,,0.0003853434392814103,0.0003711817139325133,14.641720801591873,708498.0,6.2388482093811035,0.5035200119018555,5.547726,1.222065
uniform100k,100000,random,widebvh,7,1024,0.85,,0.0006910404092603582,0.0006656440394682991,14.169819342593351,707523.0,5.632192134857178,0.5031039714813232,5.544675,1.234335
uniform100k,100000,random,widebvh,7,2048,0.75,,0.00020454385373865733,0.0001970266792310192,15.556806388000647,715870.0,7.135776042938232,0.5120959877967834,5.535286,1.212474
uniform100k,100000,random,widebvh,7,2048,0.8,,0.00038534343928140976,0.00037118171393251277,14.634953966985146,708498.0,6.205952167510986,0.5042240023612976,5.518496,1.198315
uniform100k,100000,random,widebvh,7,2048,0.85,,0.0006910404092603582,0.0006656440394682991,14.056833305706581,707523.0,5.664063930511475,0.5044159889221191,5.527216,1.229475
twoball0,1047968,random,widebvh,7,256,0.75,,0.00016230358265583258,0.0001613612869778511,110.98131071776152,8334853.0,85.35906982421875,8.742591857910156,10.233395999999999,4.70778
twoball0,1047968,random,widebvh,7,256,0.8,,0.0003241719149265698,0.0003222898505299629,97.62079796443383,7322385.0,73.0367660522461,7.633535861968994,10.190916,4.69936
twoball0,1047968,random,widebvh,7,256,0.85,,0.0006116977234708021,0.000608146353182939,88.04472566892703,7177892.0,63.70195388793945,7.455552101135254,10.155356999999999,4.647679
twoball0,1047968,random,widebvh,7,512,0.75,,0.00015262094875432156,0.00015173486812672637,106.45240359008312,8872871.0,75.04169464111328,15.377663612365723,8.885072000000001,5.034788
twoball0,1047968,random,widebvh,7,512,0.8,,0.000308952841675068,0.0003071591355679894,93.9175474147002,7398654.0,65.21778869628906,12.682975769042969,9.016881,5.041588
twoball0,1047968,random,widebvh,7,512,0.85,,0.0005961131144365393,0.0005926522246512982,83.80918034041922,6693840.0,56.547550201416016,11.343456268310547,8.902902000000001,5.051779
twoball0,1047968,random,widebvh,7,1024,0.75,,0.00015079078841130514,0.00014991533325576064,109.12939192106326,8839615.0,66.62540435791016,27.49273681640625,7.321918999999999,5.622296
twoball0,1047968,random,widebvh,7,1024,0.8,,0.0003058785377578385,0.0003041026803220375,96.01755471279223,7334207.0,58.43705749511719,22.681663513183594,7.2989180000000005,5.484496
twoball0,1047968,random,widebvh,7,1024,0.85,,0.0006109681467647342,0.0006074210122242628,85.39422042667866,6219640.0,51.4923210144043,19.021055221557617,7.322889,5.443237
twoball0,1047968,random,widebvh,7,2048,0.75,,0.00014197641805349507,0.0001411521370184252,114.16785372421145,7481558.0,56.91126251220703,40.936737060546875,6.388823,7.946326
twoball0,1047968,random,widebvh,7,2048,0.8,,0.0002900352122928721,0.00028835133740524535,100.49250566711028,6222504.0,50.382625579833984,33.910335540771484,6.395721999999999,7.857706
twoball0,1047968,random,widebvh,7,2048,0.85,,0.0005759000313223046,0.0005725564938502135,89.25649368514617,5226917.0,44.76617431640625,28.2106876373291,6.414703,7.860857
twoball100,1047968,random,widebvh,7,256,0.75,,0.00015004951671130588,0.000148940114795192,134.65787889435887,12663241.0,104.67362976074219,13.232447624206543,10.077547,4.738449
twoball100,1047968,random,widebvh,7,256,0.8,,0.0003033097604106339,0.000301067217837018,118.3171655672292,10584595.0,90.52550506591797,11.022624015808105,10.087387,4.7311
twoball100,1047968,random,widebvh,7,256,0.85,,0.0006074570864716331,0.0006029658087224005,104.94660632684827,9881996.0,77.86262512207031,10.291232109069824,10.081916,4.72345
twoball100,1047968,random,widebvh,7,512,0.75,,0.00014779258620790491,0.00014669987107012852,122.57171437765162,12750595.0,85.12710571289062,22.525728225708008,8.390774,4.58658
twoball100,1047968,random,widebvh,7,512,0.8,,0.000301671650786455,0.0002994412196944066,107.85384414096673,10602198.0,74.27782440185547,18.610015869140625,8.400214,4.51846
twoball100,1047968,random,widebvh,7,512,0.85,,0.0006017575550216103,0.0005973084171689279,95.76161593819658,9108318.0,64.92787170410156,15.921216011047363,8.413754,4.539621
twoball100,1047968,random,widebvh,7,1024,0.75,,0.00014175050648969546,0.000140702463903778,122.21766604731481,12552371.0,68.02764892578125,40.43894577026367,6.98574,4.76609
twoball100,1047968,random,widebvh,7,1024,0.8,,0.00028891262962283044,0.00028677653327331833,107.69783131157358,10510649.0,59.804161071777344,33.77840042114258,7.010638999999999,4.72133
twoball100,1047968,random,widebvh,7,1024,0.85,,0.0005987055386898489,0.000594278966139879,95.11144521335761,8877818.0,53.02044677734375,28.417631149291992,7.00511,4.73197
twoball100,1047968,random,widebvh,7,2048,0.75,,0.0001405926474226731,0.00013955316555121645,140.70018644755086,11208917.0,56.23855972290039,68.40534210205078,5.874124999999999,8.085845
twoball100,1047968,random,widebvh,7,2048,0.8,,0.0002899461051891404,0.0002878023677635446,123.21891123428941,9431461.0,49.90415954589844,57.428863525390625,5.834045,8.111925
twoball100,1047968,random,widebvh,7,2048,0.85,,0.0005823966610464157,0.0005780906693587095,108.77513000741601,8000463.0,44.408992767333984,48.511775970458984,5.834205,8.043315
twoball0,1047968,gravity,widebvh,bary,,7,1024,0.9,,3.768817150151435e-06,3.7681074948925748e-06,78.75282666645944,5944395.0,45.50400161743164,17.993024826049805,7.450733,5.670709
twoball0,1047968,gravity,widebvh,bary,,7,1024,0.95,,8.004055135031872e-06,8.002547999081125e-06,75.15328633598983,5917591.0,42.024288177490234,17.865087509155273,7.472322999999999,5.691199
twoball0,1047968,gravity,widebvh,bary,,7,1024,1.0,,1.0728703290677529e-05,1.0726683112884962e-05,74.68625833280385,5917477.0,41.563297271728516,17.857664108276367,7.458813,5.639499
twoball0,1047968,gravity,widebvh,bary,,7,1024,1.1,,1.0728703290677566e-05,1.0726683112884998e-05,74.67035468046863,5917477.0,41.54636764526367,17.85798454284668,7.454051999999999,5.51281
twoball0,1047968,random,widebvh,bary,,7,1024,0.9,,0.0011078241728628162,0.0011013924113886062,78.7480433549111,5944395.0,45.58796691894531,18.006591796875,7.474862,5.52762
twoball0,1047968,random,widebvh,bary,,7,1024,0.95,,0.0019472558610261178,0.0019359505604791796,75.20011269177,5917591.0,42.07206344604492,17.83919906616211,7.462503,5.708619
twoball0,1047968,random,widebvh,bary,,7,1024,1.0,,0.002115912638365568,0.00210362815701591,74.68406468008955,5917477.0,41.54313659667969,17.839679718017578,7.431233,5.7201
twoball0,1047968,random,widebvh,bary,,7,1024,1.1,,0.0021159126383655685,0.0021036281570159104,74.50396167890479,5917477.0,41.59587097167969,17.864639282226562,7.436423,5.50805
twoball100,1047968,gravity,widebvh,bary,,7,1024,0.9,,3.62574950865681e-05,3.6249994447007364e-05,86.1577126585568,8022957.0,46.711551666259766,25.526111602783203,7.125394,4.712983
twoball100,1047968,gravity,widebvh,bary,,7,1024,0.95,,7.1744305754447e-05,7.1729463907907e-05,81.41295670066029,7891233.0,42.527008056640625,25.051103591918945,7.108074,4.669434
twoball100,1047968,gravity,widebvh,bary,,7,1024,1.0,,0.00012823263776200582,0.00012820611009390633,80.58363300127287,7885989.0,41.72761535644531,24.99078369140625,7.088813999999999,4.736253
twoball100,1047968,gravity,widebvh,bary,,7,1024,1.1,,0.00012823263776200547,0.00012820611009390598,80.48508033001174,7885989.0,41.631038665771484,24.989856719970703,7.097613000000001,4.749403
twoball100,1047968,random,widebvh,bary,,7,1024,0.9,,0.0012057437942305062,0.0011968290405879778,86.15144598297775,8022957.0,46.71059036254883,25.4967041015625,7.099284,4.753923
twoball100,1047968,random,widebvh,bary,,7,1024,0.95,,0.0026341252921171622,0.0026146496969242676,81.5263429734235,7891233.0,42.51113510131836,25.02684783935547,7.110284,4.756623
twoball100,1047968,random,widebvh,bary,,7,1024,1.0,,0.007291553563180402,0.007237642936397091,80.5435929990684,7885989.0,41.655967712402344,24.984512329101562,7.081494,4.688763
twoball100,1047968,random,widebvh,bary,,7,1024,1.1,,0.007291553563180402,0.007237642936397091,81.06778468936682,7885989.0,41.91542434692383,25.02681541442871,7.0885940000000005,4.758033
