case,n,loading,backend,policy,order,pdeg,max_leaf,mac,theta,rel_far,rel_total,far_ms,near_pairs,traverse_ms,p2p_ms,build_ms,upward_ms,fp32_level,rel_asym,rel_asym_stderr,asym_probes,pair_budget_gb,gpu
twodrop0,1047968,gravity,widebvh,bary,,7,1024,0.8,,1.133340060065794e-06,1.1331266576613608e-06,8052.707162332808,7335886.0,5929.43408203125,1915.524169921875,8.667546,194.585544,0,0.0006032183758366171,0.00013584977899822956,8,1.0,NVIDIA GeForce RTX 4060 Laptop GPU
twodrop0,1047968,gravity,widebvh,bary,,7,1024,0.8,,1.1383852754799964e-06,1.1381709230861132e-06,2372.573297332565,7335886.0,223.11203002929688,1944.0877685546875,8.775241000000001,195.74255,1,0.0006032058361722442,0.00013582326842107443,8,1.0,NVIDIA GeForce RTX 4060 Laptop GPU
twodrop0,1047968,gravity,widebvh,bary,,7,1024,0.8,,1.1381600297402887e-06,1.1379457197590795e-06,535.3009236666063,7335886.0,220.4239959716797,86.62957000732422,11.408023,207.342982,2,0.0006032010179324517,0.00013582363302163845,8,1.0,NVIDIA GeForce RTX 4060 Laptop GPU
twodrop0,1047968,gravity,widebvh,bary,,5,1024,0.8,,3.365308935457133e-05,3.364675264201883e-05,4875.466036666087,7335886.0,2839.412841796875,1926.741943359375,8.795954,95.26624,0,0.0035311549187558495,0.0006527314615567984,8,1.0,NVIDIA GeForce RTX 4060 Laptop GPU
twodrop0,1047968,gravity,widebvh,bary,,5,1024,0.8,,3.365170609315201e-05,3.3645369641060884e-05,2209.6510346673313,7335886.0,159.1670684814453,1940.2357177734375,8.777248,97.005212,1,0.0035310796702372237,0.0006527126192643229,8,1.0,NVIDIA GeForce RTX 4060 Laptop GPU
twodrop0,1047968,gravity,widebvh,bary,,5,1024,0.8,,3.3651805359176694e-05,3.364546888839426e-05,367.76260900054086,7335886.0,151.58551025390625,84.3089599609375,11.351809,114.09229,2,0.003531176556613025,0.0006527323644631855,8,1.0,NVIDIA GeForce RTX 4060 Laptop GPU
twodrop0,1047968,random,widebvh,bary,,7,1024,0.8,,0.00030892804087918055,0.0003071491508437675,8100.315566000063,7335886.0,5964.740234375,1926.7432861328125,9.003979,195.752401,0,0.0006032183758366301,0.000135849778998197,8,1.0,NVIDIA GeForce RTX 4060 Laptop GPU
twodrop0,1047968,random,widebvh,bary,,7,1024,0.8,,0.000308929371008768,0.00030715047331411404,2433.307720999437,7335886.0,350.1254577636719,1951.5950927734375,9.033612,195.697128,1,0.000603213012817842,0.00013582680655325677,8,1.0,NVIDIA GeForce RTX 4060 Laptop GPU
twodrop0,1047968,random,widebvh,bary,,7,1024,0.8,,0.00030893165051029643,0.00030715273968966487,569.8697290002505,7335886.0,246.43084716796875,89.02950286865234,11.666818,212.946928,2,0.0006032045938324754,0.0001358289877147423,8,1.0,NVIDIA GeForce RTX 4060 Laptop GPU
twodrop0,1047968,random,widebvh,bary,,5,1024,0.8,,0.0017815969045852037,0.0017713379945436612,4875.803961333683,7335886.0,2839.596435546875,1926.748779296875,8.975276000000001,93.636231,0,0.003531154918755796,0.0006527314615568244,8,1.0,NVIDIA GeForce RTX 4060 Laptop GPU
twodrop0,1047968,random,widebvh,bary,,5,1024,0.8,,0.0017815975015880111,0.0017713385881087673,2216.1504123335667,7335886.0,160.4484405517578,1945.142333984375,8.853653000000001,95.938024,1,0.0035310811529539244,0.0006527132322633887,8,1.0,NVIDIA GeForce RTX 4060 Laptop GPU
twodrop0,1047968,random,widebvh,bary,,5,1024,0.8,,0.0017816006161386186,0.001771341684724962,381.1943789999835,7335886.0,167.34915161132812,86.68169403076172,11.817966,110.417588,2,0.003531178884930024,0.0006527346273386564,8,1.0,NVIDIA GeForce RTX 4060 Laptop GPU
twodrop0,1047968,gravity,widebvh,bary,,7,1024,0.8,,1.1382738866737435e-06,1.138059555253829e-06,538.1664883328389,7335886.0,222.0576629638672,85.71065521240234,11.304296,223.752575,2,0.0006032072349613143,0.00013582772029515475,8,1.0,NVIDIA GeForce RTX 4060 Laptop GPU
twodrop0,1047968,gravity,widebvh,bary,,7,1024,0.8,,1.1380327492376587e-06,1.137818463222747e-06,354.08902366665035,7335886.0,230.92681884765625,87.57609558105469,10.97087,17.746906,3,0.0006029445530507547,0.00013581662382176185,8,1.0,NVIDIA GeForce RTX 4060 Laptop GPU
twodrop0,1047968,gravity,widebvh,bary,,5,1024,0.8,,3.3651764366921103e-05,3.364542790385731e-05,369.14552133263595,7335886.0,156.18678283691406,83.99676513671875,11.226269,104.046902,2,0.0035311851221814634,0.0006527360245650197,8,1.0,NVIDIA GeForce RTX 4060 Laptop GPU
twodrop0,1047968,gravity,widebvh,bary,,5,1024,0.8,,3.365300315156146e-05,3.3646666455240566e-05,274.92394433405326,7335886.0,176.3770294189453,77.3025894165039,9.537025,9.261001,3,0.0035314205651575054,0.00065278889094525,8,1.0,NVIDIA GeForce RTX 4060 Laptop GPU
twodrop0,1047968,random,widebvh,bary,,7,1024,0.8,,0.0003089317511391109,0.00030715283973903177,540.2704750000945,7335886.0,214.66204833984375,88.40509033203125,11.447235,207.871262,2,0.0006032067348342063,0.00013582933214410512,8,1.0,NVIDIA GeForce RTX 4060 Laptop GPU
twodrop0,1047968,random,widebvh,bary,,7,1024,0.8,,0.00030892611193774006,0.00030714723300968616,362.1188313336461,7335886.0,236.608642578125,89.12576293945312,11.490894,19.266391,3,0.0006029493708153825,0.0001358156155167612,8,1.0,NVIDIA GeForce RTX 4060 Laptop GPU
twodrop0,1047968,random,widebvh,bary,,5,1024,0.8,,0.0017816005836618282,0.0017713416524351817,376.7001950000122,7335886.0,157.05728149414062,85.75154876708984,11.534473,121.6075,2,0.0035311797060053256,0.0006527338107244722,8,1.0,NVIDIA GeForce RTX 4060 Laptop GPU
twodrop0,1047968,random,widebvh,bary,,5,1024,0.8,,0.0017815986238209536,0.001771339703879593,284.4869743336555,7335886.0,172.24908447265625,84.63155364990234,11.058214,9.555867,3,0.003531424823527884,0.0006527917361958289,8,1.0,NVIDIA GeForce RTX 4060 Laptop GPU
twodrop0,1047968,gravity,widebvh,bary,,7,256,0.6,,1.5350338917385677e-07,1.5347448523452505e-07,700.5955546665064,15916511.0,591.7778930664062,67.68438720703125,17.357402999999998,19.609476,3,3.6817319868091185e-05,9.228611065310514e-06,8,2.0,NVIDIA GeForce RTX 4060 Laptop GPU
twodrop0,1047968,gravity,widebvh,bary,,7,256,0.7,,3.323616170769062e-07,3.322990350058009e-07,494.0245766665612,10141320.0,406.30792236328125,43.198368072509766,17.245389,17.312784,3,0.00015374244287206905,3.213079280677581e-05,8,2.0,NVIDIA GeForce RTX 4060 Laptop GPU
twodrop0,1047968,gravity,widebvh,bary,,7,256,0.8,,1.0965225284274888e-06,1.0963160585846526e-06,369.0532396661486,7322351.0,295.6950378417969,29.756736755371094,17.194651,17.694794,3,0.0006098362699053362,0.0001222723498449149,8,2.0,NVIDIA GeForce RTX 4060 Laptop GPU
twodrop0,1047968,gravity,widebvh,bary,,7,256,0.9,,3.6503918263300206e-06,3.649704475357165e-06,296.82716699971934,7141470.0,224.60675048828125,28.97148895263672,17.009824000000002,19.223526,3,0.001582356797344666,0.0005138997957254984,8,2.0,NVIDIA GeForce RTX 4060 Laptop GPU
twodrop0,1047968,gravity,widebvh,bary,,7,256,1.0,,9.739575383319182e-06,9.737741468787971e-06,289.05664800064795,7139518.0,217.4680938720703,28.94316864013672,17.398106,19.343501,3,0.0034222817469922095,0.0007682062957581674,8,2.0,NVIDIA GeForce RTX 4060 Laptop GPU
twodrop0,1047968,gravity,widebvh,bary,,7,512,0.6,,1.4948872246403026e-07,1.4946057446685487e-07,668.9742193339043,16963558.0,510.3996276855469,120.6987533569336,16.950041,18.02023,3,3.0593468136525506e-05,8.666791377711122e-06,8,2.0,NVIDIA GeForce RTX 4060 Laptop GPU
twodrop0,1047968,gravity,widebvh,bary,,7,512,0.7,,3.6312432941013337e-07,3.630559548703683e-07,475.7089923332387,10834680.0,358.82080078125,74.6363525390625,16.975203999999998,19.044676,3,0.00011217267809363914,2.2370975882926312e-05,8,2.0,NVIDIA GeForce RTX 4060 Laptop GPU
twodrop0,1047968,gravity,widebvh,bary,,7,512,0.8,,1.1789409545734133e-06,1.1787189657430034e-06,355.1306966667956,7396517.0,266.45611572265625,48.681793212890625,17.261267,17.059497,3,0.0006561165212327029,0.00011649423216922189,8,2.0,NVIDIA GeForce RTX 4060 Laptop GPU
twodrop0,1047968,gravity,widebvh,bary,,7,512,0.9,,3.93886685508437e-06,3.938125185670894e-06,284.6873240002121,6633239.0,208.15203857421875,43.98031997680664,17.253526,20.353092,3,0.0028496853765339093,0.0007160197381078473,8,2.0,NVIDIA GeForce RTX 4060 Laptop GPU
twodrop0,1047968,gravity,widebvh,bary,,7,512,1.0,,1.0572078519384094e-05,1.057008784857364e-05,269.70233733421384,6627906.0,184.6639404296875,43.4095344543457,16.945913,17.761787,3,0.004699233392094736,0.0008424407393634784,8,2.0,NVIDIA GeForce RTX 4060 Laptop GPU
twodrop0,1047968,gravity,widebvh,bary,,7,1024,0.6,,1.3689360028118364e-07,1.3686782388407134e-07,687.2284013334138,16790878.0,427.04351806640625,214.9287109375,15.617167,17.861893,3,3.241881308887895e-05,9.329609320851717e-06,8,2.0,NVIDIA GeForce RTX 4060 Laptop GPU
twodrop0,1047968,gravity,widebvh,bary,,7,1024,0.7,,3.553815076674173e-07,3.5531459106321386e-07,486.6652939999767,10820533.0,308.7437744140625,136.1453399658203,15.675658,18.371062,3,0.00014896536573643046,4.5904591766929986e-05,8,2.0,NVIDIA GeForce RTX 4060 Laptop GPU
twodrop0,1047968,gravity,widebvh,bary,,7,1024,0.8,,1.1380903632035762e-06,1.137876066340236e-06,363.61868299961014,7335886.0,230.5984344482422,89.83881378173828,15.482251999999999,17.686403,3,0.0006029505697139324,0.00013581499580433238,8,2.0,NVIDIA GeForce RTX 4060 Laptop GPU
twodrop0,1047968,gravity,widebvh,bary,,7,1024,0.9,,3.7867829555014317e-06,3.786069922744323e-06,284.57159633277723,5946155.0,175.967041015625,69.31680297851562,15.557683,20.114487,3,0.0020057160802622927,0.0003501710777198409,8,2.0,NVIDIA GeForce RTX 4060 Laptop GPU
twodrop0,1047968,gravity,widebvh,bary,,7,1024,1.0,,1.0750720170820287e-05,1.0748695862658351e-05,271.73067433371517,5918843.0,159.54013061523438,67.29840087890625,15.646089,16.773291,3,0.004570761440020347,0.0009409917165201041,8,2.0,NVIDIA GeForce RTX 4060 Laptop GPU
twodrop0,1047968,gravity,widebvh,bary,,7,2048,0.6,,1.3058396914419356e-07,1.305593808198435e-07,706.0305120006282,14048292.0,349.5310363769531,312.69793701171875,14.459028,19.620899,3,3.045520809650634e-05,7.3272267210645615e-06,8,2.0,NVIDIA GeForce RTX 4060 Laptop GPU
twodrop0,1047968,gravity,widebvh,bary,,7,2048,0.7,,4.4028340405068903e-07,4.402005008335814e-07,498.4068053333128,9123685.0,259.6556701660156,197.3360595703125,14.731754,19.707299,3,0.00011932364329715615,3.569762847720217e-05,8,2.0,NVIDIA GeForce RTX 4060 Laptop GPU
twodrop0,1047968,gravity,widebvh,bary,,7,2048,0.8,,1.6318382912592163e-06,1.6315310240697193e-06,372.0692903334566,6222836.0,201.6334686279297,131.74815368652344,14.72311,21.529611,3,0.0005859067147387961,0.00010325165257162928,8,2.0,NVIDIA GeForce RTX 4060 Laptop GPU
twodrop0,1047968,gravity,widebvh,bary,,7,2048,0.9,,4.937592021551932e-06,4.936662297061784e-06,287.2191406665176,4801389.0,153.43402099609375,97.42755126953125,14.637920000000001,19.47356,3,0.0018982619707261182,0.0005193871887641709,8,2.0,NVIDIA GeForce RTX 4060 Laptop GPU
twodrop0,1047968,gravity,widebvh,bary,,7,2048,1.0,,1.0746434268984453e-05,1.0744410767836923e-05,274.05193399924127,4762051.0,137.7749786376953,96.67289733886719,14.620178,19.305844,3,0.004028746571382576,0.0008294683631146075,8,2.0,NVIDIA GeForce RTX 4060 Laptop GPU
twodrop0,1047968,gravity,widebvh,bary,,5,256,0.6,,5.331898415892085e-06,5.330894445431464e-06,527.3798846659096,15916511.0,424.6931457519531,67.59382629394531,19.099393,8.01605,3,0.0004190907367348438,8.949783605184798e-05,8,2.0,NVIDIA GeForce RTX 4060 Laptop GPU
twodrop0,1047968,gravity,widebvh,bary,,5,256,0.7,,1.431693157827787e-05,1.4314235769905285e-05,370.87975066606305,10141320.0,290.84942626953125,38.09622573852539,18.876214,9.072063,3,0.001398192869059985,0.00033033116234783933,8,2.0,NVIDIA GeForce RTX 4060 Laptop GPU
twodrop0,1047968,gravity,widebvh,bary,,5,256,0.8,,3.314559228007349e-05,3.313935112674435e-05,278.7391806668893,7322351.0,215.7375030517578,27.62019157409668,18.208795000000002,8.628045,3,0.004609193680716037,0.0013547370525906499,8,2.0,NVIDIA GeForce RTX 4060 Laptop GPU
twodrop0,1047968,gravity,widebvh,bary,,5,256,0.9,,7.320410136230586e-05,7.319031738713766e-05,228.5287196658222,7141470.0,169.53797912597656,26.23967933654785,18.596955,8.299795,3,0.010928789489784436,0.002169878708846465,8,2.0,NVIDIA GeForce RTX 4060 Laptop GPU
twodrop0,1047968,gravity,widebvh,bary,,5,256,1.0,,0.00014070116780471234,0.00014067467446121016,217.83102799963672,7139518.0,158.3198699951172,26.39334487915039,18.222723000000002,8.513277,3,0.014729623396001375,0.002784231349047295,8,2.0,NVIDIA GeForce RTX 4060 Laptop GPU
twodrop0,1047968,gravity,widebvh,bary,,5,512,0.6,,5.473485381154111e-06,5.472454750558648e-06,519.2458299995147,16963558.0,369.17169189453125,120.39759826660156,17.454233000000002,9.702133,3,0.00040323327324641537,9.307956956120936e-05,8,2.0,NVIDIA GeForce RTX 4060 Laptop GPU
twodrop0,1047968,gravity,widebvh,bary,,5,512,0.7,,1.497755214055575e-05,1.4974731940554055e-05,366.6414470001958,10834680.0,264.2690124511719,73.60182189941406,17.473647,8.200695,3,0.001664372247104192,0.0002811995321938685,8,2.0,NVIDIA GeForce RTX 4060 Laptop GPU
twodrop0,1047968,gravity,widebvh,bary,,5,512,0.8,,3.439700143919776e-05,3.4390524651628824e-05,271.98976766643074,7396517.0,194.65603637695312,45.533409118652344,17.459623999999998,8.379006,3,0.00336384029358541,0.0008720403520353171,8,2.0,NVIDIA GeForce RTX 4060 Laptop GPU
twodrop0,1047968,gravity,widebvh,bary,,5,512,0.9,,7.658567378493049e-05,7.657125307617172e-05,223.42612233236045,6633239.0,148.7980499267578,39.73468780517578,17.566470000000002,8.242857,3,0.008272786177095958,0.0015108943666590185,8,2.0,NVIDIA GeForce RTX 4060 Laptop GPU
twodrop0,1047968,gravity,widebvh,bary,,5,512,1.0,,0.0001436870237048356,0.00014365996813923363,208.51259999957014,6627906.0,137.21356201171875,39.702911376953125,17.015867,8.09582,3,0.011986430378231175,0.0027387213200034395,8,2.0,NVIDIA GeForce RTX 4060 Laptop GPU
twodrop0,1047968,gravity,widebvh,bary,,5,1024,0.6,,5.451944182614064e-06,5.450917608121199e-06,554.6342329992816,16790878.0,313.7845764160156,215.17001342773438,15.581700999999999,9.050032,3,0.0004555384967140559,8.734160772938358e-05,8,2.0,NVIDIA GeForce RTX 4060 Laptop GPU
twodrop0,1047968,gravity,widebvh,bary,,5,1024,0.7,,1.4927333327105044e-05,1.4924522583060936e-05,394.0360360005191,10820533.0,232.21434020996094,134.10928344726562,15.756054,9.222696,3,0.001361675349176381,0.00022885708087803274,8,2.0,NVIDIA GeForce RTX 4060 Laptop GPU
twodrop0,1047968,gravity,widebvh,bary,,5,1024,0.8,,3.3653016338508655e-05,3.364667963970472e-05,293.5226996669371,7335886.0,178.09429931640625,85.94000244140625,15.478493,9.309036,3,0.0035314246061077226,0.0006527924884066213,8,2.0,NVIDIA GeForce RTX 4060 Laptop GPU
twodrop0,1047968,gravity,widebvh,bary,,5,1024,0.9,,7.546978385869768e-05,7.545557326656829e-05,234.26509466662537,5946155.0,140.6846466064453,68.3967056274414,15.729295999999998,9.30225,3,0.008901832791750684,0.0018869314990635645,8,2.0,NVIDIA GeForce RTX 4060 Laptop GPU
twodrop0,1047968,gravity,widebvh,bary,,5,1024,1.0,,0.00014717314348060937,0.00014714543149566028,220.4538243325563,5918843.0,123.55763244628906,67.66719818115234,15.466524,9.37929,3,0.014779457946847778,0.003716489562175317,8,2.0,NVIDIA GeForce RTX 4060 Laptop GPU
twodrop0,1047968,gravity,widebvh,bary,,5,2048,0.6,,5.8580183660902475e-06,5.8569153298096235e-06,603.076377333006,14048292.0,257.0293884277344,313.83526611328125,14.6759,10.92359,3,0.00043879245835596275,8.59167269685174e-05,8,2.0,NVIDIA GeForce RTX 4060 Laptop GPU
twodrop0,1047968,gravity,widebvh,bary,,5,2048,0.7,,1.731061229420766e-05,1.7307352790360617e-05,421.0211249992426,9123685.0,195.2896270751953,195.3796844482422,14.636532,11.054998,3,0.0013276925043929368,0.0002559536917693593,8,2.0,NVIDIA GeForce RTX 4060 Laptop GPU
twodrop0,1047968,gravity,widebvh,bary,,5,2048,0.8,,4.0157962439997634e-05,4.015040089157647e-05,310.09459433334996,6222836.0,153.21865844726562,125.34825897216797,14.584768,11.495606,3,0.0033528365016371768,0.0008176794837927415,8,2.0,NVIDIA GeForce RTX 4060 Laptop GPU
twodrop0,1047968,gravity,widebvh,bary,,5,2048,0.9,,8.625682235378497e-05,8.624058061493036e-05,240.72445100076342,4801389.0,114.6416015625,93.13929748535156,14.668279,10.833655,3,0.007566642467195489,0.0013278110804604522,8,2.0,NVIDIA GeForce RTX 4060 Laptop GPU
twodrop0,1047968,gravity,widebvh,bary,,5,2048,1.0,,0.0001485157813415423,0.0001484878165444339,234.07304366628523,4762051.0,104.90211486816406,91.92195129394531,14.565244999999999,10.160821,3,0.013614143801913598,0.0030616086284389974,8,2.0,NVIDIA GeForce RTX 4060 Laptop GPU
twodrop0,1047968,random,widebvh,bary,,7,256,0.6,,1.781553236912018e-05,1.7712945783205817e-05,734.3396316670502,15916511.0,615.0005493164062,71.28217315673828,18.241792,18.259079,3,3.6815123107948144e-05,9.229015306607033e-06,8,2.0,NVIDIA GeForce RTX 4060 Laptop GPU
twodrop0,1047968,random,widebvh,bary,,7,256,0.7,,8.059803843815686e-05,8.013393344126681e-05,521.6203810001995,10141320.0,434.5684509277344,43.620094299316406,18.007001,20.674167,3,0.0001537449257434274,3.2132832822491813e-05,8,2.0,NVIDIA GeForce RTX 4060 Laptop GPU
twodrop0,1047968,random,widebvh,bary,,7,256,0.8,,0.0003268260519097973,0.0003249441003543439,386.7066800000127,7322351.0,311.1626281738281,31.36639976501465,17.935272,17.506028,3,0.0006098323717245036,0.0001222734973828284,8,2.0,NVIDIA GeForce RTX 4060 Laptop GPU
twodrop0,1047968,random,widebvh,bary,,7,256,0.9,,0.0011460318673874304,0.0011394327103042483,315.4082556672317,7141470.0,237.9683837890625,30.17728042602539,18.005169,17.67173,3,0.0015823596969650443,0.0005139000832996546,8,2.0,NVIDIA GeForce RTX 4060 Laptop GPU
twodrop0,1047968,random,widebvh,bary,,7,256,1.0,,0.002091157632762001,0.0020791161895028793,298.0992713334369,7139518.0,224.85093688964844,30.56947135925293,18.041892,17.53176,3,0.003422281500911353,0.0007682002929041249,8,2.0,NVIDIA GeForce RTX 4060 Laptop GPU
twodrop0,1047968,random,widebvh,bary,,7,512,0.6,,1.6370236704111543e-05,1.6275972516026114e-05,693.6045559996273,16963558.0,528.8916625976562,126.40998077392578,17.452831,17.693616,3,3.0608761921481333e-05,8.686181947764495e-06,8,2.0,NVIDIA GeForce RTX 4060 Laptop GPU
twodrop0,1047968,random,widebvh,bary,,7,512,0.7,,7.341985207859062e-05,7.299708099283092e-05,494.46012566719827,10834680.0,372.3892822265625,77.74867248535156,17.478556,20.738872,3,0.00011218036958402786,2.23746527770693e-05,8,2.0,NVIDIA GeForce RTX 4060 Laptop GPU
twodrop0,1047968,random,widebvh,bary,,7,512,0.8,,0.00030789687711972624,0.0003061239248002011,368.36754066704697,7396517.0,275.05108642578125,51.69606399536133,17.384655000000002,17.522689,3,0.0006561264057813702,0.00011649615342522214,8,2.0,NVIDIA GeForce RTX 4060 Laptop GPU
twodrop0,1047968,random,widebvh,bary,,7,512,0.9,,0.0011065701572383342,0.0011001982312047029,295.1163519998469,6633239.0,206.93312072753906,45.59654235839844,17.396033,17.892539,3,0.0028496796605632425,0.0007160184088771667,8,2.0,NVIDIA GeForce RTX 4060 Laptop GPU
twodrop0,1047968,random,widebvh,bary,,7,512,1.0,,0.002074261024781465,0.0020623168766965958,279.93805499985075,6627906.0,191.96922302246094,45.67692947387695,17.088912999999998,18.441924,3,0.0046992388641073106,0.0008424422752381102,8,2.0,NVIDIA GeForce RTX 4060 Laptop GPU
twodrop0,1047968,random,widebvh,bary,,7,1024,0.6,,1.6169284695911208e-05,1.6076177643073093e-05,710.3163573337952,16790878.0,447.40594482421875,221.92979431152344,15.886843,18.417276,3,3.241812868059116e-05,9.33022780124072e-06,8,2.0,NVIDIA GeForce RTX 4060 Laptop GPU
twodrop0,1047968,random,widebvh,bary,,7,1024,0.7,,7.370809011621201e-05,7.328365927897266e-05,497.848967332781,10820533.0,316.3486022949219,136.5758056640625,15.566118,19.99703,3,0.00014895989481903204,4.5905430300553966e-05,8,2.0,NVIDIA GeForce RTX 4060 Laptop GPU
twodrop0,1047968,random,widebvh,bary,,7,1024,0.8,,0.0003089259423195845,0.0003071470643682371,387.5236120002228,7335886.0,254.72647094726562,89.65907287597656,16.067614,22.038956,3,0.0006029589184194736,0.00013581920566084867,8,2.0,NVIDIA GeForce RTX 4060 Laptop GPU
twodrop0,1047968,random,widebvh,bary,,7,1024,0.9,,0.0011365483490387881,0.001130003800583049,299.23431766655995,5946155.0,188.9508819580078,71.81993865966797,15.708269999999999,18.615781,3,0.0020057145334968075,0.00035016925429442314,8,2.0,NVIDIA GeForce RTX 4060 Laptop GPU
twodrop0,1047968,random,widebvh,bary,,7,1024,1.0,,0.0021196180195200503,0.0021074126937649794,281.1358403341728,5918843.0,165.93653869628906,72.609375,15.960887,19.06142,3,0.0045707520656548374,0.0009409925731848856,8,2.0,NVIDIA GeForce RTX 4060 Laptop GPU
twodrop0,1047968,random,widebvh,bary,,7,2048,0.6,,1.4861773070523214e-05,1.4776195018273617e-05,728.361641333322,14048292.0,373.3019714355469,317.0982666015625,14.553336,21.718609,3,3.0447003353863128e-05,7.322032435388132e-06,8,2.0,NVIDIA GeForce RTX 4060 Laptop GPU
twodrop0,1047968,random,widebvh,bary,,7,2048,0.7,,6.821696988120538e-05,6.782415837849296e-05,515.965299000527,9123685.0,274.8853759765625,202.724609375,14.660853,22.37234,3,0.00011933056704104453,3.56976932505294e-05,8,2.0,NVIDIA GeForce RTX 4060 Laptop GPU
twodrop0,1047968,random,widebvh,bary,,7,2048,0.8,,0.00029354815387845395,0.0002918578253334562,382.6765176660653,6222836.0,200.86837768554688,136.77923583984375,14.721829,19.078371,3,0.0005859109392507919,0.00010325403905440522,8,2.0,NVIDIA GeForce RTX 4060 Laptop GPU
twodrop0,1047968,random,widebvh,bary,,7,2048,0.9,,0.0011082173835910375,0.0011018359723888324,302.9666099998091,4801389.0,163.48077392578125,100.531005859375,14.624270000000001,19.820015,3,0.00189826280101894,0.0005193884727901879,8,2.0,NVIDIA GeForce RTX 4060 Laptop GPU
twodrop0,1047968,random,widebvh,bary,,7,2048,1.0,,0.0020894679724514087,0.002077436258706905,285.6263876662221,4762051.0,145.4286651611328,101.17635345458984,14.631772,20.228743,3,0.004028747362461645,0.000829469944069233,8,2.0,NVIDIA GeForce RTX 4060 Laptop GPU
twodrop0,1047968,random,widebvh,bary,,5,256,0.6,,0.00023172940657535776,0.00023039504686137404,539.0328836668535,15916511.0,441.7912292480469,68.10857391357422,19.405849,9.665288,3,0.00041908319734272804,8.949907338704319e-05,8,2.0,NVIDIA GeForce RTX 4060 Laptop GPU
twodrop0,1047968,random,widebvh,bary,,5,256,0.7,,0.0006991038336120986,0.0006950782073212885,383.32571733311244,10141320.0,306.6995544433594,40.63715362548828,19.149341999999997,9.293559,3,0.001398190430495056,0.000330332772837337,8,2.0,NVIDIA GeForce RTX 4060 Laptop GPU
twodrop0,1047968,random,widebvh,bary,,5,256,0.8,,0.0018824614407554842,0.0018716217258190242,287.7975303332884,7322351.0,223.97763061523438,27.988832473754883,18.409682,8.758651,3,0.004609198832171857,0.0013547413640170554,8,2.0,NVIDIA GeForce RTX 4060 Laptop GPU
twodrop0,1047968,random,widebvh,bary,,5,256,0.9,,0.00452951895325269,0.004503436775318227,235.80569233430046,7141470.0,176.1136932373047,27.37558364868164,18.649393,8.732126,3,0.010928788857997387,0.002169878089076324,8,2.0,NVIDIA GeForce RTX 4060 Laptop GPU
twodrop0,1047968,random,widebvh,bary,,5,256,1.0,,0.006726077576165603,0.006687347027965428,223.16323566701612,7139518.0,161.10389709472656,27.82921600341797,18.719797,8.62749,3,0.014729625467166432,0.0027842309146359654,8,2.0,NVIDIA GeForce RTX 4060 Laptop GPU
twodrop0,1047968,random,widebvh,bary,,5,512,0.6,,0.0002097123479504002,0.00020850476833085394,532.6238593333983,16963558.0,369.2716369628906,124.10192108154297,17.294551000000002,9.090287,3,0.0004032466996314939,9.308803609385698e-05,8,2.0,NVIDIA GeForce RTX 4060 Laptop GPU
twodrop0,1047968,random,widebvh,bary,,5,512,0.7,,0.0006315024245451203,0.0006278660651937144,378.09144900044583,10834680.0,269.4905700683594,75.21337890625,17.679940000000002,8.684252,3,0.0016643839900642974,0.00028120411245907326,8,2.0,NVIDIA GeForce RTX 4060 Laptop GPU
twodrop0,1047968,random,widebvh,bary,,5,512,0.8,,0.0018274800642715853,0.0018169569467617695,281.1306623334531,7396517.0,200.24620056152344,46.60639953613281,17.520836,9.116492,3,0.0033638405267019627,0.0008720403078537311,8,2.0,NVIDIA GeForce RTX 4060 Laptop GPU
twodrop0,1047968,random,widebvh,bary,,5,512,0.9,,0.0045214569858207715,0.004495421230844514,230.1575366667142,6633239.0,155.2038116455078,40.588863372802734,17.641323999999997,9.88278,3,0.008272785928907444,0.0015108906487293669,8,2.0,NVIDIA GeForce RTX 4060 Laptop GPU
twodrop0,1047968,random,widebvh,bary,,5,512,1.0,,0.006867090826149965,0.006827548286055029,211.1818146671188,6627906.0,139.1727294921875,40.74099349975586,17.458840000000002,8.385305,3,0.011986434755939959,0.0027387262591485233,8,2.0,NVIDIA GeForce RTX 4060 Laptop GPU
twodrop0,1047968,random,widebvh,bary,,5,1024,0.6,,0.0002075783940684882,0.00020638310232441533,576.4750493326574,16790878.0,319.02593994140625,224.0964813232422,15.863301,9.158287,3,0.00045553652085533763,8.73476281599331e-05,8,2.0,NVIDIA GeForce RTX 4060 Laptop GPU
twodrop0,1047968,random,widebvh,bary,,5,1024,0.7,,0.0006355458839055339,0.0006318862412369375,399.5019663331429,10820533.0,229.1274871826172,133.40640258789062,15.850763,9.831252,3,0.0013616696936170397,0.0002288581162979122,8,2.0,NVIDIA GeForce RTX 4060 Laptop GPU
twodrop0,1047968,random,widebvh,bary,,5,1024,0.8,,0.0017815984124386975,0.0017713394937145326,298.79923200011643,7335886.0,176.32928466796875,85.68182373046875,15.737402,9.585464,3,0.003531418246849785,0.0006527897030928232,8,2.0,NVIDIA GeForce RTX 4060 Laptop GPU
twodrop0,1047968,random,widebvh,bary,,5,1024,0.9,,0.004531888176060473,0.004505792355509327,236.39570866604723,5946155.0,137.95225524902344,65.82988739013672,15.511320999999999,9.814206,3,0.008901834552780678,0.0018869356825373508,8,2.0,NVIDIA GeForce RTX 4060 Laptop GPU
twodrop0,1047968,random,widebvh,bary,,5,1024,1.0,,0.006869368298330485,0.006829812643943443,224.1077453327307,5918843.0,129.88723754882812,65.9876480102539,15.569623,9.567117,3,0.014779454682311049,0.0037164898026345265,8,2.0,NVIDIA GeForce RTX 4060 Laptop GPU
twodrop0,1047968,random,widebvh,bary,,5,2048,0.6,,0.00019818600834288776,0.00019704480046031376,617.6314880006734,14048292.0,269.88555908203125,318.0184326171875,14.697712,11.367936,3,0.00043879258460451386,8.591544410906706e-05,8,2.0,NVIDIA GeForce RTX 4060 Laptop GPU
twodrop0,1047968,random,widebvh,bary,,5,2048,0.7,,0.0006083722547862596,0.0006048690851200126,421.69247066703974,9123685.0,195.05471801757812,196.12249755859375,14.748944,10.451499,3,0.0013276937535539018,0.0002559584962154118,8,2.0,NVIDIA GeForce RTX 4060 Laptop GPU
twodrop0,1047968,random,widebvh,bary,,5,2048,0.8,,0.0017098236045554002,0.0016999779843138653,318.901542332848,6222836.0,151.83255004882812,130.71466064453125,14.70401,10.916101,3,0.003352835461487631,0.0008176806200563025,8,2.0,NVIDIA GeForce RTX 4060 Laptop GPU
twodrop0,1047968,random,widebvh,bary,,5,2048,0.9,,0.004474257305043594,0.004448493338415104,253.3215576671258,4801389.0,127.27094268798828,96.49353790283203,14.810392,11.012666,3,0.007566646038216148,0.0013278122004821023,8,2.0,NVIDIA GeForce RTX 4060 Laptop GPU
twodrop0,1047968,random,widebvh,bary,,5,2048,1.0,,0.0069288023091243715,0.006888904417855029,237.39473433306557,4762051.0,109.65641784667969,96.33757019042969,14.842382,10.699741,3,0.013614143651480115,0.0030616107751575516,8,2.0,NVIDIA GeForce RTX 4060 Laptop GPU
npy:figures/drop_1M_4060/positions_1.0.npy,1047968,gravity,widebvh,bary,,7,512,0.8,,9.027790597255062e-06,9.025916071590793e-06,18847.684519667382,10598328.0,12998.720703125,3154.428955078125,146.00329399999998,402.691272,0,0.0007956368305023218,0.00015448385762002517,8,1.0,NVIDIA GeForce RTX 4060 Laptop GPU
npy:figures/drop_1M_4060/positions_1.0.npy,1047968,gravity,widebvh,bary,,7,1024,0.8,,8.725022065737511e-06,8.723210406770975e-06,18875.870936333133,10478914.0,12827.990234375,6586.48974609375,138.33883600000001,406.244801,0,0.0005946872274427751,9.688151190344542e-05,8,1.0,NVIDIA GeForce RTX 4060 Laptop GPU
npy:figures/drop_1M_4060/positions_1.0.npy,1047968,gravity,widebvh,bary,,7,512,0.8,,9.031054663784703e-06,9.029179460371384e-06,913.5390236673023,10598328.0,532.7713623046875,129.79420471191406,146.526181,46.491169,3,0.0007958106072481198,0.0001545263626228746,8,1.0,NVIDIA GeForce RTX 4060 Laptop GPU
npy:figures/drop_1M_4060/positions_1.0.npy,1047968,gravity,widebvh,bary,,7,1024,0.8,,8.726600597225964e-06,8.724788610493983e-06,417.52292033318855,10478914.0,248.71043395996094,133.61532592773438,11.717853999999999,19.952451,3,0.000594616421235937,9.688224311671317e-05,8,1.0,NVIDIA GeForce RTX 4060 Laptop GPU
npy:figures/drop_1M_4060/positions_1.0.npy,1047968,random,widebvh,bary,,7,512,0.8,,0.00030321010299067425,0.0003009452753119235,20103.175513999304,10598328.0,16342.97265625,3154.414306640625,146.050275,402.740034,0,0.00079563683050217,0.00015448385762002143,8,1.0,NVIDIA GeForce RTX 4060 Laptop GPU
npy:figures/drop_1M_4060/positions_1.0.npy,1047968,random,widebvh,bary,,7,1024,0.8,,0.00028310914879930917,0.00028099446518559075,19794.67951433253,10478914.0,12987.5869140625,6100.103515625,139.979051,474.435727,0,0.0005946872274427742,9.688151190346768e-05,8,1.0,NVIDIA GeForce RTX 4060 Laptop GPU
npy:figures/drop_1M_4060/positions_1.0.npy,1047968,random,widebvh,bary,,7,512,0.8,,0.0003032085800557185,0.00030094376375252945,919.743556666314,10598328.0,541.0464477539062,125.78668975830078,146.27819599999998,46.52713,3,0.0007958000954994854,0.00015452804767976294,8,1.0,NVIDIA GeForce RTX 4060 Laptop GPU
npy:figures/drop_1M_4060/positions_1.0.npy,1047968,random,widebvh,bary,,7,1024,0.8,,0.00028310627502231697,0.00028099161287427403,906.6238099997767,10478914.0,433.1897888183594,234.4100799560547,138.58144900000002,46.672743,3,0.0005945973941058477,9.68778613571283e-05,8,1.0,NVIDIA GeForce RTX 4060 Laptop GPU
twodrop0,1047968,gravity,widebvh,bary,,7,1024,0.4,,1.5425484378051493e-08,1.542257983459467e-08,78930.48341066606,50691009.0,78745.21875,0.179967999458313,8.07407,194.593498,0,,,,1.0,NVIDIA GeForce RTX 4060 Laptop GPU
twodrop0,1047968,gravity,widebvh,bary,,7,1024,0.5,,1.923760359568778e-08,1.9233981248779287e-08,52577.77494099961,27831444.0,52369.62109375,0.1802240014076233,8.074977,195.651579,0,,,,1.0,NVIDIA GeForce RTX 4060 Laptop GPU
twodrop0,1047968,gravity,widebvh,bary,,7,1024,0.6,,7.669460820638558e-08,7.668016698580669e-08,15325.447918999998,16790878.0,10699.5869140625,4417.470703125,8.797142000000001,195.65352,0,,,,1.0,NVIDIA GeForce RTX 4060 Laptop GPU
twodrop0,1047968,gravity,widebvh,bary,,7,1024,0.4,,2.584380253563895e-08,2.583893627369769e-08,3718.6942323326853,50691009.0,3678.2490234375,0.2385919988155365,11.916345,21.639425,3,,,,1.0,NVIDIA GeForce RTX 4060 Laptop GPU
twodrop0,1047968,gravity,widebvh,bary,,7,1024,0.5,,2.3853750337950078e-08,2.384925879312939e-08,2385.3992566667634,27831444.0,2352.459716796875,0.2385919988155365,11.695816,19.892051,3,,,,1.0,NVIDIA GeForce RTX 4060 Laptop GPU
twodrop0,1047968,gravity,widebvh,bary,,7,1024,0.6,,1.369301659934899e-07,1.3690438271123237e-07,693.5477456669711,16790878.0,441.4073181152344,217.53155517578125,11.70626,20.828988,3,,,,1.0,NVIDIA GeForce RTX 4060 Laptop GPU
twodrop0,1047968,random,widebvh,bary,,7,1024,0.4,,4.617822214289547e-07,4.5912315626318633e-07,79383.66657499985,50691009.0,79175.453125,0.17715199291706085,8.201516999999999,195.685655,0,,,,1.0,NVIDIA GeForce RTX 4060 Laptop GPU
twodrop0,1047968,random,widebvh,bary,,7,1024,0.5,,2.9838931232987177e-06,2.966711071036101e-06,52580.08116733375,27831444.0,52371.01171875,0.17817600071430206,8.120972,195.698602,0,,,,1.0,NVIDIA GeForce RTX 4060 Laptop GPU
twodrop0,1047968,random,widebvh,bary,,7,1024,0.6,,1.6163231332871923e-05,1.607015913691232e-05,15325.665071333788,16790878.0,10699.4423828125,4417.580078125,8.813048,195.664942,0,,,,1.0,NVIDIA GeForce RTX 4060 Laptop GPU
twodrop0,1047968,random,widebvh,bary,,7,1024,0.4,,6.266359589250235e-07,6.23027621980307e-07,3791.4516256666197,50691009.0,3742.422119140625,0.26921600103378296,11.84136,19.664107,3,,,,1.0,NVIDIA GeForce RTX 4060 Laptop GPU
twodrop0,1047968,random,widebvh,bary,,7,1024,0.5,,3.014496989391031e-06,2.997138711906898e-06,2440.039881000606,27831444.0,2397.788818359375,0.27136000990867615,11.972494000000001,21.774467,3,,,,1.0,NVIDIA GeForce RTX 4060 Laptop GPU
twodrop0,1047968,random,widebvh,bary,,7,1024,0.6,,1.616908292948945e-05,1.607597703847619e-05,709.3194883333732,16790878.0,451.6136779785156,223.60169982910156,11.736851999999999,20.32126,3,,,,1.0,NVIDIA GeForce RTX 4060 Laptop GPU
