family,param,P,cfg,n_near,n_far,e_2b,e_near,e_diag,e_far,lin_2b,lin_near,lin_diag,ang_2b,ang_near,ang_diag
uniform,0.025,16,38555,48,72,2.12,0.63713,0.54203,0.0011849,2.3198,0.7384,0.63027,1.5464,0.27494,0.22024
uniform,0.025,16,39205,57,63,2.5155,0.83572,0.78288,0.00058313,2.889,0.99944,0.93265,1.6867,0.42428,0.41184
uniform,0.025,16,39075,58,62,1.3797,0.45822,0.43117,0.0012372,1.4456,0.50522,0.47117,1.0762,0.16979,0.20378
uniform,0.025,16,38686,76,44,2.7402,0.65881,0.57231,0.0001772,3.0481,0.75522,0.66153,1.7845,0.32132,0.24586
uniform,0.025,16,38266,70,50,3.0189,0.67721,0.52185,0.0026157,3.3789,0.69655,0.59209,1.6879,0.62156,0.24391
uniform,0.025,16,39490,59,61,1.2185,0.42471,0.4229,0.0013072,1.3988,0.5058,0.50343,0.75124,0.18223,0.18269
uniform,0.025,32,40221,179,317,3.0059,1.0399,0.95126,0.0016091,3.5966,1.2719,1.1672,1.6018,0.43805,0.3819
uniform,0.025,32,39957,126,370,1.5028,0.75116,0.75163,0.0021109,1.5459,0.8157,0.81662,1.2884,0.32313,0.31864
uniform,0.025,32,40106,149,347,1.6269,0.67906,0.62744,0.0012256,1.6877,0.738,0.68824,1.3889,0.40427,0.32942
uniform,0.025,32,40382,150,346,2.4668,0.94168,0.92435,0.001284,2.6949,1.0615,1.0423,1.566,0.3829,0.37265
uniform,0.025,32,39872,123,373,1.7568,0.68515,0.67525,0.0037022,2.1185,0.82696,0.81438,0.56511,0.21443,0.2161
uniform,0.025,32,40364,137,359,1.1488,0.50044,0.49838,0.00062036,1.2192,0.54184,0.53987,0.82053,0.28817,0.28507
uniform,0.025,48,40683,223,905,2.4259,1.0467,1.0246,0.00113,2.5983,1.1549,1.1334,1.7793,0.58982,0.55911
uniform,0.025,48,40620,201,927,2.215,1.2741,1.2735,0.000476,2.4792,1.4963,1.4953,1.4431,0.47143,0.47273
uniform,0.025,48,40653,242,886,1.8866,0.86569,0.82819,6.707e-05,2.1106,0.97698,0.93293,0.92719,0.36199,0.36013
uniform,0.025,48,40536,230,898,2.6455,1.0438,1.0285,0.0015944,3.2195,1.3206,1.3111,1.5041,0.4105,0.3575
uniform,0.025,48,40698,240,888,2.3005,0.9681,0.89726,0.002434,2.7169,1.1578,1.0676,1.0781,0.37411,0.37867
uniform,0.025,48,40732,229,899,1.7773,0.85692,0.85643,0.00031101,1.9498,0.95753,0.95802,1.0844,0.41361,0.40599
uniform,0.025,64,40991,310,1706,1.7174,0.89362,0.85912,0.00019863,1.9606,1.0422,1.0016,0.87764,0.31256,0.30304
uniform,0.025,64,40906,340,1676,2.8822,1.0779,1.0368,0.0017895,3.1764,1.2141,1.1665,1.7548,0.49605,0.48676
uniform,0.025,64,41018,375,1641,3.0462,1.2616,1.2354,0.0012185,3.436,1.4881,1.4582,1.9307,0.4727,0.45592
uniform,0.025,64,41074,329,1687,2.7286,1.0047,0.9761,0.001599,3.2078,1.2121,1.1777,1.4912,0.40709,0.39458
uniform,0.025,64,41034,280,1736,1.6024,0.81966,0.8459,0.0006134,1.7625,0.92021,0.95233,1.0264,0.42429,0.42135
uniform,0.025,64,40956,371,1645,3.0531,1.4393,1.3866,0.00065131,3.6872,1.7593,1.694,1.2868,0.4858,0.47385
uniform,0.05,16,41507,97,23,2.6652,0.43286,0.35326,0.00036282,2.7035,0.44753,0.36954,2.4715,0.35322,0.26021
uniform,0.05,16,41762,93,27,3.1165,0.37291,0.32939,0.00024975,3.2237,0.39553,0.35523,2.6029,0.25286,0.17903
uniform,0.05,16,41639,94,26,3.5127,0.68831,0.65977,0.00053416,4.7865,0.96466,0.93297,1.6481,0.24076,0.19798
uniform,0.05,16,41998,91,29,5.9443,1.6379,0.45801,0.0033675,7.2479,2.1096,0.58159,3.1506,0.2671,0.14133
uniform,0.05,16,42613,95,25,2.8307,0.92642,0.87077,0.00032317,3.1408,1.0965,1.0496,2.0771,0.41328,0.26817
uniform,0.05,16,42591,90,30,2.4547,0.47346,0.43808,0.0016697,3.0485,0.58253,0.53102,1.1177,0.23626,0.2455
uniform,0.05,32,42629,239,257,3.621,1.0281,0.92568,0.00058185,4.1953,1.1969,1.0969,2.1436,0.58686,0.44686
uniform,0.05,32,42820,227,269,2.4358,0.80834,0.82064,0.00010815,2.6633,0.91722,0.93318,1.6304,0.35048,0.34076
uniform,0.05,32,43261,225,271,3.6399,1.0706,1.0299,0.003169,4.2195,1.2563,1.2021,1.8823,0.4746,0.49181
uniform,0.05,32,43347,260,236,6.4645,1.4099,1.393,0.0052794,7.3097,1.6443,1.6393,4.2531,0.7285,0.64775
uniform,0.05,32,43142,203,293,3.6372,1.4265,1.4135,0.0010836,4.1848,1.6822,1.6746,1.9415,0.52822,0.46575
uniform,0.05,32,43014,244,252,3.6133,1.164,1.1226,0.0022707,3.9777,1.3316,1.2838,2.5148,0.58015,0.56269
uniform,0.05,48,43399,434,694,4.3292,1.544,1.5231,0.0012561,4.7209,1.7172,1.6972,2.7463,0.77406,0.74072
uniform,0.05,48,43504,426,702,4.4364,1.2837,1.2042,0.0034454,4.7929,1.4316,1.3466,3.0118,0.59442,0.52795
uniform,0.05,48,43477,409,719,4.7096,1.2033,1.1536,0.0018239,5.2871,1.3692,1.3211,2.6473,0.57127,0.49152
uniform,0.05,48,43759,402,726,3.5107,1.3586,1.2384,0.00090815,3.8071,1.5445,1.3974,2.5307,0.61057,0.62459
uniform,0.05,48,43435,429,699,4.1119,1.3437,1.3141,0.0018291,4.3023,1.469,1.443,3.2567,0.6477,0.57318
uniform,0.05,48,43741,435,693,3.4036,1.1264,1.0552,0.001067,3.5438,1.2178,1.1419,2.6928,0.56233,0.51607
uniform,0.05,64,43809,593,1423,4.3909,1.4902,1.4167,0.0019488,4.8756,1.6993,1.6157,2.6665,0.6435,0.61037
uniform,0.05,64,43824,549,1467,4.0861,1.4178,1.4038,0.00033605,4.2998,1.5683,1.5552,3.19,0.61322,0.58412
uniform,0.05,64,43816,543,1473,6.0948,1.8952,1.8069,0.0017632,6.4565,2.0467,1.9659,4.2833,1.0576,0.88312
uniform,0.05,64,43934,596,1420,4.3206,1.6403,1.5793,0.0041608,4.5439,1.7918,1.7623,3.4136,0.92056,0.57254
uniform,0.05,64,43889,561,1455,3.378,1.1549,1.0853,0.0020264,3.4046,1.1893,1.1212,3.1838,0.87323,0.78619
uniform,0.05,64,43926,514,1502,4.3891,1.6432,1.5608,0.0022597,4.7906,1.8352,1.786,3.1061,0.97836,0.68572
uniform,0.075,16,44154,112,8,7.0752,1.3465,0.44347,0.0012398,7.8493,1.2123,0.5069,5.059,1.5939,0.26268
uniform,0.075,16,43975,109,11,6.4884,1.2502,0.69168,0.0038049,6.8827,1.4316,0.8166,5.4988,0.68425,0.23333
uniform,0.075,16,44670,101,19,4.5726,0.5931,0.52496,0.00022777,5.1477,0.68619,0.6106,2.7368,0.25669,0.20526
uniform,0.075,16,44614,114,6,6.0673,0.70681,0.41252,0.0049735,6.8516,0.66001,0.49205,4.3905,0.78121,0.21373
uniform,0.075,16,44752,109,11,3.9814,0.9779,0.32154,0.0058597,4.0316,1.0647,0.34645,3.789,0.54578,0.20405
uniform,0.075,16,44277,106,14,3.2653,0.414,0.31752,0.00059949,3.1823,0.37394,0.32505,3.9109,0.66675,0.24271
uniform,0.075,32,45745,312,184,6.0161,1.4679,1.2002,0.0022352,6.0197,1.4499,1.2582,5.9961,1.5637,0.80908
uniform,0.075,32,46086,316,180,5.0955,1.0815,0.84115,0.0026289,5.2388,1.1543,0.90751,4.3503,0.63005,0.39526
uniform,0.075,32,45946,312,184,4.5003,0.9511,0.86672,0.0011889,4.6924,0.99383,0.91335,3.4287,0.7105,0.59326
uniform,0.075,32,45848,320,176,6.4461,1.3022,1.1044,0.0018918,6.9956,1.393,1.251,4.4601,0.98877,0.4549
uniform,0.075,32,45553,353,143,6.8441,1.5668,1.3464,0.0022456,7.2591,1.6984,1.4848,5.1203,0.97015,0.65737
uniform,0.075,32,46118,336,160,7.8078,1.5505,1.3511,0.0044476,9.1886,1.8377,1.6307,4.3197,0.80628,0.56786
uniform,0.075,48,46504,480,648,5.7352,1.7794,1.688,0.0028357,6.3392,2.0092,1.937,3.6799,0.92539,0.67471
uniform,0.075,48,46584,553,575,6.5164,2.0265,1.7979,0.00261,6.9877,2.3148,2.0751,5.0905,0.92287,0.66434
uniform,0.075,48,46655,547,581,5.1207,1.3535,1.3019,0.0018028,5.2636,1.4181,1.3785,4.1969,0.89042,0.71037
uniform,0.075,48,46323,531,597,5.8943,2.309,2.3187,0.0027048,6.3514,2.5683,2.5882,3.8679,0.92901,0.83928
uniform,0.075,48,46624,527,601,6.0443,1.5877,1.4208,0.0023804,6.1409,1.6413,1.5067,5.4815,1.2515,0.79633
uniform,0.075,48,46465,528,600,5.2574,1.3627,1.3018,0.0031545,5.4125,1.4358,1.3762,4.2885,0.84456,0.76147
uniform,0.075,64,46716,764,1252,6.898,2.1774,2.1478,0.0054715,8.6372,2.7847,2.7613,3.2553,0.78504,0.69977
uniform,0.075,64,46677,848,1168,6.8918,1.7595,1.6174,0.0050157,7.2508,1.9116,1.7744,5.3419,1.0056,0.79165
uniform,0.075,64,46718,819,1197,5.7655,1.8966,1.7578,0.0020042,5.84,1.9959,1.854,5.3125,1.1625,1.0351
uniform,0.075,64,46665,734,1282,5.6421,2.0187,1.9154,0.0053759,5.9731,2.2262,2.1127,4.3309,1.0387,0.98236
uniform,0.075,64,46752,743,1273,6.111,1.7609,1.675,0.0014619,6.4853,1.9001,1.829,4.2456,1.0065,0.77076
uniform,0.075,64,46725,761,1255,8.6727,2.3378,2.1328,0.0047795,9.43,2.6296,2.426,6.1574,1.2337,0.95455
uniform,0.1,16,50965,118,2,12.796,1.093,0.38671,0.0024623,16.085,1.3541,0.46033,6.8401,0.63907,0.26976
uniform,0.1,16,50401,116,4,5.3445,0.79986,0.49431,0.005453,5.4957,0.84403,0.539,4.7644,0.61652,0.28146
uniform,0.1,16,50367,117,3,6.3254,0.99919,0.25346,0.0070988,7.6602,1.3126,0.34086,4.3486,0.42366,0.074389
uniform,0.1,16,51104,119,1,6.85,0.65753,0.17561,0.0031211,7.0049,0.67549,0.1948,6.2287,0.58454,0.062495
uniform,0.1,16,51091,117,3,5.1794,0.89821,0.19737,0.006103,4.8368,0.72538,0.18923,7.3242,1.7319,0.25208
uniform,0.1,16,49812,115,5,4.0626,0.48518,0.3075,0.0028843,4.0735,0.48221,0.31489,4.0208,0.49639,0.27745
uniform,0.1,32,51841,378,118,7.574,1.1325,0.92757,0.0035279,7.5469,1.1274,0.93046,7.8587,1.186,0.8958
uniform,0.1,32,51539,362,134,8.2462,1.4224,1.1615,0.0013641,8.8924,1.584,1.2983,6.0106,0.79071,0.6171
uniform,0.1,32,51284,396,100,8.3338,1.1911,1.023,0.0027494,8.3453,1.2124,1.0736,8.2554,1.0361,0.5739
uniform,0.1,32,51278,386,110,9.5169,1.7337,1.482,0.005098,9.9808,1.8732,1.6197,7.375,0.99677,0.69879
uniform,0.1,32,51629,361,135,6.3411,1.1572,0.99132,0.0049479,6.397,1.1962,1.0602,6.0643,0.94741,0.54975
uniform,0.1,32,51406,382,114,10.396,1.5122,1.3871,0.0033774,11.283,1.6562,1.5578,7.23,0.98083,0.68213
uniform,0.1,48,52034,637,491,8.82,2.1316,2.0409,0.0013871,10.011,2.4879,2.4218,5.634,1.0792,0.82267
uniform,0.1,48,52168,585,543,6.3056,1.9711,1.7909,0.0031651,6.465,2.0443,1.8922,5.3179,1.4927,1.051
uniform,0.1,48,52070,680,448,8.5844,2.0653,1.861,0.0031872,9.0078,2.2568,2.0592,6.9382,1.1934,0.89327
uniform,0.1,48,52124,681,447,9.43,1.8585,1.6951,0.0039061,9.6596,1.9687,1.8216,8.1111,1.1087,0.7256
uniform,0.1,48,52230,643,485,10.806,2.7671,2.4627,0.0026007,12.034,3.1089,2.8495,6.5026,1.5245,0.78047
uniform,0.1,48,52241,645,483,7.7065,1.9434,1.8216,0.0014755,7.8225,2.0674,1.9883,7.1953,1.2935,0.7944
uniform,0.1,64,52562,921,1095,9.8881,2.9986,2.7571,0.0053168,10.94,3.3556,3.13,5.8144,1.5375,1.0903
uniform,0.1,64,52482,968,1048,5.9588,2.0203,1.8778,0.0022582,5.9596,2.1031,1.9653,5.9532,1.2015,0.96487
uniform,0.1,64,52495,1021,995,13.632,3.0445,2.695,0.0051863,16.182,3.6437,3.3085,7.2449,1.4969,0.89625
uniform,0.1,64,52428,967,1049,7.9524,2.5605,2.4487,0.0011667,8.5079,2.8302,2.7131,5.4207,1.0833,0.97067
uniform,0.1,64,52552,945,1071,11.208,2.4172,2.1678,0.0061924,11.731,2.5565,2.3486,8.5462,1.6743,1.0572
uniform,0.1,64,52433,889,1127,7.1976,2.0557,1.9805,0.005686,7.6931,2.3083,2.2329,5.5565,1.048,0.95111
uniform,0.15,16,47505,120,0,7.6821,1.2198,0.0036554,0.0036554,7.4825,1.1358,0.002023,8.4369,1.5112,0.0071148
uniform,0.15,16,47616,120,0,13.541,1.3792,0.0043488,0.0043488,15.253,1.4437,0.0047768,9.0444,1.2356,0.0032963
uniform,0.15,16,46989,120,0,7.2269,1.1749,0.0054605,0.0054605,7.5399,1.1359,0.0048386,5.9083,1.3106,0.0073359
uniform,0.15,16,47371,120,0,8.6493,1.1854,0.0080811,0.0080811,8.7712,1.0307,0.0069281,7.8581,1.8746,0.013105
uniform,0.15,16,47249,120,0,10.732,1.1795,0.0078556,0.0078556,12.01,0.95925,0.0049048,6.5518,1.6007,0.012462
uniform,0.15,16,47580,120,0,9.5367,1.7375,0.0077097,0.0077097,9.426,1.8262,0.0035424,10.063,1.2114,0.017021
uniform,0.15,32,48967,442,54,8.565,1.6014,1.1103,0.0025052,8.9126,1.6439,1.217,7.1355,1.4339,0.56241
uniform,0.15,32,48540,429,67,8.1543,1.0782,0.86384,0.0058733,8.4453,1.1287,0.93208,6.5935,0.79471,0.40279
uniform,0.15,32,48760,447,49,17.06,2.7256,1.3405,0.0081693,20.139,3.0895,1.7065,11.12,2.0825,0.40888
uniform,0.15,32,48646,461,35,10.377,1.905,0.99511,0.0039791,10.502,1.9253,1.0633,9.7037,1.796,0.51218
uniform,0.15,32,48958,431,65,10.116,1.8724,1.3363,0.005383,11.14,1.9371,1.534,7.4528,1.7252,0.75219
uniform,0.15,32,49074,444,52,10.485,1.415,0.97987,0.0037104,10.536,1.4429,1.0244,10.204,1.2529,0.68917
uniform,0.15,48,49354,804,324,12.741,2.7176,2.2545,0.0055953,13.615,2.9815,2.5468,9.5864,1.668,0.8876
uniform,0.15,48,49402,801,327,13.49,2.8565,2.4673,0.0045065,14.21,3.1404,2.779,10.847,1.6341,0.90258
uniform,0.15,48,49434,808,320,10.693,2.2018,1.8695,0.0035333,11.011,2.2838,2.021,9.1054,1.7821,0.90235
uniform,0.15,48,49157,834,294,12.656,2.8305,2.3548,0.0045602,13.105,3.0622,2.6027,10.767,1.6701,0.91907
uniform,0.15,48,49159,839,289,15.475,2.4375,1.785,0.0061415,16.146,2.5825,1.9495,12.663,1.7968,0.9479
uniform,0.15,48,49343,811,317,14.276,3.1676,2.5777,0.0042434,16.362,3.7644,3.1181,9.0052,1.4449,0.8565
uniform,0.15,64,49639,1230,786,11.965,2.469,2.0705,0.0060515,11.926,2.5108,2.1458,12.297,2.0647,1.2201
uniform,0.15,64,49557,1221,795,11.883,2.4976,2.0747,0.0040605,12.326,2.6426,2.2361,9.3053,1.5604,0.86909
uniform,0.15,64,49563,1263,753,9.0704,2.2229,1.9841,0.0032696,8.807,2.2,2.029,12.007,2.5036,1.2537
uniform,0.15,64,49654,1235,781,11.479,3.0626,2.6751,0.0031321,12.023,3.2788,2.9161,8.6777,1.8256,1.1027
uniform,0.15,64,49651,1216,800,13.094,3.287,2.7687,0.0040396,13.855,3.5471,3.0627,9.9834,2.1412,1.2912
uniform,0.15,64,49679,1218,798,10.521,2.5656,2.3017,0.00338,10.33,2.6002,2.3719,12.31,2.1796,1.3897
uniform,0.2,16,54679,120,0,11.245,1.0937,0.0031145,0.0031145,10.808,0.99218,0.0022661,13.554,1.5664,0.0060667
uniform,0.2,16,54293,120,0,9.5891,1.1497,0.0021402,0.0021402,9.6052,0.88401,0.0016428,9.5218,1.8883,0.0035206
uniform,0.2,16,54573,120,0,14.531,1.78,0.0084401,0.0084401,14.199,1.561,0.0061007,16.95,3.0001,0.018503
uniform,0.2,16,54394,120,0,15.076,2.1608,0.0074566,0.0074566,15.102,1.8347,0.0041098,14.958,3.2334,0.015084
uniform,0.2,16,53205,120,0,16.871,3.2375,0.013043,0.013043,17.315,3.1196,0.010955,15.516,3.5568,0.017754
uniform,0.2,16,53972,120,0,18.826,2.6761,0.010816,0.010816,21.681,2.5385,0.010055,12.536,2.8957,0.012004
uniform,0.2,32,55059,466,30,19.641,3.0514,1.511,0.012955,20.64,3.2505,1.7357,16.641,2.4323,0.55578
uniform,0.2,32,55140,465,31,12.362,1.3772,0.83273,0.004533,12.363,1.2968,0.84483,12.353,1.9054,0.72783
uniform,0.2,32,55287,472,24,12.497,1.7171,0.84047,0.0054154,12.371,1.4867,0.86441,13.423,2.9282,0.6287
uniform,0.2,32,55258,478,18,13.775,2.3398,0.5885,0.0034139,13.458,2.1947,0.60644,16.056,3.2633,0.42146
uniform,0.2,32,54923,468,28,14.533,2.065,0.70953,0.0051489,13.497,2.0214,0.70847,22.329,2.4544,0.7199
uniform,0.2,32,54968,463,33,17.834,2.8906,1.5631,0.0073947,18.808,2.8127,1.7561,14.648,3.1052,0.76619
uniform,0.2,48,55474,949,179,16.512,2.8452,1.6268,0.0097664,16.804,2.8166,1.7219,15.088,2.9741,1.0822
uniform,0.2,48,55633,905,223,12.402,2.7273,1.9656,0.0058341,12.38,2.7779,2.0898,12.52,2.4327,1.0541
uniform,0.2,48,55697,888,240,12.431,2.4167,1.6845,0.0066356,12.158,2.3411,1.7364,14.39,2.9406,1.2042
uniform,0.2,48,55737,900,228,18.228,2.8151,2.0422,0.0049716,18.492,2.8725,2.173,16.659,2.4669,1.0299
uniform,0.2,48,55568,906,222,10.401,2.0212,1.4785,0.0034647,10.286,1.9787,1.5129,11.299,2.3402,1.1601
uniform,0.2,48,55775,918,210,16.75,2.9596,2.2723,0.0061464,17.125,3.0106,2.4788,14.991,2.7238,0.91796
uniform,0.2,64,55984,1388,628,20.857,4.6015,3.6227,0.0085892,21.836,4.9716,4.0588,17.088,3.0097,1.2914
uniform,0.2,64,55909,1420,596,25.204,5.4235,4.0056,0.013537,32.318,6.8888,5.3659,12.858,2.9497,1.1869
uniform,0.2,64,55943,1392,624,14.964,3.1487,2.2826,0.0064827,14.484,3.1435,2.3787,18.844,3.197,1.0244
uniform,0.2,64,55915,1407,609,19.786,3.4014,2.6343,0.0080465,20.019,3.4421,2.8053,18.381,3.1545,1.24
uniform,0.2,64,55991,1429,587,12.732,2.7607,2.3136,0.0066071,12.686,2.771,2.4181,13.081,2.6799,1.2366
uniform,0.2,64,55912,1394,622,17.465,3.9105,2.9339,0.013531,17.999,4.1568,3.207,14.971,2.6079,1.2011
uniform,0.25,16,52721,120,0,20.509,3.6072,0.015581,0.015581,22.334,2.8231,0.015975,15.753,4.9124,0.014674
uniform,0.25,16,52779,120,0,14.431,2.5803,0.009734,0.009734,15.09,1.8042,0.0092465,11.912,4.2743,0.011239
uniform,0.25,16,52719,120,0,16.213,3.521,0.019091,0.019091,16.361,2.316,0.015458,15.651,6.2039,0.028811
uniform,0.25,16,52905,120,0,13.621,2.039,0.0081002,0.0081002,13.272,1.5853,0.0058484,16.381,4.3206,0.018513
uniform,0.25,16,52657,120,0,16.448,2.3681,0.0062333,0.0062333,15.933,1.9826,0.0052236,18.464,3.5607,0.0093603
uniform,0.25,16,52797,120,0,14.453,2.4167,0.0055797,0.0055797,14.044,2.0613,0.0042412,16.738,3.9469,0.010562
uniform,0.25,32,52930,483,13,17.541,2.4723,0.56984,0.0088865,18.101,2.2296,0.61452,14.839,3.3339,0.30459
uniform,0.25,32,52929,483,13,17.412,2.7248,0.45342,0.007484,16.496,2.4613,0.46548,23.602,4.3114,0.33916
uniform,0.25,32,52984,478,18,29.713,5.3119,1.3616,0.012615,35.048,5.6461,1.6964,18.705,4.7505,0.5237
uniform,0.25,32,52975,480,16,13.623,2.4259,0.5148,0.006971,12.705,1.9393,0.50895,20.195,5.0415,0.56572
uniform,0.25,32,52977,478,18,24.833,3.5799,1.2079,0.014346,27.057,3.4237,1.3668,17.567,3.9667,0.6056
uniform,0.25,32,52980,482,14,20.927,3.5177,1.24,0.01251,22.624,3.5814,1.3834,15.143,3.3314,0.68957
uniform,0.25,48,53020,986,142,22.244,4.1265,1.9423,0.0099379,22.577,4.0434,2.099,20.563,4.5054,0.85008
uniform,0.25,48,53064,981,147,21.224,3.2342,1.6985,0.0091862,21.212,2.9322,1.7841,21.298,4.773,0.95469
uniform,0.25,48,53052,981,147,20.201,3.7111,2.6426,0.011012,20.94,3.5878,2.9114,16.995,4.1598,1.0622
uniform,0.25,48,53057,1004,124,21,3.3901,1.9937,0.0074683,20.879,3.2119,2.0906,21.838,4.4567,1.076
uniform,0.25,48,53106,982,146,18.135,3.1834,1.6867,0.0099037,18.028,3.0577,1.7258,18.754,3.8391,1.4354
uniform,0.25,48,53108,980,148,19.207,3.3404,1.6522,0.0083225,18.816,2.9646,1.7252,21.818,5.3129,0.97633
uniform,0.25,64,53182,1509,507,25.057,3.4833,2.4385,0.0099345,25.028,3.3093,2.5637,25.245,4.4697,1.3383
uniform,0.25,64,53131,1533,483,24.546,5.0809,3.7096,0.0099931,25.92,5.1021,4.0664,18.234,4.9976,1.7205
uniform,0.25,64,53122,1547,469,18.189,4.0152,2.7065,0.007719,17.45,3.79,2.7776,24.226,5.7629,1.88
uniform,0.25,64,53110,1559,457,21.597,4.2313,3.0134,0.008997,21.883,4.1964,3.2273,19.952,4.4178,1.3229
uniform,0.25,64,53162,1581,435,22.01,3.9401,2.6789,0.009156,21.735,3.8024,2.7863,24.034,4.8766,1.622
uniform,0.25,64,53137,1557,459,27.581,4.5237,3.4481,0.0093967,28.07,4.5701,3.6826,24.458,4.2357,1.3766
grown,0.05,8,5702,28,0,15.92,3.4554,0.056402,0.056402,17.599,3.4495,0.04856,10.692,3.4701,0.072222
grown,0.05,8,4348,28,0,13.381,3.163,0.05034,0.05034,12.467,2.4915,0.032871,17.047,5.2861,0.096957
grown,0.05,8,5831,25,3,23.698,6.4629,1.9925,0.092256,25.555,4.7914,2.2531,17.051,9.8727,0.83332
grown,0.05,8,4712,28,0,10.58,2.2341,0.048131,0.048131,8.4883,1.9253,0.036596,21.469,4.0285,0.10424
grown,0.05,8,4797,27,1,9.6328,2.7567,1.2735,0.049437,9.9447,2.3411,1.3824,8.4743,3.8574,0.79269
grown,0.05,8,4399,28,0,13.055,3.6169,0.046446,0.046446,12.883,2.773,0.033829,14.398,7.6033,0.10275
grown,0.05,12,453,64,2,29.001,5.604,2.3871,0.092721,38.118,6.1972,3.1412,14.437,4.9162,1.1783
grown,0.05,12,500,65,1,12.701,3.1927,0.58744,0.067748,11.994,2.3649,0.6053,17.946,7.2507,0.38575
grown,0.05,12,642,66,0,27.829,4.923,0.098156,0.098156,35.242,5.3746,0.095804,17.916,4.4413,0.10038
grown,0.05,12,559,65,1,20.312,4.4691,0.59739,0.062766,19.343,3.507,0.60648,24.06,7.2934,0.55633
grown,0.05,12,114,61,5,23.425,4.6855,0.48482,0.072952,26.781,4.636,0.55876,16.668,4.7641,0.33313
grown,0.05,12,177,65,1,18.073,3.3515,0.29847,0.052575,17.786,2.8863,0.30853,19.915,5.5631,0.21819
grown,0.05,16,1829,107,13,21.561,6.6033,2.7437,0.080182,22.709,6.4126,3.0307,17.238,7.197,1.4342
grown,0.05,16,1993,112,8,17.891,4.7616,1.5404,0.0495,18.425,4.3064,1.6627,15.202,6.4535,0.75677
grown,0.05,16,2505,115,5,20.142,4.8943,2.1056,0.080172,20.472,4.3196,2.4599,19.258,6.1398,0.48452
grown,0.05,16,2410,115,5,39.492,9.0657,2.3505,0.12041,45.495,9.1303,2.8289,25.694,8.9508,1.0752
grown,0.05,16,2462,120,0,14.152,4.2284,0.06214,0.06214,13.994,2.9986,0.055677,14.84,7.5922,0.085253
grown,0.05,16,2284,120,0,30.9,6.9801,0.093193,0.093193,35.12,6.9142,0.084943,19.414,7.1148,0.10832
grown,0.05,24,2867,241,35,20.519,5.4018,1.7131,0.073871,20.253,4.6423,1.7036,22.201,8.9305,1.7745
grown,0.05,24,2803,230,46,25.181,6.8615,4.1623,0.093567,27.118,7.2235,4.8988,20.304,5.9936,1.6487
grown,0.05,24,2774,225,51,18.554,4.078,2.6295,0.055481,17.453,3.7302,2.6795,26.851,6.5142,2.095
grown,0.05,24,3293,234,42,19.98,4.9566,2.7709,0.066633,18.896,3.8997,2.9744,24.181,8.1114,1.59
grown,0.05,24,2611,236,40,22.602,4.7609,3.128,0.061974,23.154,4.3818,3.553,20.766,5.7957,0.91368
grown,0.05,24,3291,243,33,24.801,5.7883,3.142,0.056221,24.626,5.3132,3.2713,26.277,8.92,1.6231
grown,0.05,32,3352,376,120,20.243,6.3455,3.316,0.072595,21.081,5.8016,3.6786,17.317,7.8237,1.7187
grown,0.05,32,3339,417,79,17.146,4.2699,1.9314,0.056747,16.324,3.5886,2.0092,22.706,7.8324,1.1229
grown,0.05,32,3787,402,94,24.797,6.725,3.1466,0.080908,25.841,6.3422,3.5207,21.475,7.731,1.6277
grown,0.05,32,3629,407,89,17.016,5.2308,2.1815,0.064178,16.495,4.3024,2.3172,19.138,8.137,1.4417
grown,0.05,32,3328,406,90,17.307,4.865,2.1114,0.064435,16.655,4.3233,2.1917,21.484,7.7511,1.3893
grown,0.05,32,3825,397,99,19.354,4.5595,1.9526,0.041532,18,3.9409,1.9397,33.632,9.9714,2.1363
grown,0.1,8,10918,28,0,16.315,3.5577,0.024712,0.024712,19.534,3.5375,0.020447,10.02,3.5865,0.02979
grown,0.1,8,11549,27,1,18.225,3.3909,1.0304,0.031963,18.228,3.3126,0.86614,18.21,3.7233,1.57
grown,0.1,8,10193,28,0,12.4,4.033,0.028422,0.028422,13.068,3.8761,0.022817,11.154,4.2901,0.0361
grown,0.1,8,11198,28,0,9.8871,2.4008,0.026885,0.026885,10.967,2.5463,0.020231,8.6236,2.2396,0.03238
grown,0.1,8,10550,25,3,6.3071,1.2895,0.97129,0.023696,6.4314,1.1464,0.96946,5.7953,1.7395,0.97842
grown,0.1,8,10833,27,1,9.9084,2.1727,0.59493,0.01487,8.8215,2.3006,0.63783,13.486,1.5388,0.36946
grown,0.1,12,6425,65,1,7.5489,1.9838,0.31884,0.013735,7.3496,1.8402,0.33336,8.7016,2.7201,0.20478
grown,0.1,12,6728,61,5,9.5592,2.9338,1.2803,0.018866,9.6353,2.5439,1.3411,9.0954,4.6111,0.83312
grown,0.1,12,7089,61,5,21.816,5.3082,2.9059,0.037188,25.704,6.0902,3.6335,13.911,3.8147,1.0827
grown,0.1,12,6054,66,0,20.46,4.3726,0.035532,0.035532,21.339,4.2542,0.02511,18.927,4.5605,0.047972
grown,0.1,12,6061,61,5,10.756,2.7565,1.0383,0.030173,11.349,2.7863,1.2007,9.0933,2.6799,0.40332
grown,0.1,12,7145,61,5,8.4999,3.3008,1.742,0.015036,8.2958,3.2872,1.8354,9.6646,3.3835,0.98669
grown,0.1,16,7690,105,15,23.742,5.4039,2.6614,0.038015,28.783,5.6855,3.4382,14.514,5.004,0.8752
grown,0.1,16,8357,119,1,14.34,2.3464,0.14222,0.022618,13.837,1.8137,0.11834,17.396,4.544,0.2505
grown,0.1,16,7576,118,2,30.857,6.5114,1.5634,0.033256,33.364,5.9536,1.7657,21.431,7.9799,0.61812
grown,0.1,16,8222,103,17,7.8257,1.9457,0.77544,0.010504,7.3092,1.5707,0.7433,12.583,4.4904,1.0988
grown,0.1,16,7772,104,16,10.297,2.2932,0.85085,0.018838,9.6481,1.8752,0.84305,15.436,4.8036,0.92678
grown,0.1,16,7638,118,2,28.334,5.4484,0.83184,0.043895,35.199,4.7746,1.1017,17.924,6.1067,0.34037
grown,0.1,24,8515,233,43,23.052,7.1462,3.3074,0.024574,26.823,7.5189,3.9876,14.164,6.4386,1.4873
grown,0.1,24,8706,241,35,20.655,4.0264,2.2421,0.031461,21.482,3.462,2.4349,17.414,5.5842,1.3542
grown,0.1,24,9152,189,87,11.648,3.1815,1.421,0.019187,11.229,2.8476,1.5197,13.411,4.4035,0.82616
grown,0.1,24,8998,230,46,16.227,3.8267,2.0739,0.015751,15.243,3.5027,2.1282,24.924,6.489,1.2876
grown,0.1,24,8514,228,48,24.166,5.0327,3.2665,0.030167,25.627,4.9503,3.6235,17.962,5.3182,1.3517
grown,0.1,24,8834,256,20,15.88,3.3285,2.0853,0.021164,15.668,2.9154,2.1947,17.302,5.4117,1.0225
grown,0.1,32,9407,343,153,14.67,3.6313,2.777,0.015128,14.028,3.3453,2.7583,23.868,7.1823,3.1151
grown,0.1,32,9460,431,65,23.05,3.8526,2.1069,0.023614,22.629,3.2674,2.1767,25.293,6.1913,1.6594
grown,0.1,32,9453,345,151,11.176,2.6854,1.574,0.015957,10.469,2.2939,1.5404,17.495,5.503,1.927
grown,0.1,32,9311,381,115,28.298,4.7539,2.3967,0.026837,29.963,4.8657,2.6559,21.518,4.3423,1.0884
grown,0.1,32,9611,304,192,18.629,5.2839,3.7722,0.034973,19.974,5.1845,4.367,14.841,5.5191,1.5526
grown,0.1,32,9440,370,126,16.537,4.1233,3.0308,0.021068,16.384,3.8862,3.0837,17.822,5.7921,2.5238
grown,0.2,8,15622,28,0,9.5987,1.7447,0.0057291,0.0057291,9.4708,1.5372,0.003936,10.302,2.636,0.011497
grown,0.2,8,15623,28,0,6.4177,1.4412,0.0055876,0.0055876,6.2634,1.3998,0.0052008,6.895,1.568,0.0066915
grown,0.2,8,16081,27,1,6.9127,0.84089,0.23689,0.0043881,6.634,0.81346,0.25973,7.7485,0.9243,0.13899
grown,0.2,8,15726,28,0,10.011,1.6147,0.007119,0.007119,11.786,1.6528,0.0074866,7.1202,1.5647,0.0066188
grown,0.2,8,17176,28,0,13.646,1.4998,0.0088811,0.0088811,18.689,1.9089,0.0074343,6.5967,1.0144,0.0099765
grown,0.2,8,17546,27,1,8.3787,1.3156,0.49796,0.00408,8.1593,1.0785,0.53512,9.284,2.0572,0.28077
grown,0.2,12,12811,62,4,11.587,2.9001,1.3001,0.0045289,11.749,3.1914,1.4631,11.123,1.8665,0.66299
grown,0.2,12,12286,66,0,9.9929,1.4925,0.0031623,0.0031623,8.7724,1.3991,0.001987,17.475,2.1571,0.0080194
grown,0.2,12,12267,63,3,11.134,2.5508,1.8414,0.0053291,11.956,2.7103,2.1834,8.9797,2.1428,0.49805
grown,0.2,12,12375,64,2,6.9163,1.0966,0.42556,0.0027444,6.6363,1.019,0.39486,9.3191,1.7006,0.66332
grown,0.2,12,12991,64,2,11.256,1.8701,0.20022,0.0051347,12.073,1.7822,0.167,7.5781,2.1597,0.29053
grown,0.2,12,11802,50,16,7.8329,1.3535,0.86801,0.0040838,8.0807,1.1771,0.91295,6.4975,1.9996,0.60416
grown,0.2,16,13910,99,21,16.651,2.8153,2.1577,0.0063088,19.38,3.2311,2.6498,9.7791,1.8113,0.5343
grown,0.2,16,13453,119,1,12.386,1.8896,0.21882,0.0037277,12.627,1.7824,0.2109,11.203,2.3224,0.25228
grown,0.2,16,13822,111,9,8.1702,1.5975,0.51919,0.0033809,7.8949,1.5147,0.53453,9.5325,1.9892,0.4259
grown,0.2,16,13370,111,9,9.781,2.0024,0.79438,0.0067769,11.171,2.162,0.92453,6.7806,1.6958,0.49922
grown,0.2,16,14253,118,2,8.5753,1.6826,0.47962,0.0046559,7.6324,1.4514,0.49518,14.54,3.0606,0.30524
grown,0.2,16,13812,102,18,12.305,2.7185,1.906,0.0077997,14.059,3.045,2.2629,7.3371,1.8495,0.70295
grown,0.2,24,14524,257,19,14.466,2.543,0.97383,0.0074978,15.815,1.8378,1.0938,10.161,3.8057,0.55212
grown,0.2,24,14799,228,48,14.951,3.5802,2.1922,0.0061112,16.169,4.0094,2.6203,12.134,2.5009,0.80943
grown,0.2,24,14908,227,49,10.598,2.5396,1.3966,0.0040957,10.065,2.5385,1.4838,12.941,2.5449,0.83137
grown,0.2,24,14466,229,47,13.725,2.5991,1.0209,0.0055851,14.269,2.5866,1.1034,11.386,2.6468,0.60515
grown,0.2,24,14953,246,30,19.262,3.6865,1.7891,0.0077876,26.509,4.6361,2.5622,9.7708,2.6507,0.63777
grown,0.2,24,15079,230,46,11.897,2.6271,1.4836,0.0043405,11.668,2.4379,1.5207,13.586,3.813,1.1457
grown,0.2,32,15376,326,170,20.078,4.3966,3.2365,0.0066338,22.178,4.9291,3.7895,13.996,2.7813,1.185
grown,0.2,32,15145,303,193,12.047,2.1009,1.5287,0.004001,12.164,2.0341,1.5875,11.234,2.499,1.0582
grown,0.2,32,15474,392,104,11.462,2.7379,1.9722,0.0038828,11.133,2.5889,2.0414,13.959,3.7783,1.2325
grown,0.2,32,15282,385,111,17.304,4.1822,2.6503,0.0081722,19.829,4.5843,3.2559,11.795,3.3857,0.95308
grown,0.2,32,15594,373,123,16.468,3.0064,2.186,0.0058592,17.513,3.0083,2.3869,11.365,2.999,1.0521
grown,0.2,32,15435,409,87,14.251,2.7153,1.5344,0.0046069,13.749,2.6607,1.5822,16.774,3.0018,1.2351
grown,0.3,8,23028,28,0,9.762,1.5369,0.0024428,0.0024428,15.816,1.9739,0.0032477,2.9592,1.2267,0.001846
grown,0.3,8,22070,28,0,8.7103,1.6804,0.0021575,0.0021575,8.9177,1.7083,0.0018939,8.2693,1.6218,0.002616
grown,0.3,8,23172,28,0,7.0762,1.3168,0.0013348,0.0013348,7.838,1.1464,0.0011974,5.0683,1.6231,0.0015902
grown,0.3,8,22986,26,2,5.4451,0.92808,0.73353,0.00082906,5.2664,0.93847,0.76467,6.9917,0.81632,0.26294
grown,0.3,8,22342,27,1,7.7785,1.5398,0.68988,0.001993,9.0542,1.9632,0.88675,5.4658,0.50492,0.18218
grown,0.3,8,23418,27,1,7.4736,1.0515,0.3061,0.0016293,9.173,1.3751,0.4101,5.5256,0.6348,0.16439
grown,0.3,12,18927,54,12,5.8769,0.969,0.47605,0.0010035,6.1866,0.92379,0.47402,4.3578,1.138,0.48441
grown,0.3,12,18599,66,0,7.8816,1.2486,0.0020895,0.0020895,9.2848,1.409,0.0021914,5.8577,1.0329,0.0019654
grown,0.3,12,18947,65,1,11.283,1.8558,0.18203,0.0020096,12.553,2.1141,0.20619,8.2156,1.1913,0.12091
grown,0.3,12,19056,64,2,5.8963,0.96149,0.58076,0.0012548,5.9956,0.91145,0.63167,5.5354,1.1189,0.34882
grown,0.3,12,18409,60,6,8.63,1.3635,0.3955,0.0016123,8.4085,1.0718,0.42092,9.6488,2.3162,0.23236
grown,0.3,12,18864,58,8,6.5954,1.7081,1.1047,0.0015667,7.176,1.7694,1.2392,4.734,1.5348,0.62337
grown,0.3,16,20067,106,14,7.696,1.228,0.97397,0.0010987,7.7577,1.2724,1.0466,7.361,0.95963,0.4158
grown,0.3,16,19957,115,5,10.4,1.7561,0.87542,0.0021591,11.11,1.8212,1.025,8.5907,1.5998,0.35606
grown,0.3,16,19411,106,14,11.813,1.7314,0.73072,0.0012705,12.896,1.8877,0.81153,7.68,1.1377,0.39816
grown,0.3,16,20068,104,16,9.4557,2.0413,1.5113,0.002546,10.399,2.2757,1.7978,7.2458,1.4735,0.64428
grown,0.3,16,20218,112,8,9.3106,1.1481,0.4802,0.0016498,10.474,1.1006,0.55307,6.7111,1.2294,0.30705
grown,0.3,16,20111,110,10,9.2945,2.1645,1.128,0.0017786,9.5847,2.239,1.2682,8.3195,1.9123,0.46881
grown,0.3,24,20731,246,30,11.627,1.754,0.93397,0.0015115,12.306,1.688,1.0376,9.1138,1.951,0.46532
grown,0.3,24,20353,179,97,8.5301,2.1898,1.4462,0.0016547,9.1418,2.3277,1.6745,6.9965,1.8501,0.72255
grown,0.3,24,20700,199,77,10.444,1.9857,1.8542,0.0012285,10.526,2.1147,2.0246,10.093,1.3107,0.81153
grown,0.3,24,20736,215,61,9.8634,1.7086,1.1643,0.0015163,10.454,1.7019,1.2677,7.4961,1.7313,0.70387
grown,0.3,24,20342,236,40,12.876,2.1663,1.4067,0.0023447,14.849,2.368,1.68,7.9522,1.7258,0.63037
grown,0.3,24,20915,189,87,10.193,2.1944,1.7297,0.0016209,11.233,2.4718,1.9732,7.2939,1.3671,0.96985
grown,0.3,32,21458,315,181,11.221,1.9095,1.4612,0.0020014,12.583,2.0495,1.6739,7.5738,1.5729,0.8518
grown,0.3,32,21284,319,177,7.9679,1.6283,1.2265,0.0011061,7.9608,1.689,1.2834,8.0043,1.2705,0.8772
grown,0.3,32,21072,401,95,12.051,1.9741,1.3729,0.0015183,12.056,2.0047,1.4405,12.027,1.7902,0.8949
grown,0.3,32,21014,342,154,11.043,2.1316,1.3254,0.0016699,11.505,2.1771,1.3972,8.8388,1.9282,0.96656
grown,0.3,32,21087,342,154,11.031,2.2893,1.8567,0.0014156,10.588,2.3105,1.9309,13.455,2.1537,1.3065
grown,0.3,32,21192,321,175,7.2981,1.4131,1.1645,0.0012628,7.2863,1.4457,1.2349,7.3543,1.2457,0.74026
grown,0.5,8,28968,28,0,4.7416,0.59925,0.00027759,0.00027759,5.0462,0.58707,0.00020865,3.7866,0.63133,0.00041067
grown,0.5,8,27621,28,0,4.1051,0.4736,0.00027326,0.00027326,4.8284,0.52206,0.0002385,3.0706,0.41094,0.00030838
grown,0.5,8,27489,28,0,5.3406,0.69463,0.00037898,0.00037898,6.0755,0.78422,0.00030102,3.4987,0.47477,0.00049649
grown,0.5,8,27398,28,0,4.5384,0.59767,0.00030084,0.00030084,5.6422,0.72099,0.0002419,2.2728,0.36593,0.00036666
grown,0.5,8,29141,22,6,5.6831,1.9505,1.6607,0.00048391,6.9104,2.7932,2.3702,4.3082,0.50154,0.46492
grown,0.5,8,27588,28,0,6.1583,0.74899,0.00044166,0.00044166,7.029,0.81065,0.00036813,4.3705,0.6351,0.00054099
grown,0.5,12,24986,64,2,3.9032,0.52501,0.4838,0.0001583,3.9619,0.53422,0.5082,3.4518,0.45327,0.24485
grown,0.5,12,24153,52,14,4.1231,0.61719,0.47066,0.00026656,4.9831,0.71176,0.55248,2.2243,0.43302,0.30442
grown,0.5,12,24478,66,0,7.1963,0.44999,0.00031694,0.00031694,7.3273,0.47607,0.00023183,6.7788,0.35838,0.00049362
grown,0.5,12,25047,65,1,5.6052,0.87353,0.25397,0.00036036,6.841,1.0678,0.32008,3.3589,0.51897,0.12172
grown,0.5,12,24895,62,4,4.2645,0.52784,0.20891,0.00022685,4.1311,0.54272,0.22051,5.0709,0.4142,0.10079
grown,0.5,12,24476,65,1,5.3803,0.66732,0.1429,0.00026971,5.2714,0.61106,0.1514,5.8544,0.88056,0.09451
grown,0.5,16,25151,105,15,9.3458,1.3833,0.84605,0.00043656,12.207,1.7094,1.0824,3.3561,0.81836,0.39181
grown,0.5,16,25486,103,17,6.465,0.90661,0.64115,0.00028137,7.0339,0.94164,0.6926,3.9667,0.77603,0.42215
grown,0.5,16,25285,97,23,4.5519,0.73509,0.5821,0.00028238,4.8128,0.77354,0.63528,3.6728,0.60723,0.38374
grown,0.5,16,25262,77,43,5.0003,1.0117,0.82138,0.00032253,5.7825,1.1416,1.0025,3.1777,0.72767,0.30135
grown,0.5,16,25125,80,40,3.8276,0.95218,0.85792,0.00016346,3.6897,0.97549,0.87779,4.857,0.72028,0.66203
grown,0.5,16,25399,95,25,5.2022,1.0231,0.93258,0.00030596,4.9855,1.087,1.0047,6.0263,0.69407,0.53338
grown,0.5,24,26712,218,58,6.5159,1.1346,0.91791,0.0002536,7.0283,1.2616,1.0366,4.9672,0.71245,0.49824
grown,0.5,24,26710,199,77,8.4302,1.7274,1.3317,0.000418,9.319,2.0587,1.6285,6.6252,0.90705,0.50984
grown,0.5,24,26491,209,67,6.2393,1.9547,1.6763,0.00037565,6.9316,2.313,2.0319,4.7137,1.0091,0.62748
grown,0.5,24,26799,194,82,4.827,1.0926,0.90704,0.00021505,4.6941,1.1069,0.93647,5.5129,1.0082,0.71998
grown,0.5,24,26395,147,129,8.0083,1.2988,1.1073,0.00036733,8.5756,1.4154,1.1989,5.8749,0.83093,0.74926
grown,0.5,24,26606,208,68,5.5377,1.1468,0.99596,0.00033284,5.5269,1.2117,1.0734,5.5795,0.8462,0.60387
grown,0.5,32,27388,289,207,7.0691,1.6789,1.4307,0.00024897,7.4976,1.8184,1.5636,5.1759,1.0031,0.75429
grown,0.5,32,27280,313,183,8.6788,1.6776,1.3714,0.00039764,9.5554,1.8712,1.5499,5.5713,0.95483,0.65987
grown,0.5,32,27269,343,153,8.993,1.5701,1.3642,0.00036956,10.673,1.8055,1.6494,4.8972,1.0474,0.61746
grown,0.5,32,27149,313,183,7.7097,1.7194,1.5505,0.00034742,7.9739,1.8139,1.6665,6.4166,1.2181,0.87101
grown,0.5,32,27320,336,160,7.8381,1.2601,1.024,0.00026403,8.3627,1.2959,1.1043,5.3843,1.1125,0.62935
grown,0.5,32,27020,335,161,9.9431,2.11,1.8548,0.00034591,11.149,2.452,2.1571,6.7204,1.0756,0.93764
grown,1,8,35148,23,5,1.7226,0.3686,0.35552,3.8505e-05,1.8222,0.38303,0.37316,1.4457,0.33004,0.30734
grown,1,8,33608,18,10,1.931,0.3323,0.32473,2.6607e-05,2.2798,0.37127,0.35782,0.8235,0.23126,0.24193
grown,1,8,33493,26,2,2.9941,0.36696,0.30667,4.7549e-05,4.131,0.48602,0.40259,1.1173,0.19474,0.17098
grown,1,8,33414,26,2,1.8195,0.39369,0.37583,3.286e-05,2.0869,0.46498,0.44604,0.9318,0.10895,0.079429
grown,1,8,33757,20,8,1.3652,0.36611,0.33673,3.2364e-05,1.4644,0.40832,0.37527,1.1262,0.25435,0.23488
grown,1,8,34380,20,8,1.5223,0.57469,0.53912,3.7779e-05,1.5907,0.61333,0.57198,1.2363,0.40015,0.39413
grown,1,12,30938,52,14,2.4357,0.39063,0.31932,4.0133e-05,2.7103,0.46405,0.37959,1.7687,0.16751,0.13553
grown,1,12,29448,48,18,2.0431,0.38022,0.30251,4.2454e-05,2.5054,0.4779,0.37638,1.0432,0.14685,0.13385
grown,1,12,30553,54,12,2.6165,0.44815,0.36076,4.2149e-05,2.7742,0.50832,0.40893,2.1803,0.24319,0.19713
grown,1,12,30035,41,25,1.5899,0.34016,0.32707,3.0806e-05,1.9039,0.41412,0.40537,0.8531,0.15552,0.11353
grown,1,12,29621,51,15,2.6866,0.42066,0.32102,4.1764e-05,2.9942,0.50015,0.38456,2.0534,0.22638,0.16143
grown,1,12,30420,47,19,2.5925,0.48711,0.47596,3.6608e-05,2.9324,0.56565,0.55293,1.3406,0.14297,0.1373
grown,1,16,31254,79,41,2.5604,0.89281,0.8919,5.727e-05,3.5161,1.2961,1.3104,1.3787,0.29909,0.23834
grown,1,16,31449,84,36,3.0166,0.43543,0.40479,5.5184e-05,3.5491,0.51302,0.48193,1.7813,0.25459,0.21878
grown,1,16,31169,78,42,2.1314,0.39856,0.40472,3.1144e-05,2.1805,0.42203,0.42974,1.8354,0.22812,0.21906
grown,1,16,31171,83,37,2.9146,0.78003,0.73207,5.102e-05,3.2292,0.92626,0.86809,2.1816,0.3554,0.33969
grown,1,16,31263,86,34,3.9002,0.80486,0.72189,4.7683e-05,4.9358,1.0987,0.98675,2.3672,0.24603,0.21444
grown,1,16,31950,94,26,3.3348,0.47846,0.45075,5.1538e-05,3.9406,0.59083,0.56585,2.0757,0.20784,0.1494
grown,1,24,32653,155,121,4.0304,0.79509,0.72189,4.2086e-05,4.481,0.86424,0.77854,2.25,0.5455,0.52279
grown,1,24,32404,131,145,2.6653,0.77458,0.77838,3.8206e-05,2.76,0.84474,0.85479,2.2668,0.40673,0.35849
grown,1,24,32645,122,154,2.641,0.66564,0.62194,4.0719e-05,2.9055,0.72316,0.67347,1.3779,0.40831,0.39483
grown,1,24,32375,136,140,2.0679,0.71619,0.69988,3.2425e-05,2.0799,0.75754,0.73959,2.0051,0.44589,0.4418
grown,1,24,32514,143,133,2.3104,0.78939,0.77669,3.0924e-05,2.4414,0.86377,0.85262,1.7186,0.39013,0.35971
grown,1,24,32754,131,145,3.7944,0.88702,0.83081,5.2329e-05,4.8222,1.1489,1.0815,1.7464,0.3217,0.27565
grown,1,32,32986,270,226,3.9163,0.95542,0.9019,4.9678e-05,4.7624,1.192,1.1259,1.8606,0.30187,0.28088
grown,1,32,33108,209,287,3.8277,1.1095,1.0557,5.9211e-05,4.201,1.2695,1.2064,2.634,0.50098,0.48687
grown,1,32,33170,225,271,3.8937,1.1761,1.1351,5.2709e-05,4.4368,1.414,1.3665,2.5709,0.46745,0.44052
grown,1,32,33198,223,273,2.3643,0.86554,0.87062,3.9252e-05,2.538,0.94467,0.95144,1.4441,0.39946,0.38973
grown,1,32,33118,214,282,3.2691,0.95822,0.94653,4.6101e-05,3.6608,1.1068,1.0957,2.0694,0.44051,0.42075
grown,1,32,33199,229,267,2.5234,0.84739,0.88391,4.4066e-05,2.5927,0.90355,0.94714,2.1556,0.49111,0.46879
lattice,0.05,32,35435,203,293,1.4852,0.53247,0.5432,1.5834e-05,1.881,0.68924,0.70331,0.56292,0.10949,0.11001
lattice,0.05,32,37364,177,319,1.3837,0.65378,0.63806,2.3421e-05,1.5606,0.75789,0.73865,0.76713,0.23079,0.23357
lattice,0.05,32,37480,201,295,1.3283,0.57443,0.54058,1.4747e-05,1.4972,0.66049,0.61955,0.73747,0.24136,0.24077
lattice,0.05,32,35385,203,293,1.5284,0.68349,0.68334,1.6036e-05,1.8009,0.82412,0.82399,0.67432,0.16606,0.16544
lattice,0.05,32,37402,189,307,2.0354,0.80237,0.80025,2.3232e-05,2.3841,0.95429,0.95221,0.82064,0.20742,0.20225
lattice,0.05,32,37302,194,302,1.8366,0.86553,0.82362,2.3197e-05,2.0939,1.0053,0.95509,0.89703,0.29175,0.2907
lattice,0.05,64,35585,482,1534,1.6726,0.70198,0.63636,1.307e-05,1.9167,0.80976,0.73219,0.60964,0.20408,0.20462
lattice,0.05,64,36550,471,1545,1.7576,0.76789,0.71586,1.3507e-05,1.9517,0.85978,0.80045,0.69207,0.21739,0.21745
lattice,0.05,64,37545,452,1564,2.0034,0.97571,0.94279,1.7721e-05,2.2431,1.1042,1.0662,0.8833,0.32084,0.31872
lattice,0.05,64,36588,464,1552,2.099,0.88138,0.8346,1.5644e-05,2.3194,0.98327,0.93004,0.86754,0.25318,0.25431
lattice,0.05,64,36604,467,1549,1.5281,0.82099,0.8197,1.5591e-05,1.7931,0.97888,0.97739,0.61153,0.20195,0.20105
lattice,0.05,64,36605,467,1549,1.323,0.75747,0.76188,1.0615e-05,1.3961,0.81047,0.8153,0.73483,0.26011,0.25967
lattice,0.1,32,37895,311,185,3.4294,0.67459,0.67796,6.7218e-05,3.4197,0.70433,0.70901,3.5003,0.38911,0.37509
lattice,0.1,32,38106,307,189,3.2198,0.75367,0.75651,7.8949e-05,3.2431,0.78635,0.79109,3.0509,0.46234,0.44243
lattice,0.1,32,36983,301,195,3.3736,0.99227,1.0177,3.3073e-05,3.5563,1.0901,1.1184,2.3716,0.24256,0.23978
lattice,0.1,32,37995,288,208,3.1577,1.0397,0.96713,6.7531e-05,3.382,1.1437,1.0618,2.0526,0.43567,0.42542
lattice,0.1,32,37118,292,204,2.9489,1.0048,0.94217,2.8864e-05,3.091,1.0792,1.0112,1.9663,0.36941,0.35852
lattice,0.1,32,37935,294,202,4.5486,1.0888,1.0402,0.00015064,5.1376,1.2793,1.2226,2.7172,0.3653,0.34584
lattice,0.1,64,36240,828,1188,3.5613,1.118,1.1192,2.6758e-05,3.6608,1.1854,1.1869,2.7227,0.33308,0.32572
lattice,0.1,64,37190,799,1217,5.2733,1.9148,1.9074,4.2688e-05,5.9268,2.2208,2.2131,2.7405,0.39626,0.38139
lattice,0.1,64,37198,769,1247,3.9963,1.6793,1.7365,3.3923e-05,4.2673,1.8557,1.9196,2.532,0.3977,0.39723
lattice,0.1,64,38197,809,1207,5.9689,1.8402,1.755,0.0009868,6.9516,2.2293,2.1261,3.2721,0.52708,0.50314
lattice,0.1,64,38171,790,1226,4.495,1.4496,1.4009,0.0001792,4.7213,1.5567,1.5032,3.0779,0.66691,0.65889
lattice,0.1,64,37204,785,1231,5.309,1.7248,1.6545,3.9365e-05,6.2048,2.047,1.9624,2.0483,0.38551,0.38423
lattice,0.15,32,35852,395,101,6.3244,1.0679,0.9972,7.2451e-05,6.6424,1.1625,1.0906,4.6315,0.43672,0.34307
lattice,0.15,32,37756,379,117,4.3962,0.87435,0.83963,0.00042532,4.367,0.90927,0.87778,4.6114,0.54108,0.45685
lattice,0.15,32,36676,395,101,6.6587,1.7316,1.6419,0.00011786,7.4968,2.0083,1.9059,3.4639,0.42145,0.37614
lattice,0.15,32,35661,395,101,4.5335,1.0404,0.93244,7.9173e-05,4.9626,1.1725,1.0522,2.7759,0.40118,0.34686
lattice,0.15,32,35737,395,101,5.0717,0.92987,0.90894,6.6891e-05,5.38,1.0239,1.0037,3.5902,0.36448,0.32366
lattice,0.15,32,35814,395,101,5.4453,1.3624,1.3105,8.0768e-05,5.9626,1.5492,1.4929,3.349,0.39636,0.34762
lattice,0.15,64,35904,1089,927,9.4782,2.3646,2.2535,0.00010542,10.949,2.8487,2.7175,5.1801,0.54735,0.49328
lattice,0.15,64,37875,1069,947,5.3922,1.4365,1.3668,0.0024113,5.3325,1.463,1.3937,6.1786,0.98622,0.90102
lattice,0.15,64,37831,1065,951,10.666,2.5956,2.4844,0.010018,12.037,3.0332,2.9106,6.0343,0.78504,0.6764
lattice,0.15,64,35953,1089,927,7.8789,1.9107,1.8268,9.3426e-05,8.9042,2.2339,2.1381,4.3248,0.52344,0.4751
lattice,0.15,64,37847,1068,948,6.7315,1.7339,1.7125,0.0037812,6.7433,1.7989,1.7851,6.6284,1.0065,0.85129
lattice,0.15,64,36866,1088,928,7.7495,2.2721,2.2436,0.0001105,8.4184,2.5574,2.5286,4.7287,0.60048,0.54136
